scenario,slice,metric,agent_a,agent_b,n_paired_seeds,paired_seeds,seed_set_matches_reference,mean_a,mean_b,mean_delta,ci_lower,ci_upper,ci_method,p_value,p_value_paired_t,effect_size_dz,effect_size_label,favored_agent,family,family_size,p_value_holm,p_value_bh,p_value_paired_t_holm,p_value_paired_t_bh
treatment_allocation_confounding,overall,success_rate,baseline,causal_light,12,"0,1,2,3,4,5,6,7,8,9,10,11",True,0.6441666666666667,0.7066666666666666,-0.06250000000000001,-0.06778858264494413,-0.057211417355055895,student_t,0.00048828125,3.1386870633936833e-11,-7.508742535388292,large,causal_light,treatment_allocation_confounding::overall,40,0.01953125,0.0007512019230769231,9.102192483841682e-10,9.78415139302037e-11
treatment_allocation_confounding,overall,near_optimal_rate,baseline,causal_light,12,"0,1,2,3,4,5,6,7,8,9,10,11",True,0.9325555555555556,0.9951944444444444,-0.06263888888888887,-0.06532765518393324,-0.059950122593844496,student_t,0.00048828125,1.909200883589287e-14,-14.801900530093516,large,causal_light,treatment_allocation_confounding::overall,40,0.01953125,0.0007512019230769231,6.491283004203576e-13,1.0909719334795925e-13
treatment_allocation_confounding,overall,avg_cost,baseline,causal_light,12,"0,1,2,3,4,5,6,7,8,9,10,11",True,0.4325097222222221,0.3613125,0.0711972222222222,0.06635856606147204,0.07603587838297236,student_t,0.00048828125,2.898225538993334e-12,9.348991810765822,large,causal_light,treatment_allocation_confounding::overall,40,0.01953125,0.0007512019230769231,8.984499170879336e-11,1.1592902155973337e-11
treatment_allocation_confounding,overall,fairness_gap_ses,baseline,causal_light,12,"0,1,2,3,4,5,6,7,8,9,10,11",True,0.06571667773088827,0.029540538523128174,0.0361761392077601,0.03311132871975491,0.03924094969576528,student_t,0.00048828125,3.17984920273162e-11,7.499720569063313,large,causal_light,treatment_allocation_confounding::overall,40,0.01953125,0.0007512019230769231,9.102192483841682e-10,9.78415139302037e-11
treatment_allocation_confounding,normal,success_rate,baseline,causal_light,12,"0,1,2,3,4,5,6,7,8,9,10,11",True,0.6503333333333333,0.7098333333333334,-0.05949999999999996,-0.06903824365149211,-0.049961756348507816,student_t,0.00048828125,2.8816466758889234e-08,-3.9634651595537407,large,causal_light,treatment_allocation_confounding::normal,40,0.01953125,0.0008491847826086956,8.068610692488986e-07,8.866605156581303e-08
treatment_allocation_confounding,normal,near_optimal_rate,baseline,causal_light,12,"0,1,2,3,4,5,6,7,8,9,10,11",True,0.9474166666666665,0.9958333333333332,-0.04841666666666671,-0.05179460837034582,-0.0450387249629876,student_t,0.00048828125,3.8570073091623464e-12,-9.106871894196757,large,causal_light,treatment_allocation_confounding::normal,40,0.01953125,0.0008491847826086956,1.3113824851151978e-10,2.2040041766641978e-11
treatment_allocation_confounding,normal,avg_cost,baseline,causal_light,12,"0,1,2,3,4,5,6,7,8,9,10,11",True,0.4185583333333333,0.35870833333333324,0.059850000000000014,0.052931429056000734,0.0667685709439993,student_t,0.00048828125,9.053458387687905e-10,5.496348320251118,large,causal_light,treatment_allocation_confounding::normal,40,0.01953125,0.0008491847826086956,2.7160375163063716e-08,3.2921666864319657e-09
treatment_allocation_confounding,normal,fairness_gap_ses,baseline,causal_light,12,"0,1,2,3,4,5,6,7,8,9,10,11",True,0.07637281643608342,0.044166135760856096,0.03220668067522733,0.02590880138064656,0.03850455996980809,student_t,0.00048828125,2.2404084268379807e-07,3.249212579876594,large,causal_light,treatment_allocation_confounding::normal,40,0.01953125,0.0008491847826086956,5.601021067094952e-06,5.601021067094952e-07
treatment_allocation_confounding,surface_shift,success_rate,baseline,causal_light,12,"0,1,2,3,4,5,6,7,8,9,10,11",True,0.67625,0.7141666666666665,-0.037916666666666606,-0.04475690207090082,-0.03107643126243239,student_t,0.00048828125,9.80958345750421e-08,-3.5219695260213064,large,causal_light,treatment_allocation_confounding::surface_shift,40,0.01953125,0.0011488970588235295,2.844779202676221e-06,3.2698611525014035e-07
treatment_allocation_confounding,surface_shift,near_optimal_rate,baseline,causal_light,12,"0,1,2,3,4,5,6,7,8,9,10,11",True,0.9688333333333333,0.99825,-0.02941666666666669,-0.034041897212788115,-0.024791436120545268,student_t,0.00048828125,2.3536428394036465e-08,-4.0409787395158325,large,causal_light,treatment_allocation_confounding::surface_shift,40,0.01953125,0.0011488970588235295,7.296292802151305e-07,8.935942691886997e-08
treatment_allocation_confounding,surface_shift,avg_cost,baseline,causal_light,12,"0,1,2,3,4,5,6,7,8,9,10,11",True,0.3836583333333332,0.3458249999999999,0.03783333333333332,0.02924871810574549,0.04641794856092116,student_t,0.00048828125,1.0014797216131018e-06,2.8001433416993535,large,causal_light,treatment_allocation_confounding::surface_shift,40,0.01953125,0.0011488970588235295,2.804143220516685e-05,3.081476066501852e-06
treatment_allocation_confounding,surface_shift,fairness_gap_ses,baseline,causal_light,12,"0,1,2,3,4,5,6,7,8,9,10,11",True,0.01819440050903006,0.016862288114299528,0.0013321123947305318,-0.0034208104048301198,0.006085035194291184,student_t,0.54345703125,0.549871755064632,0.17807649554167038,negligible,causal_light,treatment_allocation_confounding::surface_shift,40,1.0,0.6393612132352942,1.0,0.6469079471348612
treatment_allocation_confounding,adversarial,success_rate,baseline,causal_light,12,"0,1,2,3,4,5,6,7,8,9,10,11",True,0.6059166666666665,0.6960000000000001,-0.09008333333333333,-0.09982697644219582,-0.08033969022447085,student_t,0.00048828125,4.439031344675297e-10,-5.874211390338759,large,causal_light,treatment_allocation_confounding::adversarial,40,0.01953125,0.0006734913793103449,1.376099716849342e-08,1.7756125378701189e-09
treatment_allocation_confounding,adversarial,near_optimal_rate,baseline,causal_light,12,"0,1,2,3,4,5,6,7,8,9,10,11",True,0.8814166666666668,0.9915000000000003,-0.11008333333333331,-0.11549811424723268,-0.10466855241943394,student_t,0.00048828125,8.484580749180584e-14,-12.917163998361955,large,causal_light,treatment_allocation_confounding::adversarial,40,0.01953125,0.0006734913793103449,2.8847574547213988e-12,4.848331856674619e-13
treatment_allocation_confounding,adversarial,avg_cost,baseline,causal_light,12,"0,1,2,3,4,5,6,7,8,9,10,11",True,0.4953124999999999,0.3794041666666666,0.11590833333333332,0.10733145405712909,0.12448521260953756,student_t,0.00048828125,7.317666999887335e-12,8.586414608055064,large,causal_light,treatment_allocation_confounding::adversarial,40,0.01953125,0.0006734913793103449,2.341653439963947e-10,3.252296444394371e-11
treatment_allocation_confounding,adversarial,fairness_gap_ses,baseline,causal_light,12,"0,1,2,3,4,5,6,7,8,9,10,11",True,0.10854271358594247,0.050582978451983375,0.05795973513395911,0.05154392649046048,0.06437554377745774,student_t,0.00048828125,5.69004694663678e-10,5.739862398639622,large,causal_light,treatment_allocation_confounding::adversarial,40,0.01953125,0.0006734913793103449,1.707014083991034e-08,2.069107980595193e-09
treatment_allocation_confounding,degradation,success_rate_drop,baseline,causal_light,12,"0,1,2,3,4,5,6,7,8,9,10,11",True,0.044416666666666695,0.013833333333333336,0.03058333333333336,0.015347803822904186,0.045818862843762534,student_t,0.00341796875,0.0010316042639860778,1.2754215679967298,large,causal_light,treatment_allocation_confounding::degradation,30,0.041015625,0.005396792763157895,0.0146767173062991,0.0018204781129166079
treatment_allocation_confounding,degradation,fairness_gap_increase,baseline,causal_light,12,"0,1,2,3,4,5,6,7,8,9,10,11",True,0.032169897149859066,0.006416842691127276,0.02575305445873179,0.014684017761987628,0.03682209115547595,student_t,0.00048828125,0.00033306450317156024,1.4782415676697203,large,causal_light,treatment_allocation_confounding::degradation,30,0.0146484375,0.0013316761363636363,0.005995161057088084,0.0007686103919343698
treatment_allocation_confounding,degradation,near_optimal_rate_drop,baseline,causal_light,12,"0,1,2,3,4,5,6,7,8,9,10,11",True,0.06599999999999995,0.0043333333333333375,0.06166666666666661,0.05431505806585515,0.06901827526747807,student_t,0.00048828125,1.2585387454271225e-09,5.329599662615781,large,causal_light,treatment_allocation_confounding::degradation,30,0.0146484375,0.0013316761363636363,3.7756162362813675e-08,3.7756162362813675e-08
treatment_allocation_confounding,overall,success_rate,baseline,stability_filtered,12,"0,1,2,3,4,5,6,7,8,9,10,11",True,0.6441666666666667,0.6809999999999999,-0.03683333333333333,-0.06610641367453499,-0.007560252992131672,student_t,0.01318359375,0.018245720994834413,-0.7994643273094008,medium,stability_filtered,treatment_allocation_confounding::overall,40,0.14501953125,0.017578125,0.20070293094317854,0.02432762799311255
treatment_allocation_confounding,overall,near_optimal_rate,baseline,stability_filtered,12,"0,1,2,3,4,5,6,7,8,9,10,11",True,0.9325555555555556,0.9951111111111111,-0.06255555555555554,-0.06623089760111463,-0.058880213509996455,student_t,0.00048828125,5.920974430883478e-13,-10.814205394024706,large,stability_filtered,treatment_allocation_confounding::overall,40,0.01953125,0.0007512019230769231,1.894711817882713e-11,2.631544191503768e-12
treatment_allocation_confounding,overall,avg_cost,baseline,stability_filtered,12,"0,1,2,3,4,5,6,7,8,9,10,11",True,0.4325097222222221,0.3573333333333333,0.07517638888888885,0.01786596296485323,0.13248681481292446,student_t,0.00048828125,0.014781786372061791,0.8334399532486995,large,stability_filtered,treatment_allocation_confounding::overall,40,0.01953125,0.0007512019230769231,0.1773814364647415,0.020388670858016263
treatment_allocation_confounding,overall,fairness_gap_ses,baseline,stability_filtered,12,"0,1,2,3,4,5,6,7,8,9,10,11",True,0.06571667773088827,0.009468123617313754,0.056248554113574524,0.049814180333401376,0.06268292789374767,student_t,0.00048828125,8.091580638604337e-10,5.554328589042516,large,stability_filtered,treatment_allocation_confounding::overall,40,0.01953125,0.0007512019230769231,1.941979353265041e-08,1.903901326730432e-09
treatment_allocation_confounding,normal,success_rate,baseline,stability_filtered,12,"0,1,2,3,4,5,6,7,8,9,10,11",True,0.6503333333333333,0.6785000000000001,-0.028166666666666663,-0.05641654046739492,8.320713406159697e-05,student_t,0.0537109375,0.050569251368584686,-0.6334982704458785,medium,stability_filtered,treatment_allocation_confounding::normal,40,0.4833984375,0.067138671875,0.4045540109486775,0.061296062264951136
treatment_allocation_confounding,normal,near_optimal_rate,baseline,stability_filtered,12,"0,1,2,3,4,5,6,7,8,9,10,11",True,0.9474166666666665,0.9951666666666666,-0.04775000000000004,-0.052731771317083745,-0.04276822868291634,student_t,0.00048828125,3.012539527790474e-10,-6.089982987753539,large,stability_filtered,treatment_allocation_confounding::normal,40,0.01953125,0.0008491847826086956,9.33887253615047e-09,1.2050158111161896e-09
treatment_allocation_confounding,normal,avg_cost,baseline,stability_filtered,12,"0,1,2,3,4,5,6,7,8,9,10,11",True,0.4185583333333333,0.361475,0.057083333333333285,0.0017120285419848502,0.11245463812468172,student_t,0.06298828125,0.044382485033627773,0.6550147190556065,medium,stability_filtered,treatment_allocation_confounding::normal,40,0.50390625,0.07634943181818182,0.39944236530265,0.055478106292034715
treatment_allocation_confounding,normal,fairness_gap_ses,baseline,stability_filtered,12,"0,1,2,3,4,5,6,7,8,9,10,11",True,0.07637281643608342,0.021093769598970316,0.05527904683711312,0.045493280590910345,0.0650648130833159,student_t,0.00048828125,8.072654660126152e-08,3.589154882819983,large,stability_filtered,treatment_allocation_confounding::normal,40,0.01953125,0.0008491847826086956,2.179616758234061e-06,2.3064727600360435e-07
treatment_allocation_confounding,surface_shift,success_rate,baseline,stability_filtered,12,"0,1,2,3,4,5,6,7,8,9,10,11",True,0.67625,0.6831666666666666,-0.006916666666666654,-0.03588823024908325,0.022054896915749942,student_t,0.61083984375,0.6096901502191816,-0.1516880621527825,negligible,stability_filtered,treatment_allocation_confounding::surface_shift,40,1.0,0.68359375,1.0,0.6851885761456324
treatment_allocation_confounding,surface_shift,near_optimal_rate,baseline,stability_filtered,12,"0,1,2,3,4,5,6,7,8,9,10,11",True,0.9688333333333333,0.9974166666666666,-0.02858333333333336,-0.03309611199503301,-0.024070554671633708,student_t,0.00048828125,2.4573842402689242e-08,-4.024346178758913,large,stability_filtered,treatment_allocation_confounding::surface_shift,40,0.01953125,0.0011488970588235295,7.372152720806773e-07,8.935942691886997e-08
treatment_allocation_confounding,surface_shift,avg_cost,baseline,stability_filtered,12,"0,1,2,3,4,5,6,7,8,9,10,11",True,0.3836583333333332,0.35131249999999997,0.03234583333333329,-0.025626016631700117,0.0903176832983667,student_t,0.22705078125,0.24505490508203623,0.35450933554412695,small,stability_filtered,treatment_allocation_confounding::surface_shift,40,1.0,0.32435825892857145,1.0,0.3380067656303948
treatment_allocation_confounding,surface_shift,fairness_gap_ses,baseline,stability_filtered,12,"0,1,2,3,4,5,6,7,8,9,10,11",True,0.01819440050903006,0.01710513497191832,0.0010892655371117377,-0.0035650047487967634,0.005743535823020239,student_t,0.615234375,0.6166697185310692,0.1486992076561149,negligible,stability_filtered,treatment_allocation_confounding::surface_shift,40,1.0,0.68359375,1.0,0.6851885761456324
treatment_allocation_confounding,adversarial,success_rate,baseline,stability_filtered,12,"0,1,2,3,4,5,6,7,8,9,10,11",True,0.6059166666666665,0.6813333333333333,-0.0754166666666667,-0.10981791849532903,-0.041015414838004374,student_t,0.00048828125,0.0005314827711693986,-1.3928988444369979,large,stability_filtered,treatment_allocation_confounding::adversarial,40,0.01953125,0.0006734913793103449,0.006377793254032784,0.0007330796843715843
treatment_allocation_confounding,adversarial,near_optimal_rate,baseline,stability_filtered,12,"0,1,2,3,4,5,6,7,8,9,10,11",True,0.8814166666666668,0.9927499999999999,-0.11133333333333333,-0.11827409892434249,-0.10439256774232417,student_t,0.00048828125,1.1310667679096181e-12,-10.191645901545792,large,stability_filtered,treatment_allocation_confounding::adversarial,40,0.01953125,0.0006734913793103449,3.73252033410174e-11,5.655333839548091e-12
treatment_allocation_confounding,adversarial,avg_cost,baseline,stability_filtered,12,"0,1,2,3,4,5,6,7,8,9,10,11",True,0.4953124999999999,0.3592125,0.13609999999999992,0.07566278016816963,0.1965372198318302,student_t,0.00048828125,0.0004312034943623333,1.4308039761917655,large,stability_filtered,treatment_allocation_confounding::adversarial,40,0.01953125,0.0006734913793103449,0.005605645426710333,0.0006160049919461905
treatment_allocation_confounding,adversarial,fairness_gap_ses,baseline,stability_filtered,12,"0,1,2,3,4,5,6,7,8,9,10,11",True,0.10854271358594247,0.013753279935111365,0.09478943365083113,0.08250762433080766,0.1070712429708546,student_t,0.00048828125,3.0568881541918933e-09,4.9037019914118085,large,stability_filtered,treatment_allocation_confounding::adversarial,40,0.01953125,0.0006734913793103449,7.947909200898923e-08,8.151701744511715e-09
treatment_allocation_confounding,degradation,success_rate_drop,baseline,stability_filtered,12,"0,1,2,3,4,5,6,7,8,9,10,11",True,0.044416666666666695,-0.0028333333333333357,0.047250000000000035,0.027587806797290015,0.06691219320271005,student_t,0.001953125,0.0002566450542985503,1.5268499000465738,large,stability_filtered,treatment_allocation_confounding::degradation,30,0.029296875,0.003662109375,0.005389546140269557,0.0006988815044985373
treatment_allocation_confounding,degradation,fairness_gap_increase,baseline,stability_filtered,12,"0,1,2,3,4,5,6,7,8,9,10,11",True,0.032169897149859066,-0.00734048966385895,0.03951038681371802,0.022315192879462042,0.056705580747973994,student_t,0.00146484375,0.0003678197668746935,1.4599255008130123,large,stability_filtered,treatment_allocation_confounding::degradation,30,0.0263671875,0.0029296875,0.006252936036869789,0.0007881852147314861
treatment_allocation_confounding,degradation,near_optimal_rate_drop,baseline,stability_filtered,12,"0,1,2,3,4,5,6,7,8,9,10,11",True,0.06599999999999995,0.002416666666666669,0.06358333333333328,0.054378111092375093,0.07278855557429148,student_t,0.00048828125,9.892794687172624e-09,4.388696064232676,large,stability_filtered,treatment_allocation_confounding::degradation,30,0.0146484375,0.0013316761363636363,2.769982512408335e-07,9.892794687172625e-08
treatment_allocation_confounding,overall,success_rate,baseline,structural_causal,12,"0,1,2,3,4,5,6,7,8,9,10,11",True,0.6441666666666667,0.7071666666666666,-0.06300000000000001,-0.08645597542917621,-0.03954402457082382,student_t,0.00146484375,0.00010140034005416398,-1.7065284887654795,large,structural_causal,treatment_allocation_confounding::overall,40,0.0205078125,0.0020926339285714285,0.0014196047607582959,0.00015022272600616888
treatment_allocation_confounding,overall,near_optimal_rate,baseline,structural_causal,12,"0,1,2,3,4,5,6,7,8,9,10,11",True,0.9325555555555556,0.9945277777777778,-0.061972222222222206,-0.0638567267919261,-0.06008771765251831,student_t,0.00048828125,4.351459497494663e-16,-20.894229756391443,large,structural_causal,treatment_allocation_confounding::overall,40,0.01953125,0.0007512019230769231,1.610040014073025e-14,4.351459497494663e-15
treatment_allocation_confounding,overall,avg_cost,baseline,structural_causal,12,"0,1,2,3,4,5,6,7,8,9,10,11",True,0.4325097222222221,0.2769111111111111,0.15559861111111106,0.10155870327785457,0.20963851894436755,student_t,0.00146484375,5.5414438384487865e-05,1.8294376296015338,large,structural_causal,treatment_allocation_confounding::overall,40,0.0205078125,0.0020926339285714285,0.000831216575767318,8.525298212998134e-05
treatment_allocation_confounding,overall,fairness_gap_ses,baseline,structural_causal,12,"0,1,2,3,4,5,6,7,8,9,10,11",True,0.06571667773088827,0.008826340589847057,0.05689033714104121,0.051141660957557865,0.06263901332452457,student_t,0.00048828125,2.135686214463174e-10,6.287777319089278,large,structural_causal,treatment_allocation_confounding::overall,40,0.01953125,0.0007512019230769231,5.552784157604252e-09,5.695163238568463e-10
treatment_allocation_confounding,normal,success_rate,baseline,structural_causal,12,"0,1,2,3,4,5,6,7,8,9,10,11",True,0.6503333333333333,0.703,-0.05266666666666664,-0.07828759464149748,-0.027045738691835804,student_t,0.00244140625,0.0008658025017947977,-1.306073049558847,large,structural_causal,treatment_allocation_confounding::normal,40,0.03662109375,0.0037560096153846155,0.012987037526921966,0.0013320038489150732
treatment_allocation_confounding,normal,near_optimal_rate,baseline,structural_causal,12,"0,1,2,3,4,5,6,7,8,9,10,11",True,0.9474166666666665,0.9942500000000001,-0.04683333333333337,-0.05068227733855472,-0.04298438932811203,student_t,0.00048828125,2.287434353439783e-11,-7.731076450103605,large,structural_causal,treatment_allocation_confounding::normal,40,0.01953125,0.0008491847826086956,7.548533366351283e-10,1.1437171767198914e-10
treatment_allocation_confounding,normal,avg_cost,baseline,structural_causal,12,"0,1,2,3,4,5,6,7,8,9,10,11",True,0.4185583333333333,0.2642,0.1543583333333333,0.10087465669302803,0.20784200997363855,student_t,0.001953125,5.428147028461761e-05,1.8337296937544951,large,structural_causal,treatment_allocation_confounding::normal,40,0.03125,0.003125,0.000977066465123117,9.440255701672628e-05
treatment_allocation_confounding,normal,fairness_gap_ses,baseline,structural_causal,12,"0,1,2,3,4,5,6,7,8,9,10,11",True,0.07637281643608342,0.018206603800395637,0.058166212635687796,0.045643343306126995,0.07068908196524859,student_t,0.00048828125,5.927344858385119e-07,2.951164574412651,large,structural_causal,treatment_allocation_confounding::normal,40,0.01953125,0.0008491847826086956,1.3632893174285774e-05,1.3171877463078042e-06
treatment_allocation_confounding,surface_shift,success_rate,baseline,structural_causal,12,"0,1,2,3,4,5,6,7,8,9,10,11",True,0.67625,0.7045833333333333,-0.028333333333333304,-0.05690806385943763,0.00024139719277101526,student_t,0.05517578125,0.0516493114799174,-0.630002131586785,medium,structural_causal,treatment_allocation_confounding::surface_shift,40,0.8828125,0.08828125,0.8263889836786784,0.08263889836786785
treatment_allocation_confounding,surface_shift,near_optimal_rate,baseline,structural_causal,12,"0,1,2,3,4,5,6,7,8,9,10,11",True,0.9688333333333333,0.9950833333333332,-0.026250000000000023,-0.030158474402712906,-0.02234152559728714,student_t,0.00048828125,1.3292232342659058e-08,-4.267254323269174,large,structural_causal,treatment_allocation_confounding::surface_shift,40,0.01953125,0.0011488970588235295,4.2535143496508985e-07,5.907658818959581e-08
treatment_allocation_confounding,surface_shift,avg_cost,baseline,structural_causal,12,"0,1,2,3,4,5,6,7,8,9,10,11",True,0.3836583333333332,0.27990833333333337,0.10374999999999995,0.04590014585251722,0.16159985414748268,student_t,0.0048828125,0.002283148136711193,1.1394947494982055,large,structural_causal,treatment_allocation_confounding::surface_shift,40,0.1123046875,0.010850694444444444,0.05251240714435744,0.0050736625260248734
treatment_allocation_confounding,surface_shift,fairness_gap_ses,baseline,structural_causal,12,"0,1,2,3,4,5,6,7,8,9,10,11",True,0.01819440050903006,0.012886349081679826,0.005308051427350236,0.0010464542082027767,0.009569648646497696,student_t,0.0244140625,0.019181761080950786,0.7913875484440666,medium,structural_causal,treatment_allocation_confounding::surface_shift,40,0.48828125,0.04650297619047619,0.4028169826999665,0.03836352216190157
treatment_allocation_confounding,adversarial,success_rate,baseline,structural_causal,12,"0,1,2,3,4,5,6,7,8,9,10,11",True,0.6059166666666665,0.7139166666666666,-0.10800000000000003,-0.12807936369504289,-0.08792063630495717,student_t,0.00048828125,1.3371420169940473e-07,-3.4174352969351753,large,structural_causal,treatment_allocation_confounding::adversarial,40,0.01953125,0.0006734913793103449,3.2091408407857135e-06,3.1462165105742285e-07
treatment_allocation_confounding,adversarial,near_optimal_rate,baseline,structural_causal,12,"0,1,2,3,4,5,6,7,8,9,10,11",True,0.8814166666666668,0.99425,-0.11283333333333333,-0.11790062311300625,-0.1077660435536604,student_t,0.00048828125,3.132601006435585e-14,-14.147775800739408,large,structural_causal,treatment_allocation_confounding::adversarial,40,0.01953125,0.0006734913793103449,1.1277363623168105e-12,2.506080805148468e-13
treatment_allocation_confounding,adversarial,avg_cost,baseline,structural_causal,12,"0,1,2,3,4,5,6,7,8,9,10,11",True,0.4953124999999999,0.28662499999999996,0.20868749999999994,0.15315009284095402,0.2642249071590459,student_t,0.00048828125,4.755302134923197e-06,2.387466725707458,large,structural_causal,treatment_allocation_confounding::adversarial,40,0.01953125,0.0006734913793103449,7.132953202384796e-05,7.31584943834338e-06
treatment_allocation_confounding,adversarial,fairness_gap_ses,baseline,structural_causal,12,"0,1,2,3,4,5,6,7,8,9,10,11",True,0.10854271358594247,0.01421730465675002,0.09432540892919249,0.0832603083378012,0.10539050952058378,student_t,0.00048828125,1.0592514147664243e-09,5.416263962847852,large,structural_causal,treatment_allocation_confounding::adversarial,40,0.01953125,0.0006734913793103449,2.965903961345988e-08,3.2592351223582284e-09
treatment_allocation_confounding,degradation,success_rate_drop,baseline,structural_causal,12,"0,1,2,3,4,5,6,7,8,9,10,11",True,0.044416666666666695,-0.010916666666666686,0.05533333333333338,0.03839182644736698,0.07227484021929978,student_t,0.00048828125,1.7780613124679563e-05,2.0752063518001393,large,structural_causal,treatment_allocation_confounding::degradation,30,0.0146484375,0.0013316761363636363,0.00040895410186762995,6.667729921754836e-05
treatment_allocation_confounding,degradation,fairness_gap_increase,baseline,structural_causal,12,"0,1,2,3,4,5,6,7,8,9,10,11",True,0.032169897149859066,-0.003989299143645619,0.03615919629350468,0.01862679350275986,0.0536915990842495,student_t,0.00146484375,0.0008447541789696699,1.3103998075590968,large,structural_causal,treatment_allocation_confounding::degradation,30,0.0263671875,0.0029296875,0.013516066863514718,0.0016895083579393398
treatment_allocation_confounding,degradation,near_optimal_rate_drop,baseline,structural_causal,12,"0,1,2,3,4,5,6,7,8,9,10,11",True,0.06599999999999995,0.0,0.06599999999999995,0.05754912716388618,0.07445087283611372,student_t,0.00048828125,2.6951573871246616e-09,4.962138252093335,large,structural_causal,treatment_allocation_confounding::degradation,30,0.0146484375,0.0013316761363636363,7.815956422661518e-08,4.0427360806869925e-08
treatment_allocation_confounding,overall,success_rate,baseline,workflow,12,"0,1,2,3,4,5,6,7,8,9,10,11",True,0.6441666666666667,0.5816666666666667,0.06249999999999999,0.05654141462556095,0.06845858537443904,student_t,0.00048828125,1.1405265480977645e-10,6.6644350903081016,large,baseline,treatment_allocation_confounding::overall,40,0.01953125,0.0007512019230769231,3.079421679863964e-09,3.2586472802793274e-10
treatment_allocation_confounding,overall,near_optimal_rate,baseline,workflow,12,"0,1,2,3,4,5,6,7,8,9,10,11",True,0.9325555555555556,0.8769722222222222,0.05558333333333334,0.05103634771145928,0.060130318955207394,student_t,0.00048828125,2.1755664756061555e-11,7.766896150003593,large,baseline,treatment_allocation_confounding::overall,40,0.01953125,0.0007512019230769231,6.526699426818466e-10,7.911150820386019e-11
treatment_allocation_confounding,overall,avg_cost,baseline,workflow,12,"0,1,2,3,4,5,6,7,8,9,10,11",True,0.4325097222222221,0.5379777777777778,-0.10546805555555556,-0.1107722989073014,-0.10016381220380972,student_t,0.00048828125,1.081828434565388e-13,-12.633508879147323,large,baseline,treatment_allocation_confounding::overall,40,0.01953125,0.0007512019230769231,3.5700338340657804e-12,5.40914217282694e-13
treatment_allocation_confounding,overall,fairness_gap_ses,baseline,workflow,12,"0,1,2,3,4,5,6,7,8,9,10,11",True,0.06571667773088827,0.030707268327268483,0.03500940940361979,0.03120597216613785,0.038812846641101725,student_t,0.00048828125,4.6541769163853636e-10,5.84837243720288,large,workflow,treatment_allocation_confounding::overall,40,0.01953125,0.0007512019230769231,1.1635442290963409e-08,1.1635442290963409e-09
treatment_allocation_confounding,normal,success_rate,baseline,workflow,12,"0,1,2,3,4,5,6,7,8,9,10,11",True,0.6503333333333333,0.5863333333333333,0.06400000000000004,0.05542411384006831,0.07257588615993177,student_t,0.00048828125,4.367346134391756e-09,4.741627772414848,large,baseline,treatment_allocation_confounding::normal,40,0.01953125,0.0008491847826086956,1.2665303789736094e-07,1.455782044797252e-08
treatment_allocation_confounding,normal,near_optimal_rate,baseline,workflow,12,"0,1,2,3,4,5,6,7,8,9,10,11",True,0.9474166666666665,0.8853333333333332,0.062083333333333275,0.05639745500311898,0.06776921166354756,student_t,0.00048828125,7.390996681180927e-11,6.937515331391459,large,baseline,treatment_allocation_confounding::normal,40,0.01953125,0.0008491847826086956,2.3651189379778966e-09,3.28488741385819e-10
treatment_allocation_confounding,normal,avg_cost,baseline,workflow,12,"0,1,2,3,4,5,6,7,8,9,10,11",True,0.4185583333333333,0.5310749999999999,-0.11251666666666667,-0.1199338527341305,-0.10509948059920284,student_t,0.00048828125,2.0789925943752677e-12,-9.638382894666705,large,baseline,treatment_allocation_confounding::normal,40,0.01953125,0.0008491847826086956,7.276474080313437e-11,1.3859950629168452e-11
treatment_allocation_confounding,normal,fairness_gap_ses,baseline,workflow,12,"0,1,2,3,4,5,6,7,8,9,10,11",True,0.07637281643608342,0.03909311696198698,0.037279699474096456,0.03021257317625504,0.044346825771937874,student_t,0.00048828125,1.6319449152525295e-07,3.351629785614293,large,workflow,treatment_allocation_confounding::normal,40,0.01953125,0.0008491847826086956,4.243056779656577e-06,4.351853107340079e-07
treatment_allocation_confounding,surface_shift,success_rate,baseline,workflow,12,"0,1,2,3,4,5,6,7,8,9,10,11",True,0.67625,0.6024999999999999,0.07375000000000005,0.06780126020824107,0.07969873979175904,student_t,0.00048828125,1.86729426576066e-11,7.87704893486256,large,baseline,treatment_allocation_confounding::surface_shift,40,0.01953125,0.0011488970588235295,6.348800503586244e-10,1.0670252947203772e-10
treatment_allocation_confounding,surface_shift,near_optimal_rate,baseline,workflow,12,"0,1,2,3,4,5,6,7,8,9,10,11",True,0.9688333333333333,0.8971666666666667,0.07166666666666661,0.0650785493073743,0.07825478402595892,student_t,0.00048828125,7.695405846631632e-11,6.911660055300023,large,baseline,treatment_allocation_confounding::surface_shift,40,0.01953125,0.0011488970588235295,2.5394839293884384e-09,3.847702923315816e-10
treatment_allocation_confounding,surface_shift,avg_cost,baseline,workflow,12,"0,1,2,3,4,5,6,7,8,9,10,11",True,0.3836583333333332,0.5014,-0.11774166666666669,-0.12609872515315398,-0.1093846081801794,student_t,0.00048828125,4.650860999485012e-12,-8.951652792241925,large,baseline,treatment_allocation_confounding::surface_shift,40,0.01953125,0.0011488970588235295,1.6278013498197544e-10,3.100573999656675e-11
treatment_allocation_confounding,surface_shift,fairness_gap_ses,baseline,workflow,12,"0,1,2,3,4,5,6,7,8,9,10,11",True,0.01819440050903006,0.016275822475081157,0.0019185780339489005,-0.0038016602744516985,0.0076388163423495,student_t,0.46533203125,0.47583924258664356,0.2131041155670964,small,workflow,treatment_allocation_confounding::surface_shift,40,1.0,0.5640388257575758,1.0,0.5767748394989619
treatment_allocation_confounding,adversarial,success_rate,baseline,workflow,12,"0,1,2,3,4,5,6,7,8,9,10,11",True,0.6059166666666665,0.5561666666666667,0.04974999999999997,0.037525042309011214,0.06197495769098872,student_t,0.00048828125,2.1966537116906562e-06,2.585664731410445,large,baseline,treatment_allocation_confounding::adversarial,40,0.01953125,0.0006734913793103449,3.734311309874116e-05,3.661089519484427e-06
treatment_allocation_confounding,adversarial,near_optimal_rate,baseline,workflow,12,"0,1,2,3,4,5,6,7,8,9,10,11",True,0.8814166666666668,0.8484166666666667,0.03300000000000003,0.025279895816349943,0.040720104183650116,student_t,0.00048828125,1.355282294443776e-06,2.7159218558518203,large,baseline,treatment_allocation_confounding::adversarial,40,0.01953125,0.0006734913793103449,2.7105645888875518e-05,2.482061738330187e-06
treatment_allocation_confounding,adversarial,avg_cost,baseline,workflow,12,"0,1,2,3,4,5,6,7,8,9,10,11",True,0.4953124999999999,0.5814583333333333,-0.08614583333333332,-0.09608681235406423,-0.07620485431260242,student_t,0.00048828125,8.886068871621704e-10,-5.505941726210077,large,baseline,treatment_allocation_confounding::adversarial,40,0.01953125,0.0006734913793103449,2.5769599727702942e-08,2.9620229572072348e-09
treatment_allocation_confounding,adversarial,fairness_gap_ses,baseline,workflow,12,"0,1,2,3,4,5,6,7,8,9,10,11",True,0.10854271358594247,0.05436669204382455,0.054176021542117925,0.04734103799977262,0.06101100508446323,student_t,0.00048828125,2.3024717490941487e-09,5.03612066578383,large,workflow,treatment_allocation_confounding::adversarial,40,0.01953125,0.0006734913793103449,6.216673722554202e-08,6.5784907116975675e-09
treatment_allocation_confounding,degradation,success_rate_drop,baseline,workflow,12,"0,1,2,3,4,5,6,7,8,9,10,11",True,0.044416666666666695,0.03016666666666663,0.014250000000000068,0.0016816318684470238,0.02681836813155311,student_t,0.0341796875,0.02974466589958522,0.7203813533831561,medium,workflow,treatment_allocation_confounding::degradation,30,0.2392578125,0.042724609375,0.20821266129709654,0.03718083237448152
treatment_allocation_confounding,degradation,fairness_gap_increase,baseline,workflow,12,"0,1,2,3,4,5,6,7,8,9,10,11",True,0.032169897149859066,0.015273575081837583,0.016896322068021486,0.00554790373400855,0.028244740402034424,student_t,0.00146484375,0.007373192702489486,0.9459830042728117,large,workflow,treatment_allocation_confounding::degradation,30,0.0263671875,0.0029296875,0.08110511972738434,0.01105978905373423
treatment_allocation_confounding,degradation,near_optimal_rate_drop,baseline,workflow,12,"0,1,2,3,4,5,6,7,8,9,10,11",True,0.06599999999999995,0.0369166666666667,0.02908333333333325,0.020922049289922875,0.03724461737674362,student_t,0.00048828125,7.879365229179694e-06,2.264186408434086,large,workflow,treatment_allocation_confounding::degradation,30,0.0146484375,0.0013316761363636363,0.00018910476550031266,3.376870812505583e-05
treatment_allocation_confounding,overall,success_rate,causal_light,stability_filtered,12,"0,1,2,3,4,5,6,7,8,9,10,11",True,0.7066666666666666,0.6809999999999999,0.02566666666666669,-0.0024926298807629588,0.053825963214096335,student_t,0.07373046875,0.07006080075151208,0.5791274631909774,medium,causal_light,treatment_allocation_confounding::overall,40,0.6689453125,0.0921630859375,0.6364600237126689,0.08757600093939011
treatment_allocation_confounding,overall,near_optimal_rate,causal_light,stability_filtered,12,"0,1,2,3,4,5,6,7,8,9,10,11",True,0.9951944444444444,0.9951111111111111,8.333333333333341e-05,-0.002249198071834949,0.0024158647385016155,student_t,0.9658203125,0.938736243777903,0.02269957601715165,negligible,causal_light,treatment_allocation_confounding::overall,40,1.0,0.9658203125,1.0,0.9628064038747723
treatment_allocation_confounding,overall,avg_cost,causal_light,stability_filtered,12,"0,1,2,3,4,5,6,7,8,9,10,11",True,0.3613125,0.3573333333333333,0.003979166666666642,-0.05245030717269516,0.06040864050602845,student_t,0.85986328125,0.8794717269199267,0.04480356999293793,negligible,stability_filtered,treatment_allocation_confounding::overall,40,1.0,0.9051192434210527,1.0,0.9257597125472913
treatment_allocation_confounding,overall,fairness_gap_ses,causal_light,stability_filtered,12,"0,1,2,3,4,5,6,7,8,9,10,11",True,0.029540538523128174,0.009468123617313754,0.02007241490581442,0.015634012065024218,0.024510817746604623,student_t,0.00048828125,7.74277851665134e-07,2.873421913265819,large,stability_filtered,treatment_allocation_confounding::overall,40,0.01953125,0.0007512019230769231,1.5485557033302678e-05,1.474814955552636e-06
treatment_allocation_confounding,normal,success_rate,causal_light,stability_filtered,12,"0,1,2,3,4,5,6,7,8,9,10,11",True,0.7098333333333334,0.6785000000000001,0.031333333333333296,0.004515650417221663,0.05815101624944493,student_t,0.0302734375,0.02597649666166273,0.7423553431227844,medium,causal_light,treatment_allocation_confounding::normal,40,0.3515625,0.040364583333333336,0.31171795993995277,0.03475262030586253
treatment_allocation_confounding,normal,near_optimal_rate,causal_light,stability_filtered,12,"0,1,2,3,4,5,6,7,8,9,10,11",True,0.9958333333333332,0.9951666666666666,0.0006666666666666673,-0.002329855890870595,0.00366318922420393,student_t,0.6796875,0.6339826480705933,0.14135711759841155,negligible,causal_light,treatment_allocation_confounding::normal,40,1.0,0.6971153846153846,1.0,0.6502386134057367
treatment_allocation_confounding,normal,avg_cost,causal_light,stability_filtered,12,"0,1,2,3,4,5,6,7,8,9,10,11",True,0.35870833333333324,0.361475,-0.002766666666666716,-0.05819884006119245,0.05266550672785902,student_t,0.92333984375,0.9145044533226094,-0.03171183858208224,negligible,causal_light,treatment_allocation_confounding::normal,40,1.0,0.92333984375,1.0,0.9145044533226094
treatment_allocation_confounding,normal,fairness_gap_ses,causal_light,stability_filtered,12,"0,1,2,3,4,5,6,7,8,9,10,11",True,0.044166135760856096,0.021093769598970316,0.023072366161885783,0.016583188530364612,0.029561543793406954,student_t,0.00048828125,8.049829556433027e-06,2.259066234061633,large,stability_filtered,treatment_allocation_confounding::normal,40,0.01953125,0.0008491847826086956,0.00016099659112866056,1.5333008678920054e-05
treatment_allocation_confounding,surface_shift,success_rate,causal_light,stability_filtered,12,"0,1,2,3,4,5,6,7,8,9,10,11",True,0.7141666666666665,0.6831666666666666,0.030999999999999955,0.0010511086997987765,0.06094889130020113,student_t,0.04833984375,0.043671548852550354,0.6576690973211328,medium,causal_light,treatment_allocation_confounding::surface_shift,40,0.82177734375,0.08056640625,0.742416330493356,0.0727859147542506
treatment_allocation_confounding,surface_shift,near_optimal_rate,causal_light,stability_filtered,12,"0,1,2,3,4,5,6,7,8,9,10,11",True,0.99825,0.9974166666666666,0.000833333333333334,-0.0009603567027953601,0.0026270233694620283,student_t,0.37890625,0.32847887852198354,0.29518742300808587,small,causal_light,treatment_allocation_confounding::surface_shift,40,1.0,0.4889112903225806,1.0,0.4238437142219143
treatment_allocation_confounding,surface_shift,avg_cost,causal_light,stability_filtered,12,"0,1,2,3,4,5,6,7,8,9,10,11",True,0.3458249999999999,0.35131249999999997,-0.005487500000000037,-0.06310539791344756,0.052130397913447486,student_t,0.83984375,0.8377954874100074,-0.060512293670460376,negligible,causal_light,treatment_allocation_confounding::surface_shift,40,1.0,0.8648838141025641,1.0,0.8650291239665827
treatment_allocation_confounding,surface_shift,fairness_gap_ses,causal_light,stability_filtered,12,"0,1,2,3,4,5,6,7,8,9,10,11",True,0.016862288114299528,0.01710513497191832,-0.00024284685761879424,-0.004002841502844464,0.003517147787606876,student_t,0.8837890625,0.8895277730661282,-0.04103663609994629,negligible,causal_light,treatment_allocation_confounding::surface_shift,40,1.0,0.8837890625,1.0,0.8895277730661281
treatment_allocation_confounding,adversarial,success_rate,causal_light,stability_filtered,12,"0,1,2,3,4,5,6,7,8,9,10,11",True,0.6960000000000001,0.6813333333333333,0.014666666666666625,-0.015263020469135842,0.04459635380246909,student_t,0.31884765625,0.303864801439677,0.31135492235061224,small,causal_light,treatment_allocation_confounding::adversarial,40,1.0,0.3542751736111111,1.0,0.32850248804289406
treatment_allocation_confounding,adversarial,near_optimal_rate,causal_light,stability_filtered,12,"0,1,2,3,4,5,6,7,8,9,10,11",True,0.9915000000000003,0.9927499999999999,-0.0012500000000000011,-0.00496593751953861,0.0024659375195386075,student_t,0.4990234375,0.47457246787823226,-0.2137312871877292,small,stability_filtered,treatment_allocation_confounding::adversarial,40,1.0,0.5118189102564102,1.0,0.4867409926956229
treatment_allocation_confounding,adversarial,avg_cost,causal_light,stability_filtered,12,"0,1,2,3,4,5,6,7,8,9,10,11",True,0.3794041666666666,0.3592125,0.020191666666666615,-0.03684065138559755,0.07722398471893077,student_t,0.45458984375,0.45228040786702495,0.22494566896048684,small,stability_filtered,treatment_allocation_confounding::adversarial,40,1.0,0.478515625,1.0,0.4760846398600263
treatment_allocation_confounding,adversarial,fairness_gap_ses,causal_light,stability_filtered,12,"0,1,2,3,4,5,6,7,8,9,10,11",True,0.050582978451983375,0.013753279935111365,0.036829698516872005,0.02675144763244479,0.04690794940129922,student_t,0.00048828125,6.20574671255183e-06,2.3218784985014036,large,stability_filtered,treatment_allocation_confounding::adversarial,40,0.01953125,0.0006734913793103449,8.688045397572562e-05,9.193698833410119e-06
treatment_allocation_confounding,degradation,success_rate_drop,causal_light,stability_filtered,12,"0,1,2,3,4,5,6,7,8,9,10,11",True,0.013833333333333336,-0.0028333333333333357,0.016666666666666673,0.003915066470901767,0.02941826686243158,student_t,0.013671875,0.015058751022764936,0.830444385506942,large,stability_filtered,treatment_allocation_confounding::degradation,30,0.123046875,0.018643465909090908,0.1355287592048844,0.020534660485588548
treatment_allocation_confounding,degradation,fairness_gap_increase,causal_light,stability_filtered,12,"0,1,2,3,4,5,6,7,8,9,10,11",True,0.006416842691127276,-0.00734048966385895,0.01375733235498623,0.0014062192671498892,0.02610844544282257,student_t,0.037109375,0.032155808318434086,0.7077088432997275,medium,stability_filtered,treatment_allocation_confounding::degradation,30,0.2392578125,0.04453125,0.20821266129709654,0.038586969982120904
treatment_allocation_confounding,degradation,near_optimal_rate_drop,causal_light,stability_filtered,12,"0,1,2,3,4,5,6,7,8,9,10,11",True,0.0043333333333333375,0.002416666666666669,0.0019166666666666683,-0.0016923870475022281,0.005525720380835565,student_t,0.30078125,0.2671585497198021,0.33742692604748026,small,stability_filtered,treatment_allocation_confounding::degradation,30,0.90234375,0.322265625,0.8014756491594062,0.2862413032712165
treatment_allocation_confounding,overall,success_rate,causal_light,structural_causal,12,"0,1,2,3,4,5,6,7,8,9,10,11",True,0.7066666666666666,0.7071666666666666,-0.0004999999999999912,-0.024245639403319183,0.023245639403319203,student_t,0.96484375,0.9638659299552121,-0.01337866032024615,negligible,structural_causal,treatment_allocation_confounding::overall,40,1.0,0.9658203125,1.0,0.963865929955212
treatment_allocation_confounding,overall,near_optimal_rate,causal_light,structural_causal,12,"0,1,2,3,4,5,6,7,8,9,10,11",True,0.9951944444444444,0.9945277777777778,0.0006666666666666673,-0.0013364509169918556,0.0026697842503251904,student_t,0.517578125,0.4791695348570184,0.2114602732299197,small,causal_light,treatment_allocation_confounding::overall,40,1.0,0.5915178571428571,1.0,0.5476223255508782
treatment_allocation_confounding,overall,avg_cost,causal_light,structural_causal,12,"0,1,2,3,4,5,6,7,8,9,10,11",True,0.3613125,0.2769111111111111,0.08440138888888886,0.030884824346274257,0.13791795343150345,student_t,0.0087890625,0.005228983623840689,1.0020464603196175,large,structural_causal,treatment_allocation_confounding::overall,40,0.10546875,0.012122844827586207,0.06797678710992895,0.007469976605486698
treatment_allocation_confounding,overall,fairness_gap_ses,causal_light,structural_causal,12,"0,1,2,3,4,5,6,7,8,9,10,11",True,0.029540538523128174,0.008826340589847057,0.02071419793328112,0.016572537895629905,0.024855857970932333,student_t,0.00048828125,2.8090588856757206e-07,3.1777532063171727,large,structural_causal,treatment_allocation_confounding::overall,40,0.01953125,0.0007512019230769231,6.460835437054157e-06,6.242353079279379e-07
treatment_allocation_confounding,normal,success_rate,causal_light,structural_causal,12,"0,1,2,3,4,5,6,7,8,9,10,11",True,0.7098333333333334,0.703,0.006833333333333321,-0.015383691951159868,0.029050358617826507,student_t,0.5078125,0.512415409849386,0.1954218806439068,negligible,causal_light,treatment_allocation_confounding::normal,40,1.0,0.5489864864864865,1.0,0.5539626052425796
treatment_allocation_confounding,normal,near_optimal_rate,causal_light,structural_causal,12,"0,1,2,3,4,5,6,7,8,9,10,11",True,0.9958333333333332,0.9942500000000001,0.0015833333333333348,-0.0015930337261643769,0.004759700392831047,student_t,0.35791015625,0.2960203711639079,0.3167146573719004,small,causal_light,treatment_allocation_confounding::normal,40,1.0,0.40904017857142855,1.0,0.3383089956158948
treatment_allocation_confounding,normal,avg_cost,causal_light,structural_causal,12,"0,1,2,3,4,5,6,7,8,9,10,11",True,0.35870833333333324,0.2642,0.0945083333333333,0.0414259988106796,0.147590667855987,student_t,0.00537109375,0.0023983694176810447,1.1312187140954864,large,structural_causal,treatment_allocation_confounding::normal,40,0.06982421875,0.007672991071428571,0.031178802429853582,0.0034262420252586354
treatment_allocation_confounding,normal,fairness_gap_ses,causal_light,structural_causal,12,"0,1,2,3,4,5,6,7,8,9,10,11",True,0.044166135760856096,0.018206603800395637,0.025959531960460466,0.01655108812678742,0.03536797579413351,student_t,0.00146484375,8.04180916730238e-05,1.753095410515215,large,structural_causal,treatment_allocation_confounding::normal,40,0.02490234375,0.00244140625,0.0013671075584414047,0.000134030152788373
treatment_allocation_confounding,surface_shift,success_rate,causal_light,structural_causal,12,"0,1,2,3,4,5,6,7,8,9,10,11",True,0.7141666666666665,0.7045833333333333,0.009583333333333305,-0.017478368708663705,0.036645035375330315,student_t,0.45751953125,0.45216853681111113,0.22500282850324022,small,causal_light,treatment_allocation_confounding::surface_shift,40,1.0,0.5640388257575758,1.0,0.5652106710138889
treatment_allocation_confounding,surface_shift,near_optimal_rate,causal_light,structural_causal,12,"0,1,2,3,4,5,6,7,8,9,10,11",True,0.99825,0.9950833333333332,0.0031666666666666696,0.0009026660912430312,0.005430667242090308,student_t,0.0126953125,0.01049887889489896,0.8886941247777431,large,causal_light,treatment_allocation_confounding::surface_shift,40,0.2666015625,0.025390625,0.23097533568777712,0.022102902936629393
treatment_allocation_confounding,surface_shift,avg_cost,causal_light,structural_causal,12,"0,1,2,3,4,5,6,7,8,9,10,11",True,0.3458249999999999,0.27990833333333337,0.06591666666666662,0.008569101627924881,0.12326423170540837,student_t,0.03369140625,0.02798011802398661,0.7303091571790217,medium,structural_causal,treatment_allocation_confounding::surface_shift,40,0.6064453125,0.05859375,0.5596023604797322,0.05329546290283164
treatment_allocation_confounding,surface_shift,fairness_gap_ses,causal_light,structural_causal,12,"0,1,2,3,4,5,6,7,8,9,10,11",True,0.016862288114299528,0.012886349081679826,0.0039759390326197025,-0.00026190837946015073,0.008213786444699556,student_t,0.06494140625,0.06332138392265067,0.5961024299247921,medium,structural_causal,treatment_allocation_confounding::surface_shift,40,0.97412109375,0.09990985576923077,0.9498207588397601,0.09741751372715489
treatment_allocation_confounding,adversarial,success_rate,causal_light,structural_causal,12,"0,1,2,3,4,5,6,7,8,9,10,11",True,0.6960000000000001,0.7139166666666666,-0.017916666666666702,-0.042205380263268685,0.006372046929935281,student_t,0.13232421875,0.13275237345589827,-0.46868298943402925,small,structural_causal,treatment_allocation_confounding::adversarial,40,0.98046875,0.15401785714285715,1.0,0.15585886120940018
treatment_allocation_confounding,adversarial,near_optimal_rate,causal_light,structural_causal,12,"0,1,2,3,4,5,6,7,8,9,10,11",True,0.9915000000000003,0.99425,-0.0027500000000000024,-0.004815506802230077,-0.0006844931977699276,student_t,0.01953125,0.013681242257293667,-0.8459263548616169,large,structural_causal,treatment_allocation_confounding::adversarial,40,0.1953125,0.025201612903225805,0.13681242257293666,0.017653215815862794
treatment_allocation_confounding,adversarial,avg_cost,causal_light,structural_causal,12,"0,1,2,3,4,5,6,7,8,9,10,11",True,0.3794041666666666,0.28662499999999996,0.09277916666666662,0.03989749839772266,0.14566083493561058,student_t,0.00537109375,0.002646189839528202,1.1147354469939026,large,structural_causal,treatment_allocation_confounding::adversarial,40,0.05908203125,0.007161458333333333,0.02910808823481022,0.003528253119370936
treatment_allocation_confounding,adversarial,fairness_gap_ses,causal_light,structural_causal,12,"0,1,2,3,4,5,6,7,8,9,10,11",True,0.050582978451983375,0.01421730465675002,0.03636567379523336,0.029441108893305444,0.043290238697161275,student_t,0.00048828125,1.707866006372877e-07,3.3367651420699693,large,structural_causal,treatment_allocation_confounding::adversarial,40,0.01953125,0.0006734913793103449,3.837975293447294e-06,3.595507381837636e-07
treatment_allocation_confounding,degradation,success_rate_drop,causal_light,structural_causal,12,"0,1,2,3,4,5,6,7,8,9,10,11",True,0.013833333333333336,-0.010916666666666686,0.024750000000000022,0.012266598790622222,0.03723340120937782,student_t,0.0009765625,0.0011292326974364937,1.2597047469369165,large,structural_causal,treatment_allocation_confounding::degradation,30,0.0185546875,0.00244140625,0.014680025066674419,0.0018820544957274894
treatment_allocation_confounding,degradation,fairness_gap_increase,causal_light,structural_causal,12,"0,1,2,3,4,5,6,7,8,9,10,11",True,0.006416842691127276,-0.003989299143645619,0.010406141834772894,0.0004442860964516907,0.0203679975730941,student_t,0.04443359375,0.04209509984235294,0.6637063673204793,medium,structural_causal,treatment_allocation_confounding::degradation,30,0.2392578125,0.05126953125,0.2104754992117647,0.04857126904886878
treatment_allocation_confounding,degradation,near_optimal_rate_drop,causal_light,structural_causal,12,"0,1,2,3,4,5,6,7,8,9,10,11",True,0.0043333333333333375,0.0,0.0043333333333333375,0.0009458985663363855,0.0077207681003302895,student_t,0.015625,0.016799903054018246,0.8127886836118807,large,structural_causal,treatment_allocation_confounding::degradation,30,0.125,0.020380434782608696,0.1355287592048844,0.02191291702698032
treatment_allocation_confounding,overall,success_rate,causal_light,workflow,12,"0,1,2,3,4,5,6,7,8,9,10,11",True,0.7066666666666666,0.5816666666666667,0.125,0.12182893291198413,0.12817106708801587,student_t,0.00048828125,5.94686687369478e-17,25.045578889253306,large,causal_light,treatment_allocation_confounding::overall,40,0.01953125,0.0007512019230769231,2.2598094120040168e-15,7.929155831593041e-16
treatment_allocation_confounding,overall,near_optimal_rate,causal_light,workflow,12,"0,1,2,3,4,5,6,7,8,9,10,11",True,0.9951944444444444,0.8769722222222222,0.11822222222222219,0.1152649670844989,0.12117947735994547,student_t,0.00048828125,5.095822328493567e-17,25.400181205331915,large,causal_light,treatment_allocation_confounding::overall,40,0.01953125,0.0007512019230769231,1.987370708112491e-15,7.929155831593041e-16
treatment_allocation_confounding,overall,avg_cost,causal_light,workflow,12,"0,1,2,3,4,5,6,7,8,9,10,11",True,0.3613125,0.5379777777777778,-0.17666527777777777,-0.18014126218159313,-0.1731892933739624,student_t,0.00048828125,3.6434584376675425e-18,-32.29236649629302,large,causal_light,treatment_allocation_confounding::overall,40,0.01953125,0.0007512019230769231,1.457383375067017e-16,1.457383375067017e-16
treatment_allocation_confounding,overall,fairness_gap_ses,causal_light,workflow,12,"0,1,2,3,4,5,6,7,8,9,10,11",True,0.029540538523128174,0.030707268327268483,-0.0011667298041403093,-0.003978594740085339,0.0016451351318047204,student_t,0.42138671875,0.3806887514536068,-0.26363455135297864,small,causal_light,treatment_allocation_confounding::overall,40,1.0,0.4957490808823529,1.0,0.4478691193571845
treatment_allocation_confounding,normal,success_rate,causal_light,workflow,12,"0,1,2,3,4,5,6,7,8,9,10,11",True,0.7098333333333334,0.5863333333333333,0.12349999999999998,0.11736673003154971,0.12963326996845026,student_t,0.00048828125,9.423688167419559e-14,12.793853325985449,large,causal_light,treatment_allocation_confounding::normal,40,0.01953125,0.0008491847826086956,3.5810015036194324e-12,1.2564917556559412e-12
treatment_allocation_confounding,normal,near_optimal_rate,causal_light,workflow,12,"0,1,2,3,4,5,6,7,8,9,10,11",True,0.9958333333333332,0.8853333333333332,0.11049999999999999,0.10537748581530473,0.11562251418469524,student_t,0.00048828125,4.434602962162578e-14,13.705838172107521,large,causal_light,treatment_allocation_confounding::normal,40,0.01953125,0.0008491847826086956,1.7294951552434055e-12,8.869205924325156e-13
treatment_allocation_confounding,normal,avg_cost,causal_light,workflow,12,"0,1,2,3,4,5,6,7,8,9,10,11",True,0.35870833333333324,0.5310749999999999,-0.17236666666666667,-0.17753779909523285,-0.1671955342381005,student_t,0.00048828125,3.751568532493786e-16,-21.178447200617985,large,causal_light,treatment_allocation_confounding::normal,40,0.01953125,0.0008491847826086956,1.5006274129975145e-14,1.5006274129975145e-14
treatment_allocation_confounding,normal,fairness_gap_ses,causal_light,workflow,12,"0,1,2,3,4,5,6,7,8,9,10,11",True,0.044166135760856096,0.03909311696198698,0.005073018798869126,0.0007197262720265492,0.009426311325711702,student_t,0.029296875,0.026289457769135497,0.7404148350179928,medium,workflow,treatment_allocation_confounding::normal,40,0.3515625,0.040364583333333336,0.31171795993995277,0.03475262030586253
treatment_allocation_confounding,surface_shift,success_rate,causal_light,workflow,12,"0,1,2,3,4,5,6,7,8,9,10,11",True,0.7141666666666665,0.6024999999999999,0.11166666666666665,0.1059046508898437,0.1174286824434896,student_t,0.00048828125,1.4326081804196874e-13,12.313332318589168,large,causal_light,treatment_allocation_confounding::surface_shift,40,0.01953125,0.0011488970588235295,5.157389449510875e-12,1.14608654433575e-12
treatment_allocation_confounding,surface_shift,near_optimal_rate,causal_light,workflow,12,"0,1,2,3,4,5,6,7,8,9,10,11",True,0.99825,0.8971666666666667,0.10108333333333334,0.09764082199628323,0.10452584467038346,student_t,0.00048828125,1.5087358551109595e-15,18.656521244493465,large,causal_light,treatment_allocation_confounding::surface_shift,40,0.01953125,0.0011488970588235295,5.884069834932742e-14,3.017471710221919e-14
treatment_allocation_confounding,surface_shift,avg_cost,causal_light,workflow,12,"0,1,2,3,4,5,6,7,8,9,10,11",True,0.3458249999999999,0.5014,-0.155575,-0.15992780934162812,-0.15122219065837186,student_t,0.00048828125,1.7436958947528472e-16,-22.70892918758094,large,causal_light,treatment_allocation_confounding::surface_shift,40,0.01953125,0.0011488970588235295,6.974783579011389e-15,6.974783579011389e-15
treatment_allocation_confounding,surface_shift,fairness_gap_ses,causal_light,workflow,12,"0,1,2,3,4,5,6,7,8,9,10,11",True,0.016862288114299528,0.016275822475081157,0.0005864656392183691,-0.005795336311009383,0.006968267589446121,student_t,0.84326171875,0.8434033958674181,0.05838828793575608,negligible,workflow,treatment_allocation_confounding::surface_shift,40,1.0,0.8648838141025641,1.0,0.8650291239665827
treatment_allocation_confounding,adversarial,success_rate,causal_light,workflow,12,"0,1,2,3,4,5,6,7,8,9,10,11",True,0.6960000000000001,0.5561666666666667,0.13983333333333334,0.13375818094068403,0.14590848572598264,student_t,0.00048828125,2.178910441422329e-14,14.624466274385176,large,causal_light,treatment_allocation_confounding::adversarial,40,0.01953125,0.0006734913793103449,8.27985967740485e-13,2.500613044083926e-13
treatment_allocation_confounding,adversarial,near_optimal_rate,causal_light,workflow,12,"0,1,2,3,4,5,6,7,8,9,10,11",True,0.9915000000000003,0.8484166666666667,0.14308333333333334,0.1369622922321468,0.1492043744345199,student_t,0.00048828125,1.8395573318124904e-14,14.852181395129612,large,causal_light,treatment_allocation_confounding::adversarial,40,0.01953125,0.0006734913793103449,7.174273594068713e-13,2.500613044083926e-13
treatment_allocation_confounding,adversarial,avg_cost,causal_light,workflow,12,"0,1,2,3,4,5,6,7,8,9,10,11",True,0.3794041666666666,0.5814583333333333,-0.20205416666666665,-0.2084663867690472,-0.1956419465642861,student_t,0.00048828125,6.95294070833827e-16,-20.02100530683365,large,causal_light,treatment_allocation_confounding::adversarial,40,0.01953125,0.0006734913793103449,2.7811762833353082e-14,2.7811762833353082e-14
treatment_allocation_confounding,adversarial,fairness_gap_ses,causal_light,workflow,12,"0,1,2,3,4,5,6,7,8,9,10,11",True,0.050582978451983375,0.05436669204382455,-0.003783713591841183,-0.008966286336234978,0.0013988591525526126,student_t,0.134765625,0.13637650355822514,-0.46387326147768987,small,causal_light,treatment_allocation_confounding::adversarial,40,0.98046875,0.15401785714285715,1.0,0.15585886120940018
treatment_allocation_confounding,degradation,success_rate_drop,causal_light,workflow,12,"0,1,2,3,4,5,6,7,8,9,10,11",True,0.013833333333333336,0.03016666666666663,-0.016333333333333293,-0.023172898049539068,-0.009493768617127519,student_t,0.00244140625,0.0002700365542598624,-1.5173048759136696,large,causal_light,treatment_allocation_confounding::degradation,30,0.0341796875,0.004069010416666667,0.005400731085197248,0.0006988815044985373
treatment_allocation_confounding,degradation,fairness_gap_increase,causal_light,workflow,12,"0,1,2,3,4,5,6,7,8,9,10,11",True,0.006416842691127276,0.015273575081837583,-0.008856732390710309,-0.014923922654865016,-0.0027895421265556027,student_t,0.0068359375,0.008262154413022181,-0.9274967562960623,large,causal_light,treatment_allocation_confounding::degradation,30,0.068359375,0.009765625,0.08262154413022181,0.011803077732888832
treatment_allocation_confounding,degradation,near_optimal_rate_drop,causal_light,workflow,12,"0,1,2,3,4,5,6,7,8,9,10,11",True,0.0043333333333333375,0.0369166666666667,-0.03258333333333336,-0.038052066692032406,-0.027114599974634314,student_t,0.00048828125,4.6484751490813234e-08,-3.785604628021795,large,causal_light,treatment_allocation_confounding::degradation,30,0.0146484375,0.0013316761363636363,1.2550882902519573e-06,3.287237125062867e-07
treatment_allocation_confounding,overall,success_rate,stability_filtered,structural_causal,12,"0,1,2,3,4,5,6,7,8,9,10,11",True,0.6809999999999999,0.7071666666666666,-0.026166666666666682,-0.06859750626966878,0.01626417293633541,student_t,0.21044921875,0.20187323701814958,-0.39182601555787133,small,structural_causal,treatment_allocation_confounding::overall,40,1.0,0.2550899621212121,1.0,0.2446948327492722
treatment_allocation_confounding,overall,near_optimal_rate,stability_filtered,structural_causal,12,"0,1,2,3,4,5,6,7,8,9,10,11",True,0.9951111111111111,0.9945277777777778,0.0005833333333333338,-0.001856850252739196,0.0030235169194058635,student_t,0.6318359375,0.6092268691021016,0.15188706281096195,negligible,stability_filtered,treatment_allocation_confounding::overall,40,1.0,0.7020399305555556,1.0,0.6769187434467795
treatment_allocation_confounding,overall,avg_cost,stability_filtered,structural_causal,12,"0,1,2,3,4,5,6,7,8,9,10,11",True,0.3573333333333333,0.2769111111111111,0.0804222222222222,-0.005420906404208378,0.1662653508486528,student_t,0.06689453125,0.06364600237126689,0.5952467367531858,medium,structural_causal,treatment_allocation_confounding::overall,40,0.6689453125,0.08631552419354839,0.6364600237126689,0.08212387402744115
treatment_allocation_confounding,overall,fairness_gap_ses,stability_filtered,structural_causal,12,"0,1,2,3,4,5,6,7,8,9,10,11",True,0.009468123617313754,0.008826340589847057,0.0006417830274666962,-0.003072677118226122,0.004356243173159514,student_t,0.705078125,0.7109743213929702,0.10977893569994392,negligible,structural_causal,treatment_allocation_confounding::overall,40,1.0,0.7622466216216216,1.0,0.7686208879924002
treatment_allocation_confounding,normal,success_rate,stability_filtered,structural_causal,12,"0,1,2,3,4,5,6,7,8,9,10,11",True,0.6785000000000001,0.703,-0.024499999999999977,-0.06753363928118708,0.01853363928118713,student_t,0.22802734375,0.23616213947501616,-0.3617299768170986,small,structural_causal,treatment_allocation_confounding::normal,40,1.0,0.2682674632352941,1.0,0.27783781114707784
treatment_allocation_confounding,normal,near_optimal_rate,stability_filtered,structural_causal,12,"0,1,2,3,4,5,6,7,8,9,10,11",True,0.9951666666666666,0.9942500000000001,0.0009166666666666675,-0.0024175339949530092,0.0042508673282863445,student_t,0.642578125,0.5573807592150631,0.1746812122282987,negligible,stability_filtered,treatment_allocation_confounding::normal,40,1.0,0.6763980263157895,1.0,0.5867165886474348
treatment_allocation_confounding,normal,avg_cost,stability_filtered,structural_causal,12,"0,1,2,3,4,5,6,7,8,9,10,11",True,0.361475,0.2642,0.09727500000000001,0.013356255717591525,0.1811937442824085,student_t,0.037109375,0.026933280737043458,0.736493221667522,medium,structural_causal,treatment_allocation_confounding::normal,40,0.37109375,0.04788306451612903,0.31171795993995277,0.03475262030586253
treatment_allocation_confounding,normal,fairness_gap_ses,stability_filtered,structural_causal,12,"0,1,2,3,4,5,6,7,8,9,10,11",True,0.021093769598970316,0.018206603800395637,0.0028871657985746787,-0.006083330537455025,0.011857662134604383,student_t,0.49169921875,0.4934417305337222,0.2044945521394384,small,structural_causal,treatment_allocation_confounding::normal,40,1.0,0.5463324652777778,1.0,0.5482685894819136
treatment_allocation_confounding,surface_shift,success_rate,stability_filtered,structural_causal,12,"0,1,2,3,4,5,6,7,8,9,10,11",True,0.6831666666666666,0.7045833333333333,-0.02141666666666665,-0.06458395403192566,0.021750620698592352,student_t,0.291015625,0.29818183322107644,-0.31522714615980485,small,structural_causal,treatment_allocation_confounding::surface_shift,40,1.0,0.3880208333333333,1.0,0.3975757776281019
treatment_allocation_confounding,surface_shift,near_optimal_rate,stability_filtered,structural_causal,12,"0,1,2,3,4,5,6,7,8,9,10,11",True,0.9974166666666666,0.9950833333333332,0.0023333333333333353,0.00028194093101201493,0.004384725735654656,student_t,0.01171875,0.029324106739197987,0.7226941411865924,medium,stability_filtered,treatment_allocation_confounding::surface_shift,40,0.2578125,0.024671052631578948,0.5596023604797322,0.0533165577076327
treatment_allocation_confounding,surface_shift,avg_cost,stability_filtered,structural_causal,12,"0,1,2,3,4,5,6,7,8,9,10,11",True,0.35131249999999997,0.27990833333333337,0.07140416666666664,-0.019512020874451363,0.16232035420778465,student_t,0.11083984375,0.11180422091540715,0.4990095193818754,small,structural_causal,treatment_allocation_confounding::surface_shift,40,1.0,0.16420717592592593,1.0,0.1656358828376402
treatment_allocation_confounding,surface_shift,fairness_gap_ses,stability_filtered,structural_causal,12,"0,1,2,3,4,5,6,7,8,9,10,11",True,0.01710513497191832,0.012886349081679826,0.004218785890238497,0.00043369815462306234,0.008003873625853931,student_t,0.03173828125,0.03206465218413385,0.7081708164287326,medium,structural_causal,treatment_allocation_confounding::surface_shift,40,0.60302734375,0.05770596590909091,0.5771637393144093,0.05576461249414583
treatment_allocation_confounding,adversarial,success_rate,stability_filtered,structural_causal,12,"0,1,2,3,4,5,6,7,8,9,10,11",True,0.6813333333333333,0.7139166666666666,-0.032583333333333325,-0.0764514229721976,0.011284756305530955,student_t,0.12255859375,0.13035747430872247,-0.47192532162985346,small,structural_causal,treatment_allocation_confounding::adversarial,40,0.98046875,0.14855587121212122,1.0,0.15585886120940018
treatment_allocation_confounding,adversarial,near_optimal_rate,stability_filtered,structural_causal,12,"0,1,2,3,4,5,6,7,8,9,10,11",True,0.9927499999999999,0.99425,-0.0015000000000000013,-0.004535058102385843,0.0015350581023858396,student_t,0.359375,0.299951677919947,-0.314015250727163,small,structural_causal,treatment_allocation_confounding::adversarial,40,1.0,0.3885135135135135,1.0,0.32850248804289406
treatment_allocation_confounding,adversarial,avg_cost,stability_filtered,structural_causal,12,"0,1,2,3,4,5,6,7,8,9,10,11",True,0.3592125,0.28662499999999996,0.07258750000000001,-0.01244218181689849,0.15761718181689852,student_t,0.0849609375,0.08699516255801269,0.5423976215534304,medium,structural_causal,treatment_allocation_confounding::adversarial,40,0.7646484375,0.106201171875,0.7829564630221142,0.10874395319751587
treatment_allocation_confounding,adversarial,fairness_gap_ses,stability_filtered,structural_causal,12,"0,1,2,3,4,5,6,7,8,9,10,11",True,0.013753279935111365,0.01421730465675002,-0.000464024721638654,-0.008326813833333497,0.007398764390056189,student_t,0.89990234375,0.8989968777973301,-0.03749652166831726,negligible,stability_filtered,treatment_allocation_confounding::adversarial,40,1.0,0.89990234375,1.0,0.8989968777973301
treatment_allocation_confounding,degradation,success_rate_drop,stability_filtered,structural_causal,12,"0,1,2,3,4,5,6,7,8,9,10,11",True,-0.0028333333333333357,-0.010916666666666686,0.00808333333333335,-0.010069403819473863,0.026236070486140566,student_t,0.361328125,0.3481064845080597,0.2829273034328508,small,structural_causal,treatment_allocation_confounding::degradation,30,0.90234375,0.3737877155172414,0.8014756491594062,0.36011015638764793
treatment_allocation_confounding,degradation,fairness_gap_increase,stability_filtered,structural_causal,12,"0,1,2,3,4,5,6,7,8,9,10,11",True,-0.00734048966385895,-0.003989299143645619,-0.0033511905202133333,-0.017303697296960702,0.010601316256534035,student_t,0.62158203125,0.6075532100237155,-0.15260661808481957,negligible,stability_filtered,treatment_allocation_confounding::degradation,30,0.90234375,0.62158203125,0.8014756491594062,0.6075532100237155
treatment_allocation_confounding,degradation,near_optimal_rate_drop,stability_filtered,structural_causal,12,"0,1,2,3,4,5,6,7,8,9,10,11",True,0.002416666666666669,0.0,0.002416666666666669,-0.000569120212972344,0.005402453546305682,student_t,0.115234375,0.10243261040855309,0.5142620040456338,medium,structural_causal,treatment_allocation_confounding::degradation,30,0.4609375,0.12803819444444445,0.40973044163421235,0.11381401156505898
treatment_allocation_confounding,overall,success_rate,stability_filtered,workflow,12,"0,1,2,3,4,5,6,7,8,9,10,11",True,0.6809999999999999,0.5816666666666667,0.09933333333333332,0.07267333737463191,0.12599332929203472,student_t,0.00048828125,5.156986701178277e-06,2.367344280135263,large,stability_filtered,treatment_allocation_confounding::overall,40,0.01953125,0.0007512019230769231,8.766877392003071e-05,8.59497783529713e-06
treatment_allocation_confounding,overall,near_optimal_rate,stability_filtered,workflow,12,"0,1,2,3,4,5,6,7,8,9,10,11",True,0.9951111111111111,0.8769722222222222,0.11813888888888886,0.11438329223415535,0.12189448554362238,student_t,0.00048828125,7.085184871170881e-16,19.986669441730093,large,stability_filtered,treatment_allocation_confounding::overall,40,0.01953125,0.0007512019230769231,2.5506665536215172e-14,5.668147896936705e-15
treatment_allocation_confounding,overall,avg_cost,stability_filtered,workflow,12,"0,1,2,3,4,5,6,7,8,9,10,11",True,0.3573333333333333,0.5379777777777778,-0.1806444444444444,-0.23572114441051512,-0.1255677444783737,student_t,0.00048828125,1.7105977405552974e-05,-2.083930305463778,large,stability_filtered,treatment_allocation_confounding::overall,40,0.01953125,0.0007512019230769231,0.0002736956384888476,2.7369563848884756e-05
treatment_allocation_confounding,overall,fairness_gap_ses,stability_filtered,workflow,12,"0,1,2,3,4,5,6,7,8,9,10,11",True,0.009468123617313754,0.030707268327268483,-0.021239144709954732,-0.02666678651447637,-0.015811502905433095,student_t,0.00048828125,3.216470067665044e-06,-2.4862931673639097,large,stability_filtered,treatment_allocation_confounding::overall,40,0.01953125,0.0007512019230769231,5.7896461217970794e-05,5.593860987243555e-06
treatment_allocation_confounding,normal,success_rate,stability_filtered,workflow,12,"0,1,2,3,4,5,6,7,8,9,10,11",True,0.6785000000000001,0.5863333333333333,0.09216666666666669,0.0671157298816784,0.11721760345165498,student_t,0.00048828125,5.81840381417895e-06,2.3376333861162415,large,stability_filtered,treatment_allocation_confounding::normal,40,0.01953125,0.0008491847826086956,0.00012218648009775795,1.16368076283579e-05
treatment_allocation_confounding,normal,near_optimal_rate,stability_filtered,workflow,12,"0,1,2,3,4,5,6,7,8,9,10,11",True,0.9951666666666666,0.8853333333333332,0.10983333333333334,0.10394842833773528,0.1157182383289314,student_t,0.00048828125,2.162666370352331e-13,11.858266311929565,large,stability_filtered,treatment_allocation_confounding::normal,40,0.01953125,0.0008491847826086956,8.001865570303624e-12,2.162666370352331e-12
treatment_allocation_confounding,normal,avg_cost,stability_filtered,workflow,12,"0,1,2,3,4,5,6,7,8,9,10,11",True,0.361475,0.5310749999999999,-0.16959999999999995,-0.2209523518056572,-0.11824764819434269,student_t,0.00048828125,1.6045605573116588e-05,-2.098417992201473,large,stability_filtered,treatment_allocation_confounding::normal,40,0.01953125,0.0008491847826086956,0.00030486650588921517,2.9173828314757435e-05
treatment_allocation_confounding,normal,fairness_gap_ses,stability_filtered,workflow,12,"0,1,2,3,4,5,6,7,8,9,10,11",True,0.021093769598970316,0.03909311696198698,-0.017999347363016657,-0.024563621439509492,-0.011435073286523822,student_t,0.00048828125,8.487600001019836e-05,-1.7421941212211656,large,stability_filtered,treatment_allocation_confounding::normal,40,0.01953125,0.0008491847826086956,0.0013671075584414047,0.00013580160001631738
treatment_allocation_confounding,surface_shift,success_rate,stability_filtered,workflow,12,"0,1,2,3,4,5,6,7,8,9,10,11",True,0.6831666666666666,0.6024999999999999,0.0806666666666667,0.05271521424539979,0.10861811908793362,student_t,0.00048828125,5.4302522275490606e-05,1.8336490714452653,large,stability_filtered,treatment_allocation_confounding::surface_shift,40,0.01953125,0.0011488970588235295,0.001357563056887265,0.0001357563056887265
treatment_allocation_confounding,surface_shift,near_optimal_rate,stability_filtered,workflow,12,"0,1,2,3,4,5,6,7,8,9,10,11",True,0.9974166666666666,0.8971666666666667,0.10024999999999996,0.0964947652868796,0.10400523471312033,student_t,0.00048828125,4.288684901883126e-15,16.96187216530014,large,stability_filtered,treatment_allocation_confounding::surface_shift,40,0.01953125,0.0011488970588235295,1.6297002627155878e-13,5.718246535844168e-14
treatment_allocation_confounding,surface_shift,avg_cost,stability_filtered,workflow,12,"0,1,2,3,4,5,6,7,8,9,10,11",True,0.35131249999999997,0.5014,-0.1500875,-0.20796109954102376,-0.09221390045897626,student_t,0.00048828125,0.0001365751010420461,-1.6477469641276434,large,stability_filtered,treatment_allocation_confounding::surface_shift,40,0.01953125,0.0011488970588235295,0.0032778024250091063,0.0003213531789224614
treatment_allocation_confounding,surface_shift,fairness_gap_ses,stability_filtered,workflow,12,"0,1,2,3,4,5,6,7,8,9,10,11",True,0.01710513497191832,0.016275822475081157,0.0008293124968371631,-0.0047642090039090364,0.0064228339975833625,student_t,0.74755859375,0.7503030120292533,0.09420184077998925,negligible,workflow,treatment_allocation_confounding::surface_shift,40,1.0,0.8081714527027027,1.0,0.8111383913829766
treatment_allocation_confounding,adversarial,success_rate,stability_filtered,workflow,12,"0,1,2,3,4,5,6,7,8,9,10,11",True,0.6813333333333333,0.5561666666666667,0.12516666666666668,0.09586337393839521,0.15446995939493813,student_t,0.00048828125,1.3651339560816027e-06,2.7139307040118945,large,stability_filtered,treatment_allocation_confounding::adversarial,40,0.01953125,0.0006734913793103449,2.7105645888875518e-05,2.482061738330187e-06
treatment_allocation_confounding,adversarial,near_optimal_rate,stability_filtered,workflow,12,"0,1,2,3,4,5,6,7,8,9,10,11",True,0.9927499999999999,0.8484166666666667,0.14433333333333334,0.1376073935496122,0.15105927311705447,student_t,0.00048828125,4.695288775660897e-14,13.634529570571194,large,stability_filtered,treatment_allocation_confounding::adversarial,40,0.01953125,0.0006734913793103449,1.6433510714813141e-12,3.1301925171072647e-13
treatment_allocation_confounding,adversarial,avg_cost,stability_filtered,workflow,12,"0,1,2,3,4,5,6,7,8,9,10,11",True,0.3592125,0.5814583333333333,-0.22224583333333325,-0.2795341086526337,-0.16495755801403283,student_t,0.00048828125,3.4973965764183013e-06,-2.46487199776822,large,stability_filtered,treatment_allocation_confounding::adversarial,40,0.01953125,0.0006734913793103449,5.595834522269282e-05,5.595834522269282e-06
treatment_allocation_confounding,adversarial,fairness_gap_ses,stability_filtered,workflow,12,"0,1,2,3,4,5,6,7,8,9,10,11",True,0.013753279935111365,0.05436669204382455,-0.0406134121087132,-0.05053137370997073,-0.030695450507455667,student_t,0.00048828125,2.0670006443224753e-06,-2.6017978280506537,large,stability_filtered,treatment_allocation_confounding::adversarial,40,0.01953125,0.0006734913793103449,3.7206011597804554e-05,3.5947837292564786e-06
treatment_allocation_confounding,degradation,success_rate_drop,stability_filtered,workflow,12,"0,1,2,3,4,5,6,7,8,9,10,11",True,-0.0028333333333333357,0.03016666666666663,-0.03299999999999997,-0.04687800571372473,-0.019121994286275205,student_t,0.00048828125,0.0002795526017994149,-1.5108222401935336,large,stability_filtered,treatment_allocation_confounding::degradation,30,0.0146484375,0.0013316761363636363,0.005400731085197248,0.0006988815044985373
treatment_allocation_confounding,degradation,fairness_gap_increase,stability_filtered,workflow,12,"0,1,2,3,4,5,6,7,8,9,10,11",True,-0.00734048966385895,0.015273575081837583,-0.022614064745696535,-0.03379867317222043,-0.011429456319172642,student_t,0.00244140625,0.00097844782041994,-1.2846485722841614,large,stability_filtered,treatment_allocation_confounding::degradation,30,0.0341796875,0.004069010416666667,0.0146767173062991,0.0018204781129166079
treatment_allocation_confounding,degradation,near_optimal_rate_drop,stability_filtered,workflow,12,"0,1,2,3,4,5,6,7,8,9,10,11",True,0.002416666666666669,0.0369166666666667,-0.03450000000000003,-0.04038282589113623,-0.028617174108863826,student_t,0.00048828125,5.4787285417714445e-08,-3.7261436286680385,large,stability_filtered,treatment_allocation_confounding::degradation,30,0.0146484375,0.0013316761363636363,1.4244694208605756e-06,3.287237125062867e-07
treatment_allocation_confounding,overall,success_rate,structural_causal,workflow,12,"0,1,2,3,4,5,6,7,8,9,10,11",True,0.7071666666666666,0.5816666666666667,0.12550000000000003,0.09976909256318597,0.15123090743681408,student_t,0.00048828125,3.62307679986412e-07,3.0989538925314157,large,structural_causal,treatment_allocation_confounding::overall,40,0.01953125,0.0007512019230769231,7.970768959701064e-06,7.627530104977096e-07
treatment_allocation_confounding,overall,near_optimal_rate,structural_causal,workflow,12,"0,1,2,3,4,5,6,7,8,9,10,11",True,0.9945277777777778,0.8769722222222222,0.11755555555555557,0.11372803654595737,0.12138307456515376,student_t,0.00048828125,9.21241160466909e-16,19.51426926677992,large,structural_causal,treatment_allocation_confounding::overall,40,0.01953125,0.0007512019230769231,3.224344061634181e-14,6.14160773644606e-15
treatment_allocation_confounding,overall,avg_cost,structural_causal,workflow,12,"0,1,2,3,4,5,6,7,8,9,10,11",True,0.2769111111111111,0.5379777777777778,-0.2610666666666666,-0.3160617387635336,-0.20607159456979962,student_t,0.00048828125,4.7618008883606167e-07,-3.0161583583276546,large,structural_causal,treatment_allocation_confounding::overall,40,0.01953125,0.0007512019230769231,9.999781865557295e-06,9.523601776721232e-07
treatment_allocation_confounding,overall,fairness_gap_ses,structural_causal,workflow,12,"0,1,2,3,4,5,6,7,8,9,10,11",True,0.008826340589847057,0.030707268327268483,-0.021880927737421427,-0.026928116921467418,-0.016833738553375437,student_t,0.00048828125,1.1788220881136525e-06,-2.754499129717623,large,structural_causal,treatment_allocation_confounding::overall,40,0.01953125,0.0007512019230769231,2.2397619674159397e-05,2.1433128874793683e-06
treatment_allocation_confounding,normal,success_rate,structural_causal,workflow,12,"0,1,2,3,4,5,6,7,8,9,10,11",True,0.703,0.5863333333333333,0.11666666666666668,0.09081757007990283,0.14251576325343052,student_t,0.00048828125,7.899440988869695e-07,2.8676616713781833,large,structural_causal,treatment_allocation_confounding::normal,40,0.01953125,0.0008491847826086956,1.737877017551333e-05,1.6630402081830937e-06
treatment_allocation_confounding,normal,near_optimal_rate,structural_causal,workflow,12,"0,1,2,3,4,5,6,7,8,9,10,11",True,0.9942500000000001,0.8853333333333332,0.10891666666666666,0.10265338312115543,0.11517995021217789,student_t,0.00048828125,4.683262465793093e-13,11.048892795923027,large,structural_causal,treatment_allocation_confounding::normal,40,0.01953125,0.0008491847826086956,1.6859744876855136e-11,3.746609972634475e-12
treatment_allocation_confounding,normal,avg_cost,structural_causal,workflow,12,"0,1,2,3,4,5,6,7,8,9,10,11",True,0.2642,0.5310749999999999,-0.266875,-0.32117825714708137,-0.21257174285291855,student_t,0.00048828125,3.3554187306853356e-07,-3.122543549209706,large,structural_causal,treatment_allocation_confounding::normal,40,0.01953125,0.0008491847826086956,8.053004953644805e-06,7.895102895730202e-07
treatment_allocation_confounding,normal,fairness_gap_ses,structural_causal,workflow,12,"0,1,2,3,4,5,6,7,8,9,10,11",True,0.018206603800395637,0.03909311696198698,-0.020886513161591343,-0.0317876881386033,-0.00998533818457939,student_t,0.00341796875,0.0014435050180060974,-1.2173602721578105,large,structural_causal,treatment_allocation_confounding::normal,40,0.0478515625,0.005063657407407407,0.020209070252085362,0.0021385259526016257
treatment_allocation_confounding,surface_shift,success_rate,structural_causal,workflow,12,"0,1,2,3,4,5,6,7,8,9,10,11",True,0.7045833333333333,0.6024999999999999,0.10208333333333335,0.07515213560702345,0.12901453105964325,student_t,0.00048828125,4.373245742916132e-06,2.4083836240988665,large,structural_causal,treatment_allocation_confounding::surface_shift,40,0.01953125,0.0011488970588235295,0.00011370438931581944,1.1661988647776353e-05
treatment_allocation_confounding,surface_shift,near_optimal_rate,structural_causal,workflow,12,"0,1,2,3,4,5,6,7,8,9,10,11",True,0.9950833333333332,0.8971666666666667,0.09791666666666665,0.09405225941955002,0.10178107391378328,student_t,0.00048828125,7.60260968018709e-15,16.09904906648552,large,structural_causal,treatment_allocation_confounding::surface_shift,40,0.01953125,0.0011488970588235295,2.8129655816692236e-13,7.60260968018709e-14
treatment_allocation_confounding,surface_shift,avg_cost,structural_causal,workflow,12,"0,1,2,3,4,5,6,7,8,9,10,11",True,0.27990833333333337,0.5014,-0.22149166666666664,-0.27910430588316015,-0.1638790274501731,student_t,0.00048828125,3.816607305956283e-06,-2.4426773865880844,large,structural_causal,treatment_allocation_confounding::surface_shift,40,0.01953125,0.0011488970588235295,0.00010304839726081964,1.0904592302732237e-05
treatment_allocation_confounding,surface_shift,fairness_gap_ses,structural_causal,workflow,12,"0,1,2,3,4,5,6,7,8,9,10,11",True,0.012886349081679826,0.016275822475081157,-0.003389473393401334,-0.009391864540555748,0.002612917753753079,student_t,0.25048828125,0.2397570751423429,-0.358785123690811,small,structural_causal,treatment_allocation_confounding::surface_shift,40,1.0,0.3455010775862069,1.0,0.3380067656303948
treatment_allocation_confounding,adversarial,success_rate,structural_causal,workflow,12,"0,1,2,3,4,5,6,7,8,9,10,11",True,0.7139166666666666,0.5561666666666667,0.15775,0.12988693006335367,0.18561306993664634,student_t,0.00048828125,7.887716510397654e-08,3.5972191292599733,large,structural_causal,treatment_allocation_confounding::adversarial,40,0.01953125,0.0006734913793103449,1.9719291275994135e-06,1.9719291275994135e-07
treatment_allocation_confounding,adversarial,near_optimal_rate,structural_causal,workflow,12,"0,1,2,3,4,5,6,7,8,9,10,11",True,0.99425,0.8484166666666667,0.14583333333333334,0.13941736730585164,0.15224929936081505,student_t,0.00048828125,2.5006130440839264e-14,14.441797073914328,large,structural_causal,treatment_allocation_confounding::adversarial,40,0.01953125,0.0006734913793103449,9.252268263110529e-13,2.500613044083926e-13
treatment_allocation_confounding,adversarial,avg_cost,structural_causal,workflow,12,"0,1,2,3,4,5,6,7,8,9,10,11",True,0.28662499999999996,0.5814583333333333,-0.2948333333333332,-0.35084674367955615,-0.2388199229871103,student_t,0.00048828125,1.6686849101944755e-07,-3.344344892696619,large,structural_causal,treatment_allocation_confounding::adversarial,40,0.01953125,0.0006734913793103449,3.837975293447294e-06,3.595507381837636e-07
treatment_allocation_confounding,adversarial,fairness_gap_ses,structural_causal,workflow,12,"0,1,2,3,4,5,6,7,8,9,10,11",True,0.01421730465675002,0.05436669204382455,-0.04014938738707454,-0.04793793253309848,-0.032360842241050604,student_t,0.00048828125,2.0651147933280767e-07,-3.275284823066641,large,structural_causal,treatment_allocation_confounding::adversarial,40,0.01953125,0.0006734913793103449,4.336741065988961e-06,4.1302295866561534e-07
treatment_allocation_confounding,degradation,success_rate_drop,structural_causal,workflow,12,"0,1,2,3,4,5,6,7,8,9,10,11",True,-0.010916666666666686,0.03016666666666663,-0.04108333333333331,-0.05623431988784358,-0.02593234677882304,student_t,0.00048828125,9.344149815685458e-05,-1.7228650134750982,large,structural_causal,treatment_allocation_confounding::degradation,30,0.0146484375,0.0013316761363636363,0.002055712959450801,0.0003114716605228486
treatment_allocation_confounding,degradation,fairness_gap_increase,structural_causal,workflow,12,"0,1,2,3,4,5,6,7,8,9,10,11",True,-0.003989299143645619,0.015273575081837583,-0.0192628742254832,-0.03140791714278812,-0.007117831308178281,student_t,0.0048828125,0.005050429459199667,-1.0077400678632031,large,structural_causal,treatment_allocation_confounding::degradation,30,0.0537109375,0.00732421875,0.06060515351039601,0.007974362303999474
treatment_allocation_confounding,degradation,near_optimal_rate_drop,structural_causal,workflow,12,"0,1,2,3,4,5,6,7,8,9,10,11",True,0.0,0.0369166666666667,-0.0369166666666667,-0.0435940051801778,-0.030239328153155606,student_t,0.00048828125,1.0078401117788147e-07,-3.5127365356325635,large,structural_causal,treatment_allocation_confounding::degradation,30,0.0146484375,0.0013316761363636363,2.5196002794470367e-06,5.039200558894073e-07
missing_data_bias,overall,success_rate,baseline,causal_light,12,"0,1,2,3,4,5,6,7,8,9,10,11",True,0.5955833333333334,0.7030833333333333,-0.1075,-0.11303571071273105,-0.10196428928726894,student_t,0.00048828125,1.4009922376430067e-13,-12.338477375758137,large,causal_light,missing_data_bias::overall,40,0.01953125,0.0008877840909090909,5.183671279279125e-12,1.4009922376430067e-12
missing_data_bias,overall,near_optimal_rate,baseline,causal_light,12,"0,1,2,3,4,5,6,7,8,9,10,11",True,0.9499166666666667,0.9978333333333333,-0.047916666666666684,-0.051586225613464015,-0.04424710771986935,student_t,0.00048828125,1.0628875434836823e-11,-8.296582221244192,large,causal_light,missing_data_bias::overall,40,0.01953125,0.0008877840909090909,3.8263951565412563e-10,7.1330803223848e-11
missing_data_bias,overall,avg_cost,baseline,causal_light,12,"0,1,2,3,4,5,6,7,8,9,10,11",True,0.5123333333333334,0.35861805555555554,0.1537152777777778,0.14824518107175821,0.15918537448379738,student_t,0.00048828125,2.443345560502791e-15,17.854534065503174,large,causal_light,missing_data_bias::overall,40,0.01953125,0.0008877840909090909,9.529047685960885e-14,4.8866911210055817e-14
missing_data_bias,overall,fairness_gap_ses,baseline,causal_light,12,"0,1,2,3,4,5,6,7,8,9,10,11",True,0.018172878607046427,0.008173068099359162,0.009999810507687263,0.005887831328715148,0.014111789686659378,student_t,0.00146484375,0.00023291492891041503,1.5451382896345405,large,causal_light,missing_data_bias::overall,40,0.02197265625,0.002170138888888889,0.003959553791477055,0.0003766078373844685
missing_data_bias,normal,success_rate,baseline,causal_light,12,"0,1,2,3,4,5,6,7,8,9,10,11",True,0.615,0.7009166666666666,-0.08591666666666664,-0.09395562079963919,-0.07787771253369409,student_t,0.00048828125,9.315276939656907e-11,-6.790540751112613,large,causal_light,missing_data_bias::normal,40,0.01953125,0.0011488970588235295,3.4466524676730557e-09,9.315276939656906e-10
missing_data_bias,normal,near_optimal_rate,baseline,causal_light,12,"0,1,2,3,4,5,6,7,8,9,10,11",True,0.9665833333333333,0.9990833333333335,-0.03250000000000003,-0.03644934081748942,-0.02855065918251064,student_t,0.00048828125,1.5437655768033629e-09,-5.228597832508984,large,causal_light,missing_data_bias::normal,40,0.01953125,0.0011488970588235295,5.5575560764921063e-08,1.2350124614426905e-08
missing_data_bias,normal,avg_cost,baseline,causal_light,12,"0,1,2,3,4,5,6,7,8,9,10,11",True,0.48451666666666665,0.3631624999999999,0.1213541666666667,0.11191625347889093,0.13079207985444247,student_t,0.00048828125,1.2566501005807221e-11,8.16968300056352,large,causal_light,missing_data_bias::normal,40,0.01953125,0.0011488970588235295,4.775270382206744e-10,1.6755334674409628e-10
missing_data_bias,normal,fairness_gap_ses,baseline,causal_light,12,"0,1,2,3,4,5,6,7,8,9,10,11",True,0.021084560048577023,0.015338338866074294,0.0057462211825027275,-0.0008123628100802742,0.01230480517508573,student_t,0.0810546875,0.08000832615063312,0.5566711900272788,medium,causal_light,missing_data_bias::normal,40,0.97265625,0.11179956896551724,0.9600999138075974,0.11035631193190776
missing_data_bias,surface_shift,success_rate,baseline,causal_light,12,"0,1,2,3,4,5,6,7,8,9,10,11",True,0.6039166666666665,0.7034166666666666,-0.09949999999999999,-0.11021258027636166,-0.08878741972363832,student_t,0.00048828125,4.2242346068825127e-10,-5.9014058479121445,large,causal_light,missing_data_bias::surface_shift,40,0.01953125,0.0010279605263157894,1.6052091506153547e-08,5.632312809176683e-09
missing_data_bias,surface_shift,near_optimal_rate,baseline,causal_light,12,"0,1,2,3,4,5,6,7,8,9,10,11",True,0.9571666666666667,0.9985833333333334,-0.041416666666666706,-0.04625897296793892,-0.03657436036539449,student_t,0.00048828125,1.022112328383514e-09,-5.4343721592456395,large,causal_light,missing_data_bias::surface_shift,40,0.01953125,0.0010279605263157894,3.6796043821806504e-08,6.989173769537968e-09
missing_data_bias,surface_shift,avg_cost,baseline,causal_light,12,"0,1,2,3,4,5,6,7,8,9,10,11",True,0.5026583333333333,0.36164166666666664,0.14101666666666668,0.13384642200616714,0.14818691132716622,student_t,0.00048828125,1.2196931850485e-13,12.495768226939878,large,causal_light,missing_data_bias::surface_shift,40,0.01953125,0.0010279605263157894,4.8787727401939994e-12,3.281047657674149e-12
missing_data_bias,surface_shift,fairness_gap_ses,baseline,causal_light,12,"0,1,2,3,4,5,6,7,8,9,10,11",True,0.02530672075913273,0.017627668474903543,0.007679052284229191,-0.0005499976011104565,0.01590810216956884,student_t,0.0634765625,0.06454275536336816,0.592904055363579,medium,causal_light,missing_data_bias::surface_shift,40,0.6982421875,0.08463541666666667,0.6454275536336816,0.08328097466241054
missing_data_bias,adversarial,success_rate,baseline,causal_light,12,"0,1,2,3,4,5,6,7,8,9,10,11",True,0.5678333333333333,0.7049166666666666,-0.13708333333333333,-0.1457843698453827,-0.12838229682128396,student_t,0.00048828125,1.3760313866200177e-12,-10.010140115753108,large,causal_light,missing_data_bias::adversarial,40,0.01953125,0.0009300595238095238,5.0913161304940654e-11,1.3760313866200177e-11
missing_data_bias,adversarial,near_optimal_rate,baseline,causal_light,12,"0,1,2,3,4,5,6,7,8,9,10,11",True,0.9260000000000002,0.9958333333333332,-0.0698333333333333,-0.07497967329395856,-0.06468699337270804,student_t,0.00048828125,6.998827583352367e-12,-8.621658014153104,large,causal_light,missing_data_bias::adversarial,40,0.01953125,0.0009300595238095238,2.519577930006852e-10,5.5990620666818934e-11
missing_data_bias,adversarial,avg_cost,baseline,causal_light,12,"0,1,2,3,4,5,6,7,8,9,10,11",True,0.5498249999999999,0.3510499999999999,0.198775,0.19223574825068357,0.20531425174931645,student_t,0.00048828125,1.0319905680142978e-15,19.313464971256305,large,causal_light,missing_data_bias::adversarial,40,0.01953125,0.0009300595238095238,4.024763215255761e-14,2.0639811360285956e-14
missing_data_bias,adversarial,fairness_gap_ses,baseline,causal_light,12,"0,1,2,3,4,5,6,7,8,9,10,11",True,0.02088413566266431,0.015154837040244439,0.005729298622419871,-0.003622528507370832,0.015081125752210572,student_t,0.2119140625,0.20463468303978036,0.3892525625008933,small,causal_light,missing_data_bias::adversarial,40,1.0,0.2734375,1.0,0.25579335379972545
missing_data_bias,degradation,success_rate_drop,baseline,causal_light,12,"0,1,2,3,4,5,6,7,8,9,10,11",True,0.04716666666666667,-0.0040000000000000036,0.05116666666666667,0.036683497767645235,0.06564983556568811,student_t,0.00048828125,8.551208192652996e-06,2.2446571760838365,large,causal_light,missing_data_bias::degradation,30,0.0146484375,0.0013316761363636363,0.0002052289966236719,3.4300097769542544e-05
missing_data_bias,degradation,fairness_gap_increase,baseline,causal_light,12,"0,1,2,3,4,5,6,7,8,9,10,11",True,-0.0002004243859127132,-0.0001835018258298576,-1.6922560082856773e-05,-0.009614464381173006,0.00958061926100729,student_t,0.998046875,0.9969730505180858,-0.001120295374489437,negligible,baseline,missing_data_bias::degradation,30,1.0,0.998046875,1.0,0.9969730505180858
missing_data_bias,degradation,near_optimal_rate_drop,baseline,causal_light,12,"0,1,2,3,4,5,6,7,8,9,10,11",True,0.04058333333333328,0.003250000000000003,0.037333333333333274,0.03173281102037688,0.04293385564628967,student_t,0.00048828125,1.438116602144497e-08,4.23540287877102,large,causal_light,missing_data_bias::degradation,30,0.0146484375,0.0013316761363636363,4.314349806433491e-07,4.314349806433491e-07
missing_data_bias,overall,success_rate,baseline,stability_filtered,12,"0,1,2,3,4,5,6,7,8,9,10,11",True,0.5955833333333334,0.71625,-0.12066666666666664,-0.14497063207249886,-0.09636270126083443,student_t,0.00048828125,3.025997498727658e-07,-3.1545445770149856,large,stability_filtered,missing_data_bias::overall,40,0.01953125,0.0008877840909090909,8.170193246564677e-06,8.645707139221881e-07
missing_data_bias,overall,near_optimal_rate,baseline,stability_filtered,12,"0,1,2,3,4,5,6,7,8,9,10,11",True,0.9499166666666667,0.9952777777777779,-0.04536111111111112,-0.048846394297546544,-0.0418758279246757,student_t,0.00048828125,1.1015254196561423e-11,-8.269363905835181,large,stability_filtered,missing_data_bias::overall,40,0.01953125,0.0008877840909090909,3.855338968796498e-10,7.1330803223848e-11
missing_data_bias,overall,avg_cost,baseline,stability_filtered,12,"0,1,2,3,4,5,6,7,8,9,10,11",True,0.5123333333333334,0.27853888888888895,0.2337944444444444,0.18179667215896794,0.28579221672992083,student_t,0.00048828125,8.204991587943634e-07,2.856774368143676,large,stability_filtered,missing_data_bias::overall,40,0.01953125,0.0008877840909090909,2.133297812865345e-05,2.187997756784969e-06
missing_data_bias,overall,fairness_gap_ses,baseline,stability_filtered,12,"0,1,2,3,4,5,6,7,8,9,10,11",True,0.018172878607046427,0.007705008785349241,0.010467869821697185,0.005953472672523502,0.014982266970870869,student_t,0.00048828125,0.00034212347255805817,1.4732791457704855,large,stability_filtered,missing_data_bias::overall,40,0.01953125,0.0008877840909090909,0.005131852088370872,0.0005263438039354742
missing_data_bias,normal,success_rate,baseline,stability_filtered,12,"0,1,2,3,4,5,6,7,8,9,10,11",True,0.615,0.7148333333333333,-0.09983333333333333,-0.1264594286713465,-0.07320723799532017,student_t,0.00048828125,4.8553168682578314e-06,-2.382289741686861,large,stability_filtered,missing_data_bias::normal,40,0.01953125,0.0011488970588235295,0.0001359488723112193,1.4939436517716405e-05
missing_data_bias,normal,near_optimal_rate,baseline,stability_filtered,12,"0,1,2,3,4,5,6,7,8,9,10,11",True,0.9665833333333333,0.9971666666666666,-0.03058333333333336,-0.03461506073338906,-0.026551605933277662,student_t,0.00048828125,3.672624835130556e-09,-4.819701584284586,large,stability_filtered,missing_data_bias::normal,40,0.01953125,0.0011488970588235295,1.2854186922956948e-07,2.4484165567537038e-08
missing_data_bias,normal,avg_cost,baseline,stability_filtered,12,"0,1,2,3,4,5,6,7,8,9,10,11",True,0.48451666666666665,0.27889166666666665,0.20562500000000003,0.1530693457039568,0.25818065429604325,student_t,0.00048828125,3.22145111569402e-06,2.485896022165651,large,stability_filtered,missing_data_bias::normal,40,0.01953125,0.0011488970588235295,9.342208235512658e-05,1.0738170385646733e-05
missing_data_bias,normal,fairness_gap_ses,baseline,stability_filtered,12,"0,1,2,3,4,5,6,7,8,9,10,11",True,0.021084560048577023,0.015878558010538137,0.005206002038038883,0.0009430339821214521,0.009468970093956315,student_t,0.02587890625,0.02110906139988093,0.7759232168176596,medium,stability_filtered,missing_data_bias::normal,40,0.3623046875,0.03833912037037037,0.295526859598333,0.031272683555379155
missing_data_bias,surface_shift,success_rate,baseline,stability_filtered,12,"0,1,2,3,4,5,6,7,8,9,10,11",True,0.6039166666666665,0.7169166666666668,-0.11299999999999999,-0.13625834940469977,-0.08974165059530022,student_t,0.00048828125,3.7683927721081205e-07,-3.086924760601067,large,stability_filtered,missing_data_bias::surface_shift,40,0.01953125,0.0010279605263157894,1.1305178316324362e-05,1.370324644402953e-06
missing_data_bias,surface_shift,near_optimal_rate,baseline,stability_filtered,12,"0,1,2,3,4,5,6,7,8,9,10,11",True,0.9571666666666667,0.9968333333333331,-0.039666666666666704,-0.04466467976889972,-0.03466865356443369,student_t,0.00048828125,2.2711537127301015e-09,-5.0426033469358105,large,stability_filtered,missing_data_bias::surface_shift,40,0.01953125,0.0010279605263157894,7.721922623282345e-08,1.297802121560058e-08
missing_data_bias,surface_shift,avg_cost,baseline,stability_filtered,12,"0,1,2,3,4,5,6,7,8,9,10,11",True,0.5026583333333333,0.27335000000000004,0.22930833333333334,0.17774585301344928,0.2808708136532174,student_t,0.00048828125,9.152455468163275e-07,2.8256120176505592,large,stability_filtered,missing_data_bias::surface_shift,40,0.01953125,0.0010279605263157894,2.562687531085717e-05,2.8161401440502383e-06
missing_data_bias,surface_shift,fairness_gap_ses,baseline,stability_filtered,12,"0,1,2,3,4,5,6,7,8,9,10,11",True,0.02530672075913273,0.015168553589094913,0.010138167170037822,0.0005828935500183721,0.019693440790057273,student_t,0.0205078125,0.039501763781655375,0.6741286917636319,medium,stability_filtered,missing_data_bias::surface_shift,40,0.2529296875,0.028286637931034482,0.4740211653798645,0.05448519142297293
missing_data_bias,adversarial,success_rate,baseline,stability_filtered,12,"0,1,2,3,4,5,6,7,8,9,10,11",True,0.5678333333333333,0.7170000000000001,-0.1491666666666667,-0.17532273828247746,-0.12301059505085594,student_t,0.00048828125,7.316658347077598e-08,-3.623479081716906,large,stability_filtered,missing_data_bias::adversarial,40,0.01953125,0.0009300595238095238,1.9754977537109514e-06,2.0904738134507425e-07
missing_data_bias,adversarial,near_optimal_rate,baseline,stability_filtered,12,"0,1,2,3,4,5,6,7,8,9,10,11",True,0.9260000000000002,0.9918333333333335,-0.0658333333333333,-0.07102935182521436,-0.060637314841452246,student_t,0.00048828125,1.4748896473702924e-11,-8.050106919582174,large,stability_filtered,missing_data_bias::adversarial,40,0.01953125,0.0009300595238095238,5.014624801058994e-10,8.427940842115956e-11
missing_data_bias,adversarial,avg_cost,baseline,stability_filtered,12,"0,1,2,3,4,5,6,7,8,9,10,11",True,0.5498249999999999,0.283375,0.26645,0.21389898697253507,0.319001013027465,student_t,0.00048828125,2.444401184267271e-07,3.221522163618455,large,stability_filtered,missing_data_bias::adversarial,40,0.01953125,0.0009300595238095238,6.111002960668177e-06,6.111002960668177e-07
missing_data_bias,adversarial,fairness_gap_ses,baseline,stability_filtered,12,"0,1,2,3,4,5,6,7,8,9,10,11",True,0.02088413566266431,0.01518857305367662,0.0056955626089876905,-0.0007097659300979824,0.012100891148073363,student_t,0.078125,0.07619062429085674,0.5649652179350767,medium,stability_filtered,missing_data_bias::adversarial,40,1.0,0.11574074074074074,1.0,0.1128749989494174
missing_data_bias,degradation,success_rate_drop,baseline,stability_filtered,12,"0,1,2,3,4,5,6,7,8,9,10,11",True,0.04716666666666667,-0.0021666666666666687,0.04933333333333334,0.035091634928317794,0.06357503173834889,student_t,0.00048828125,1.0290029330862762e-05,2.2009246147085686,large,stability_filtered,missing_data_bias::degradation,30,0.0146484375,0.0013316761363636363,0.00022638064527898079,3.4300097769542544e-05
missing_data_bias,degradation,fairness_gap_increase,baseline,stability_filtered,12,"0,1,2,3,4,5,6,7,8,9,10,11",True,-0.0002004243859127132,-0.0006899849568615203,0.0004895605709488072,-0.0073160154695232,0.008295136611420815,student_t,0.89501953125,0.8926999520806764,0.03984996690559631,negligible,stability_filtered,missing_data_bias::degradation,30,1.0,0.9944661458333334,1.0,0.991888835645196
missing_data_bias,degradation,near_optimal_rate_drop,baseline,stability_filtered,12,"0,1,2,3,4,5,6,7,8,9,10,11",True,0.04058333333333328,0.005333333333333338,0.03524999999999994,0.02879814582719568,0.0417018541728042,student_t,0.00048828125,1.1384819426613066e-07,3.4713713110136766,large,stability_filtered,missing_data_bias::degradation,30,0.0146484375,0.0013316761363636363,3.073901245185528e-06,8.538614569959799e-07
missing_data_bias,overall,success_rate,baseline,structural_causal,12,"0,1,2,3,4,5,6,7,8,9,10,11",True,0.5955833333333334,0.7056388888888888,-0.11005555555555553,-0.13522023249313625,-0.08489087861797481,student_t,0.00048828125,1.0807761112158862e-06,-2.7787348152930273,large,structural_causal,missing_data_bias::overall,40,0.01953125,0.0008877840909090909,2.7019402780397156e-05,2.7019402780397154e-06
missing_data_bias,overall,near_optimal_rate,baseline,structural_causal,12,"0,1,2,3,4,5,6,7,8,9,10,11",True,0.9499166666666667,0.9954166666666667,-0.04550000000000002,-0.049036435829981205,-0.041963564170018834,student_t,0.00048828125,1.24828905641734e-11,-8.174705314413623,large,structural_causal,missing_data_bias::overall,40,0.01953125,0.0008877840909090909,4.2441827918189564e-10,7.1330803223848e-11
missing_data_bias,overall,avg_cost,baseline,structural_causal,12,"0,1,2,3,4,5,6,7,8,9,10,11",True,0.5123333333333334,0.28272499999999995,0.22960833333333333,0.17492595188000187,0.2842907147866648,student_t,0.00048828125,1.6159815784343913e-06,2.667882617410134,large,structural_causal,missing_data_bias::overall,40,0.01953125,0.0008877840909090909,3.8783557882425394e-05,3.8023095963162144e-06
missing_data_bias,overall,fairness_gap_ses,baseline,structural_causal,12,"0,1,2,3,4,5,6,7,8,9,10,11",True,0.018172878607046427,0.007226850780042354,0.010946027827004072,0.0065420197029343674,0.015350035951073777,student_t,0.0009765625,0.00019471468693457898,1.5791919728571606,large,structural_causal,missing_data_bias::overall,40,0.01953125,0.0015625,0.0035048643648224217,0.0003386342381470939
missing_data_bias,normal,success_rate,baseline,structural_causal,12,"0,1,2,3,4,5,6,7,8,9,10,11",True,0.615,0.7061666666666665,-0.09116666666666666,-0.11751286847684683,-0.06482046485648649,student_t,0.00048828125,1.0392908646683624e-05,-2.198591543178946,large,structural_causal,missing_data_bias::normal,40,0.01953125,0.0011488970588235295,0.00027021562481377426,2.7714423057823e-05
missing_data_bias,normal,near_optimal_rate,baseline,structural_causal,12,"0,1,2,3,4,5,6,7,8,9,10,11",True,0.9665833333333333,0.9957499999999998,-0.02916666666666669,-0.03387349919959844,-0.02445983413373494,student_t,0.00048828125,3.088921408264966e-08,-3.937173407115257,large,structural_causal,missing_data_bias::normal,40,0.01953125,0.0011488970588235295,1.0502332788100885e-06,1.7650979475799804e-07
missing_data_bias,normal,avg_cost,baseline,structural_causal,12,"0,1,2,3,4,5,6,7,8,9,10,11",True,0.48451666666666665,0.28177083333333336,0.20274583333333332,0.14503414920431584,0.2604575174623508,student_t,0.00048828125,9.015398485365518e-06,2.232105312402611,large,structural_causal,missing_data_bias::normal,40,0.01953125,0.0011488970588235295,0.000243415759104869,2.5758281386758623e-05
missing_data_bias,normal,fairness_gap_ses,baseline,structural_causal,12,"0,1,2,3,4,5,6,7,8,9,10,11",True,0.021084560048577023,0.018600658476664544,0.002483901571912478,-0.004551740584102314,0.00951954372792727,student_t,0.44677734375,0.45351711977411346,0.22431438809756407,small,structural_causal,missing_data_bias::normal,40,1.0,0.4964192708333333,1.0,0.5039079108601261
missing_data_bias,surface_shift,success_rate,baseline,structural_causal,12,"0,1,2,3,4,5,6,7,8,9,10,11",True,0.6039166666666665,0.7054166666666667,-0.10149999999999999,-0.12855090725834403,-0.07444909274165595,student_t,0.00048828125,4.821554310600773e-06,-2.3840244117473333,large,structural_causal,missing_data_bias::surface_shift,40,0.01953125,0.0010279605263157894,0.00011571730345441854,1.1344833672001819e-05
missing_data_bias,surface_shift,near_optimal_rate,baseline,structural_causal,12,"0,1,2,3,4,5,6,7,8,9,10,11",True,0.9571666666666667,0.9960833333333333,-0.038916666666666704,-0.04328901018222866,-0.03454432315110475,student_t,0.00048828125,6.672759896152856e-10,-5.655198463672209,large,structural_causal,missing_data_bias::surface_shift,40,0.01953125,0.0010279605263157894,2.4689211615765564e-08,6.672759896152856e-09
missing_data_bias,surface_shift,avg_cost,baseline,structural_causal,12,"0,1,2,3,4,5,6,7,8,9,10,11",True,0.5026583333333333,0.28575,0.21690833333333334,0.16307001645233277,0.2707466502143339,student_t,0.00048828125,2.422914860582054e-06,2.559830765762689,large,structural_causal,missing_data_bias::surface_shift,40,0.01953125,0.0010279605263157894,6.057287151455135e-05,6.0572871514551355e-06
missing_data_bias,surface_shift,fairness_gap_ses,baseline,structural_causal,12,"0,1,2,3,4,5,6,7,8,9,10,11",True,0.02530672075913273,0.01276457815968487,0.012542142599447864,0.0034650760133999193,0.021619209185495807,student_t,0.0126953125,0.011222746787585298,0.8779154748170238,large,structural_causal,missing_data_bias::surface_shift,40,0.1953125,0.01953125,0.17956394860136476,0.017956394860136476
missing_data_bias,adversarial,success_rate,baseline,structural_causal,12,"0,1,2,3,4,5,6,7,8,9,10,11",True,0.5678333333333333,0.7053333333333334,-0.13749999999999998,-0.16384434444915208,-0.11115565555084789,student_t,0.00048828125,1.8192381213084575e-07,-3.3162082349872195,large,structural_causal,missing_data_bias::adversarial,40,0.01953125,0.0009300595238095238,4.7300191154019896e-06,4.851301656822554e-07
missing_data_bias,adversarial,near_optimal_rate,baseline,structural_causal,12,"0,1,2,3,4,5,6,7,8,9,10,11",True,0.9260000000000002,0.9944166666666666,-0.06841666666666664,-0.0737974525961236,-0.06303588073720968,student_t,0.00048828125,1.4191412082501021e-11,-8.078722453918562,large,structural_causal,missing_data_bias::adversarial,40,0.01953125,0.0009300595238095238,4.966994228875357e-10,8.427940842115956e-11
missing_data_bias,adversarial,avg_cost,baseline,structural_causal,12,"0,1,2,3,4,5,6,7,8,9,10,11",True,0.5498249999999999,0.2806541666666667,0.2691708333333333,0.2132829260945271,0.3250587405721395,student_t,0.00048828125,4.1155959365990804e-07,3.0601072157180607,large,structural_causal,missing_data_bias::adversarial,40,0.01953125,0.0009300595238095238,9.877430247837793e-06,9.683755144939013e-07
missing_data_bias,adversarial,fairness_gap_ses,baseline,structural_causal,12,"0,1,2,3,4,5,6,7,8,9,10,11",True,0.02088413566266431,0.016398867694755917,0.004485267967908396,-0.003717469953584009,0.012688005889400802,student_t,0.251953125,0.25404340563735167,0.3474209871908655,small,structural_causal,missing_data_bias::adversarial,40,1.0,0.3053977272727273,1.0,0.3079314007725475
missing_data_bias,degradation,success_rate_drop,baseline,structural_causal,12,"0,1,2,3,4,5,6,7,8,9,10,11",True,0.04716666666666667,0.0008333333333333156,0.04633333333333336,0.03043331101443707,0.06223335565222965,student_t,0.00048828125,4.984899496873701e-05,1.8514939741866732,large,structural_causal,missing_data_bias::degradation,30,0.0146484375,0.0013316761363636363,0.0010468288943434772,0.00012908676027047794
missing_data_bias,degradation,fairness_gap_increase,baseline,structural_causal,12,"0,1,2,3,4,5,6,7,8,9,10,11",True,-0.0002004243859127132,-0.0022017907819086306,0.0020013663959959167,-0.007432963810512626,0.011435696602504458,student_t,0.64697265625,0.6496764090244214,0.13478514249752455,negligible,structural_causal,missing_data_bias::degradation,30,1.0,0.9088689630681818,1.0,0.8960101804584505
missing_data_bias,degradation,near_optimal_rate_drop,baseline,structural_causal,12,"0,1,2,3,4,5,6,7,8,9,10,11",True,0.04058333333333328,0.0013333333333333346,0.039249999999999945,0.032596520671053585,0.045903479328946305,student_t,0.00048828125,5.154009548401502e-08,3.7481532585716044,large,structural_causal,missing_data_bias::degradation,30,0.0146484375,0.0013316761363636363,1.4946627690364355e-06,6.3546539349176e-07
missing_data_bias,overall,success_rate,baseline,workflow,12,"0,1,2,3,4,5,6,7,8,9,10,11",True,0.5955833333333334,0.6311111111111111,-0.03552777777777777,-0.0398592055586458,-0.03119634999690974,student_t,0.00048828125,1.5986409625496648e-09,-5.2115085833443695,large,workflow,missing_data_bias::overall,40,0.01953125,0.0008877840909090909,4.476194695139061e-08,4.918895269383584e-09
missing_data_bias,overall,near_optimal_rate,baseline,workflow,12,"0,1,2,3,4,5,6,7,8,9,10,11",True,0.9499166666666667,0.9755277777777778,-0.02561111111111113,-0.02859103104786264,-0.02263119117435962,student_t,0.00048828125,9.705718895439677e-10,-5.460725121538602,large,workflow,missing_data_bias::overall,40,0.01953125,0.0008877840909090909,2.8146584796775065e-08,3.2352396318132253e-09
missing_data_bias,overall,avg_cost,baseline,workflow,12,"0,1,2,3,4,5,6,7,8,9,10,11",True,0.5123333333333334,0.46299166666666663,0.04934166666666667,0.04442707996754344,0.0542562533657899,student_t,0.00048828125,1.8286874233720594e-10,6.379010330175226,large,workflow,missing_data_bias::overall,40,0.01953125,0.0008877840909090909,5.486062270116178e-09,6.649772448625671e-10
missing_data_bias,overall,fairness_gap_ses,baseline,workflow,12,"0,1,2,3,4,5,6,7,8,9,10,11",True,0.018172878607046427,0.018218300144678883,-4.542153763245641e-05,-0.002805838884643214,0.0027149958093783014,student_t,0.96923828125,0.9717587549438531,-0.010454748154205213,negligible,baseline,missing_data_bias::overall,40,1.0,0.96923828125,1.0,0.971758754943853
missing_data_bias,normal,success_rate,baseline,workflow,12,"0,1,2,3,4,5,6,7,8,9,10,11",True,0.615,0.6466666666666667,-0.0316666666666667,-0.03900828440179636,-0.024325048931537033,student_t,0.00048828125,1.2395999963706978e-06,-2.7405458612275218,large,workflow,missing_data_bias::normal,40,0.01953125,0.0011488970588235295,3.718799989112093e-05,4.507636350438901e-06
missing_data_bias,normal,near_optimal_rate,baseline,workflow,12,"0,1,2,3,4,5,6,7,8,9,10,11",True,0.9665833333333333,0.9843333333333332,-0.017750000000000016,-0.023087414797876002,-0.012412585202124028,student_t,0.00048828125,1.5051085173630073e-05,-2.1129727362696857,large,workflow,missing_data_bias::normal,40,0.01953125,0.0011488970588235295,0.0003762771293407518,3.762771293407518e-05
missing_data_bias,normal,avg_cost,baseline,workflow,12,"0,1,2,3,4,5,6,7,8,9,10,11",True,0.48451666666666665,0.44236249999999994,0.04215416666666668,0.0339052262756678,0.05040310705766556,student_t,0.00048828125,2.2567223336782542e-07,3.2468994107174853,large,workflow,missing_data_bias::normal,40,0.01953125,0.0011488970588235295,6.995839234402588e-06,9.026889334713018e-07
missing_data_bias,normal,fairness_gap_ses,baseline,workflow,12,"0,1,2,3,4,5,6,7,8,9,10,11",True,0.021084560048577023,0.022022171704444888,-0.000937611655867862,-0.007383890396186378,0.005508667084450653,student_t,0.751953125,0.7548658282650659,-0.09241456173744966,negligible,baseline,missing_data_bias::normal,40,1.0,0.7915296052631579,1.0,0.7945956087000694
missing_data_bias,surface_shift,success_rate,baseline,workflow,12,"0,1,2,3,4,5,6,7,8,9,10,11",True,0.6039166666666665,0.6369166666666667,-0.03300000000000002,-0.03924886241653251,-0.02675113758346753,student_t,0.00048828125,1.613459439374062e-07,-3.355362669908659,large,workflow,missing_data_bias::surface_shift,40,0.01953125,0.0010279605263157894,5.001724262059592e-06,6.453837757496248e-07
missing_data_bias,surface_shift,near_optimal_rate,baseline,workflow,12,"0,1,2,3,4,5,6,7,8,9,10,11",True,0.9571666666666667,0.9796666666666664,-0.02250000000000002,-0.026504708109831732,-0.018495291890168308,student_t,0.00048828125,8.53716956071446e-08,-3.5697527941639944,large,workflow,missing_data_bias::surface_shift,40,0.01953125,0.0010279605263157894,2.731894259428627e-06,3.79429758253976e-07
missing_data_bias,surface_shift,avg_cost,baseline,workflow,12,"0,1,2,3,4,5,6,7,8,9,10,11",True,0.5026583333333333,0.45685,0.045808333333333374,0.03962922268307645,0.0519874439835903,student_t,0.00048828125,4.6856534859891165e-09,4.710261407248408,large,workflow,missing_data_bias::surface_shift,40,0.01953125,0.0010279605263157894,1.5462656503764086e-07,2.342826742994558e-08
missing_data_bias,surface_shift,fairness_gap_ses,baseline,workflow,12,"0,1,2,3,4,5,6,7,8,9,10,11",True,0.02530672075913273,0.025198109637362357,0.00010861112177038001,-0.0064783122989073,0.00669553454244806,student_t,0.97119140625,0.9716998975463151,0.010476547254667214,negligible,workflow,missing_data_bias::surface_shift,40,1.0,0.97119140625,1.0,0.9716998975463152
missing_data_bias,adversarial,success_rate,baseline,workflow,12,"0,1,2,3,4,5,6,7,8,9,10,11",True,0.5678333333333333,0.6097499999999999,-0.041916666666666665,-0.0488050199977419,-0.03502831333559143,student_t,0.00048828125,3.7325829800320134e-08,-3.866320165908256,large,workflow,missing_data_bias::adversarial,40,0.01953125,0.0009300595238095238,1.0451232344089638e-06,1.148487070779081e-07
missing_data_bias,adversarial,near_optimal_rate,baseline,workflow,12,"0,1,2,3,4,5,6,7,8,9,10,11",True,0.9260000000000002,0.9625833333333332,-0.03658333333333327,-0.0423461452069353,-0.03082052145973125,student_t,0.00048828125,2.4000781148298334e-08,-4.033437421043595,large,workflow,missing_data_bias::adversarial,40,0.01953125,0.0009300595238095238,6.960226533006517e-07,8.000260382766113e-08
missing_data_bias,adversarial,avg_cost,baseline,workflow,12,"0,1,2,3,4,5,6,7,8,9,10,11",True,0.5498249999999999,0.48976250000000005,0.06006250000000001,0.05411173818086596,0.06601326181913406,student_t,0.00048828125,1.7270626020356993e-10,6.412942242527726,large,workflow,missing_data_bias::adversarial,40,0.01953125,0.0009300595238095238,5.6993065867178075e-09,8.635313010178497e-10
missing_data_bias,adversarial,fairness_gap_ses,baseline,workflow,12,"0,1,2,3,4,5,6,7,8,9,10,11",True,0.02088413566266431,0.022021686639026383,-0.0011375509763620736,-0.007486940127717286,0.005211838174993138,student_t,0.6962890625,0.7008773965952777,-0.1138322744033911,negligible,baseline,missing_data_bias::adversarial,40,1.0,0.7736545138888888,1.0,0.7787526628836419
missing_data_bias,degradation,success_rate_drop,baseline,workflow,12,"0,1,2,3,4,5,6,7,8,9,10,11",True,0.04716666666666667,0.0369166666666667,0.010249999999999973,-0.0006278859980451967,0.021127885998045142,student_t,0.0673828125,0.06234723028599393,0.5986953068163865,medium,workflow,missing_data_bias::degradation,30,1.0,0.134765625,0.9975556845759029,0.12469446057198787
missing_data_bias,degradation,fairness_gap_increase,baseline,workflow,12,"0,1,2,3,4,5,6,7,8,9,10,11",True,-0.0002004243859127132,-4.850654185009224e-07,-0.00019993932049421187,-0.010128112773079095,0.00972823413209067,student_t,0.96240234375,0.9654399739989353,-0.012795443608404287,negligible,baseline,missing_data_bias::degradation,30,1.0,0.998046875,1.0,0.9969730505180858
missing_data_bias,degradation,near_optimal_rate_drop,baseline,workflow,12,"0,1,2,3,4,5,6,7,8,9,10,11",True,0.04058333333333328,0.02175000000000002,0.018833333333333258,0.010296764993021314,0.0273699016736452,student_t,0.00146484375,0.0005060488644611612,1.4017493487212163,large,workflow,missing_data_bias::degradation,30,0.0263671875,0.003380408653846154,0.009108879560300901,0.001167805071833449
missing_data_bias,overall,success_rate,causal_light,stability_filtered,12,"0,1,2,3,4,5,6,7,8,9,10,11",True,0.7030833333333333,0.71625,-0.01316666666666666,-0.040717489984539446,0.01438415665120613,student_t,0.3037109375,0.3154219443407027,-0.30364613015853936,small,stability_filtered,missing_data_bias::overall,40,1.0,0.3681344696969697,1.0,0.38232962950388205
missing_data_bias,overall,near_optimal_rate,causal_light,stability_filtered,12,"0,1,2,3,4,5,6,7,8,9,10,11",True,0.9978333333333333,0.9952777777777779,0.002555555555555561,0.0016375525323421923,0.0034735585787689293,student_t,0.00048828125,7.444630120968565e-05,1.7687551056197428,large,causal_light,missing_data_bias::overall,40,0.01953125,0.0008877840909090909,0.0014144797229840274,0.00013535691129033754
missing_data_bias,overall,avg_cost,causal_light,stability_filtered,12,"0,1,2,3,4,5,6,7,8,9,10,11",True,0.35861805555555554,0.27853888888888895,0.0800791666666666,0.025780146804200987,0.13437818652913222,student_t,0.01318359375,0.007790819360038971,0.9370311879546125,large,stability_filtered,missing_data_bias::overall,40,0.14501953125,0.017578125,0.08569901296042869,0.010387759146718628
missing_data_bias,overall,fairness_gap_ses,causal_light,stability_filtered,12,"0,1,2,3,4,5,6,7,8,9,10,11",True,0.008173068099359162,0.007705008785349241,0.0004680593140099221,-0.0033196296331619033,0.004255748261181747,student_t,0.787109375,0.7906714255195992,0.07851507981286533,negligible,stability_filtered,missing_data_bias::overall,40,1.0,0.8745659722222222,1.0,0.878523806132888
missing_data_bias,normal,success_rate,causal_light,stability_filtered,12,"0,1,2,3,4,5,6,7,8,9,10,11",True,0.7009166666666666,0.7148333333333333,-0.013916666666666688,-0.039298882625030146,0.011465549291696773,student_t,0.24658203125,0.25283381422921275,-0.3483631280718151,small,stability_filtered,missing_data_bias::normal,40,1.0,0.30303030303030304,1.0,0.30646522936874276
missing_data_bias,normal,near_optimal_rate,causal_light,stability_filtered,12,"0,1,2,3,4,5,6,7,8,9,10,11",True,0.9990833333333335,0.9971666666666666,0.0019166666666666683,0.00096040858199869,0.0028729247513346466,student_t,0.001953125,0.0010430677288466247,1.2734971031749038,large,causal_light,missing_data_bias::normal,40,0.04296875,0.0035511363636363635,0.01981828684808587,0.0018964867797211357
missing_data_bias,normal,avg_cost,causal_light,stability_filtered,12,"0,1,2,3,4,5,6,7,8,9,10,11",True,0.3631624999999999,0.27889166666666665,0.0842708333333333,0.031585783157617064,0.13695588350904953,student_t,0.00830078125,0.0047940575335587,1.0162870272933764,large,stability_filtered,missing_data_bias::normal,40,0.14111328125,0.013834635416666666,0.0862930356040566,0.008337491362710782
missing_data_bias,normal,fairness_gap_ses,causal_light,stability_filtered,12,"0,1,2,3,4,5,6,7,8,9,10,11",True,0.015338338866074294,0.015878558010538137,-0.0005402191444638446,-0.006362767070337631,0.005282328781409942,student_t,0.841796875,0.8419195895213631,-0.05894994309645872,negligible,causal_light,missing_data_bias::normal,40,1.0,0.8633814102564102,1.0,0.8635072713039622
missing_data_bias,surface_shift,success_rate,causal_light,stability_filtered,12,"0,1,2,3,4,5,6,7,8,9,10,11",True,0.7034166666666666,0.7169166666666668,-0.01350000000000002,-0.041254028028786055,0.014254028028786015,student_t,0.3046875,0.307280502896437,-0.3090539063386888,small,stability_filtered,missing_data_bias::surface_shift,40,1.0,0.3482142857142857,1.0,0.351177717595928
missing_data_bias,surface_shift,near_optimal_rate,causal_light,stability_filtered,12,"0,1,2,3,4,5,6,7,8,9,10,11",True,0.9985833333333334,0.9968333333333331,0.0017500000000000016,-4.9647741858318585e-05,0.0035496477418583217,student_t,0.0703125,0.0555796439729355,0.6178414402787977,medium,causal_light,missing_data_bias::surface_shift,40,0.703125,0.0907258064516129,0.6113760837022905,0.074106191963914
missing_data_bias,surface_shift,avg_cost,causal_light,stability_filtered,12,"0,1,2,3,4,5,6,7,8,9,10,11",True,0.36164166666666664,0.27335000000000004,0.08829166666666662,0.03214784075374605,0.14443549257958718,student_t,0.00830078125,0.005321279459656066,0.9991810805819978,large,stability_filtered,missing_data_bias::surface_shift,40,0.14111328125,0.013834635416666666,0.09578303027380919,0.009254399060271418
missing_data_bias,surface_shift,fairness_gap_ses,causal_light,stability_filtered,12,"0,1,2,3,4,5,6,7,8,9,10,11",True,0.017627668474903543,0.015168553589094913,0.00245911488580863,-0.0028665697891617574,0.007784799560779017,student_t,0.3525390625,0.33132072939728585,0.29337956553142525,small,stability_filtered,missing_data_bias::surface_shift,40,1.0,0.3917100694444444,1.0,0.36813414377476206
missing_data_bias,adversarial,success_rate,causal_light,stability_filtered,12,"0,1,2,3,4,5,6,7,8,9,10,11",True,0.7049166666666666,0.7170000000000001,-0.012083333333333354,-0.04332348510372754,0.01915681843706083,student_t,0.412109375,0.41274317058613263,-0.24575372675229243,small,stability_filtered,missing_data_bias::adversarial,40,1.0,0.48483455882352944,1.0,0.4855802006895678
missing_data_bias,adversarial,near_optimal_rate,causal_light,stability_filtered,12,"0,1,2,3,4,5,6,7,8,9,10,11",True,0.9958333333333332,0.9918333333333335,0.0040000000000000036,0.0015022175520924396,0.0064977824479075675,student_t,0.00341796875,0.004758944556506172,1.0174940381383366,large,causal_light,missing_data_bias::adversarial,40,0.06494140625,0.006214488636363636,0.09041994657361727,0.008652626466374859
missing_data_bias,adversarial,avg_cost,causal_light,stability_filtered,12,"0,1,2,3,4,5,6,7,8,9,10,11",True,0.3510499999999999,0.283375,0.06767499999999997,0.013091221047912042,0.1222587789520879,student_t,0.02685546875,0.019618165870272042,0.7877549780434627,medium,stability_filtered,missing_data_bias::adversarial,40,0.4833984375,0.044759114583333336,0.35312698566489675,0.03300692007679772
missing_data_bias,adversarial,fairness_gap_ses,causal_light,stability_filtered,12,"0,1,2,3,4,5,6,7,8,9,10,11",True,0.015154837040244439,0.01518857305367662,-3.373601343218136e-05,-0.007966114613207391,0.007898642586343027,student_t,0.98828125,0.9926989769675181,-0.002702195821403448,negligible,causal_light,missing_data_bias::adversarial,40,1.0,0.98828125,1.0,0.9926989769675181
missing_data_bias,degradation,success_rate_drop,causal_light,stability_filtered,12,"0,1,2,3,4,5,6,7,8,9,10,11",True,-0.0040000000000000036,-0.0021666666666666687,-0.001833333333333335,-0.013438288240464542,0.009771621573797873,student_t,0.7470703125,0.7346214932128723,-0.10037474820797868,negligible,causal_light,missing_data_bias::degradation,30,1.0,0.933837890625,1.0,0.9182768665160904
missing_data_bias,degradation,fairness_gap_increase,causal_light,stability_filtered,12,"0,1,2,3,4,5,6,7,8,9,10,11",True,-0.0001835018258298576,-0.0006899849568615203,0.0005064831310316632,-0.0075017377370828475,0.008514703999146174,student_t,0.89404296875,0.8918062598256673,0.040184209938796005,negligible,stability_filtered,missing_data_bias::degradation,30,1.0,0.9944661458333334,1.0,0.991888835645196
missing_data_bias,degradation,near_optimal_rate_drop,causal_light,stability_filtered,12,"0,1,2,3,4,5,6,7,8,9,10,11",True,0.003250000000000003,0.005333333333333338,-0.002083333333333335,-0.004904810953432219,0.0007381442867655497,student_t,0.154296875,0.13240751458276576,-0.4691466766104927,small,causal_light,missing_data_bias::degradation,30,1.0,0.289306640625,1.0,0.2482640898426858
missing_data_bias,overall,success_rate,causal_light,structural_causal,12,"0,1,2,3,4,5,6,7,8,9,10,11",True,0.7030833333333333,0.7056388888888888,-0.002555555555555561,-0.02918330994130242,0.024072198830191297,student_t,0.8388671875,0.8365656321363149,-0.06097857561552923,negligible,structural_causal,missing_data_bias::overall,40,1.0,0.9068834459459459,1.0,0.8793290365311984
missing_data_bias,overall,near_optimal_rate,causal_light,structural_causal,12,"0,1,2,3,4,5,6,7,8,9,10,11",True,0.9978333333333333,0.9954166666666667,0.0024166666666666594,0.0008784536978253296,0.00395487963550799,student_t,0.00439453125,0.005352571052557737,0.9982211666911905,large,causal_light,missing_data_bias::overall,40,0.052734375,0.006061422413793103,0.06423085263069285,0.007382856624217568
missing_data_bias,overall,avg_cost,causal_light,structural_causal,12,"0,1,2,3,4,5,6,7,8,9,10,11",True,0.35861805555555554,0.28272499999999995,0.07589305555555552,0.020588230436483147,0.1311978806746279,student_t,0.02001953125,0.01164859292938302,0.8718976486209091,large,structural_causal,missing_data_bias::overall,40,0.2001953125,0.025831653225806453,0.1164859292938302,0.015030442489526476
missing_data_bias,overall,fairness_gap_ses,causal_light,structural_causal,12,"0,1,2,3,4,5,6,7,8,9,10,11",True,0.008173068099359162,0.007226850780042354,0.0009462173193168101,-0.0023790796931454335,0.004271514331779054,student_t,0.53564453125,0.543900259580077,0.1807952192137033,negligible,structural_causal,missing_data_bias::overall,40,1.0,0.6301700367647058,1.0,0.6398826583295024
missing_data_bias,normal,success_rate,causal_light,structural_causal,12,"0,1,2,3,4,5,6,7,8,9,10,11",True,0.7009166666666666,0.7061666666666665,-0.005250000000000005,-0.030601351859068274,0.020101351859068264,student_t,0.658203125,0.6573995436010396,-0.13157842141974382,negligible,structural_causal,missing_data_bias::normal,40,1.0,0.7115709459459459,1.0,0.7107022092984212
missing_data_bias,normal,near_optimal_rate,causal_light,structural_causal,12,"0,1,2,3,4,5,6,7,8,9,10,11",True,0.9990833333333335,0.9957499999999998,0.003333333333333336,0.001110227163562045,0.005556439503104627,student_t,0.00390625,0.0070759180371455606,0.952675579132743,large,causal_light,missing_data_bias::normal,40,0.0703125,0.006793478260869565,0.12029060663147453,0.011793196728575935
missing_data_bias,normal,avg_cost,causal_light,structural_causal,12,"0,1,2,3,4,5,6,7,8,9,10,11",True,0.3631624999999999,0.28177083333333336,0.08139166666666663,0.025235481221871518,0.13754785211146173,student_t,0.01416015625,0.008605547186158387,0.9208922826845709,large,structural_causal,missing_data_bias::normal,40,0.21875,0.021784855769230768,0.1376887549785342,0.013768875497853418
missing_data_bias,normal,fairness_gap_ses,causal_light,structural_causal,12,"0,1,2,3,4,5,6,7,8,9,10,11",True,0.015338338866074294,0.018600658476664544,-0.0032623196105902503,-0.012057192185409649,0.005532552964229149,student_t,0.43310546875,0.43158500636612984,-0.23568038914852857,small,causal_light,missing_data_bias::normal,40,1.0,0.49497767857142855,1.0,0.493240007275577
missing_data_bias,surface_shift,success_rate,causal_light,structural_causal,12,"0,1,2,3,4,5,6,7,8,9,10,11",True,0.7034166666666666,0.7054166666666667,-0.002000000000000011,-0.028830908313008857,0.024830908313008833,student_t,0.87939453125,0.8726569592101161,-0.047361027059980555,negligible,structural_causal,missing_data_bias::surface_shift,40,1.0,0.9019431089743589,1.0,0.8950327786770421
missing_data_bias,surface_shift,near_optimal_rate,causal_light,structural_causal,12,"0,1,2,3,4,5,6,7,8,9,10,11",True,0.9985833333333334,0.9960833333333333,0.0025000000000000022,0.0009319224030229383,0.0040680775969770665,student_t,0.0009765625,0.004891764876948577,1.0129755194401664,large,causal_light,missing_data_bias::surface_shift,40,0.0205078125,0.001953125,0.09294353266202296,0.008894117958088322
missing_data_bias,surface_shift,avg_cost,causal_light,structural_causal,12,"0,1,2,3,4,5,6,7,8,9,10,11",True,0.36164166666666664,0.28575,0.07589166666666664,0.020474601093614153,0.13130873223971912,student_t,0.01806640625,0.01177778296047993,0.8701158031770305,large,structural_causal,missing_data_bias::surface_shift,40,0.2529296875,0.026765046296296297,0.17956394860136476,0.018119666093046046
missing_data_bias,surface_shift,fairness_gap_ses,causal_light,structural_causal,12,"0,1,2,3,4,5,6,7,8,9,10,11",True,0.017627668474903543,0.01276457815968487,0.00486309031521867,-0.0005945787193991133,0.010320759349836454,student_t,0.078125,0.07565921742074336,0.5661501555755919,medium,structural_causal,missing_data_bias::surface_shift,40,0.703125,0.09765625,0.6809329567866902,0.09457402177592919
missing_data_bias,adversarial,success_rate,causal_light,structural_causal,12,"0,1,2,3,4,5,6,7,8,9,10,11",True,0.7049166666666666,0.7053333333333334,-0.00041666666666668556,-0.030341601935162804,0.02950826860182943,student_t,0.9794921875,0.9761008917314133,-0.008846714866540496,negligible,structural_causal,missing_data_bias::adversarial,40,1.0,0.98828125,1.0,0.9926989769675181
missing_data_bias,adversarial,near_optimal_rate,causal_light,structural_causal,12,"0,1,2,3,4,5,6,7,8,9,10,11",True,0.9958333333333332,0.9944166666666666,0.0014166666666666679,-0.0008574426087155447,0.00369077594204888,student_t,0.2421875,0.19766313009102776,0.3958064226693347,small,causal_light,missing_data_bias::adversarial,40,1.0,0.302734375,1.0,0.2550492001174552
missing_data_bias,adversarial,avg_cost,causal_light,structural_causal,12,"0,1,2,3,4,5,6,7,8,9,10,11",True,0.3510499999999999,0.2806541666666667,0.07039583333333331,0.013507503955404655,0.12728416271126197,student_t,0.02685546875,0.019804152046078636,0.7862311849072579,medium,structural_causal,missing_data_bias::adversarial,40,0.4833984375,0.044759114583333336,0.35312698566489675,0.03300692007679772
missing_data_bias,adversarial,fairness_gap_ses,causal_light,structural_causal,12,"0,1,2,3,4,5,6,7,8,9,10,11",True,0.015154837040244439,0.016398867694755917,-0.0012440306545114773,-0.008734983352036492,0.006246922043013537,student_t,0.7216796875,0.721654790718612,-0.10551653439818402,negligible,causal_light,missing_data_bias::adversarial,40,1.0,0.7801942567567568,1.0,0.7801673413174184
missing_data_bias,degradation,success_rate_drop,causal_light,structural_causal,12,"0,1,2,3,4,5,6,7,8,9,10,11",True,-0.0040000000000000036,0.0008333333333333156,-0.004833333333333319,-0.017336440582448154,0.007669773915781515,student_t,0.4150390625,0.4129984170816632,-0.24561522408519965,small,causal_light,missing_data_bias::degradation,30,1.0,0.6917317708333334,1.0,0.6883306951361052
missing_data_bias,degradation,fairness_gap_increase,causal_light,structural_causal,12,"0,1,2,3,4,5,6,7,8,9,10,11",True,-0.0001835018258298576,-0.0022017907819086306,0.002018288956078772,-0.008715716237785396,0.012752294149942939,student_t,0.70751953125,0.6869411383514787,0.1194670209116928,negligible,structural_causal,missing_data_bias::degradation,30,1.0,0.9228515625,1.0,0.8960101804584505
missing_data_bias,degradation,near_optimal_rate_drop,causal_light,structural_causal,12,"0,1,2,3,4,5,6,7,8,9,10,11",True,0.003250000000000003,0.0013333333333333346,0.0019166666666666683,-0.000878675514527641,0.004712008847860978,student_t,0.1796875,0.1594392279264579,0.43565038616916335,small,structural_causal,missing_data_bias::degradation,30,1.0,0.3170955882352941,1.0,0.2813633433996316
missing_data_bias,overall,success_rate,causal_light,workflow,12,"0,1,2,3,4,5,6,7,8,9,10,11",True,0.7030833333333333,0.6311111111111111,0.07197222222222222,0.06882379303621973,0.0751206514082247,student_t,0.00048828125,2.3491854757323827e-14,14.524375689613477,large,causal_light,missing_data_bias::overall,40,0.01953125,0.0008877840909090909,8.926904807783055e-13,3.1322473009765103e-13
missing_data_bias,overall,near_optimal_rate,causal_light,workflow,12,"0,1,2,3,4,5,6,7,8,9,10,11",True,0.9978333333333333,0.9755277777777778,0.02230555555555555,0.0201829286917049,0.0244281824194062,student_t,0.00048828125,1.1180005278364891e-10,6.67676175232406,large,causal_light,missing_data_bias::overall,40,0.01953125,0.0008877840909090909,3.689401741860414e-09,5.590002639182445e-10
missing_data_bias,overall,avg_cost,causal_light,workflow,12,"0,1,2,3,4,5,6,7,8,9,10,11",True,0.35861805555555554,0.46299166666666663,-0.10437361111111114,-0.10645206980395065,-0.10229515241827163,student_t,0.00048828125,4.158449532082581e-18,-31.906252881252342,large,causal_light,missing_data_bias::overall,40,0.01953125,0.0008877840909090909,1.6633798128330322e-16,1.6633798128330322e-16
missing_data_bias,overall,fairness_gap_ses,causal_light,workflow,12,"0,1,2,3,4,5,6,7,8,9,10,11",True,0.008173068099359162,0.018218300144678883,-0.01004523204531972,-0.014722083798686295,-0.0053683802919531455,student_t,0.001953125,0.0006219517452073838,-1.36468639169052,large,causal_light,missing_data_bias::overall,40,0.025390625,0.0027901785714285715,0.008704405204545542,0.0008885024931534054
missing_data_bias,normal,success_rate,causal_light,workflow,12,"0,1,2,3,4,5,6,7,8,9,10,11",True,0.7009166666666666,0.6466666666666667,0.05424999999999996,0.05061393076989777,0.057886069230102144,student_t,0.00048828125,2.4913605089530405e-12,9.479689014772246,large,causal_light,missing_data_bias::normal,40,0.01953125,0.0011488970588235295,9.716305984916858e-11,4.982721017906081e-11
missing_data_bias,normal,near_optimal_rate,causal_light,workflow,12,"0,1,2,3,4,5,6,7,8,9,10,11",True,0.9990833333333335,0.9843333333333332,0.014750000000000013,0.011932861448397267,0.01756713855160276,student_t,0.00048828125,1.7615819470544652e-07,3.3266744664575083,large,causal_light,missing_data_bias::normal,40,0.01953125,0.0011488970588235295,5.807012253551726e-06,7.829253098019845e-07
missing_data_bias,normal,avg_cost,causal_light,workflow,12,"0,1,2,3,4,5,6,7,8,9,10,11",True,0.3631624999999999,0.44236249999999994,-0.0792,-0.08290203538860173,-0.07549796461139828,student_t,0.00048828125,4.855293062921357e-14,-13.592868234410519,large,causal_light,missing_data_bias::normal,40,0.01953125,0.0011488970588235295,1.9421172251685427e-12,1.9421172251685427e-12
missing_data_bias,normal,fairness_gap_ses,causal_light,workflow,12,"0,1,2,3,4,5,6,7,8,9,10,11",True,0.015338338866074294,0.022022171704444888,-0.00668383283837059,-0.011808782550806406,-0.0015588831259347735,student_t,0.013671875,0.015228700113225527,-0.8286334537808796,large,causal_light,missing_data_bias::normal,40,0.21875,0.021784855769230768,0.22843050169838292,0.02342876940496235
missing_data_bias,surface_shift,success_rate,causal_light,workflow,12,"0,1,2,3,4,5,6,7,8,9,10,11",True,0.7034166666666666,0.6369166666666667,0.06649999999999996,0.05870656086828407,0.07429343913171585,student_t,0.00048828125,1.0483760654306952e-09,5.421494091789743,large,causal_light,missing_data_bias::surface_shift,40,0.01953125,0.0010279605263157894,3.6796043821806504e-08,6.989173769537968e-09
missing_data_bias,surface_shift,near_optimal_rate,causal_light,workflow,12,"0,1,2,3,4,5,6,7,8,9,10,11",True,0.9985833333333334,0.9796666666666664,0.018916666666666682,0.014803831019967914,0.023029502313365452,student_t,0.00048828125,6.540286832362622e-07,2.922333304258776,large,causal_light,missing_data_bias::surface_shift,40,0.01953125,0.0010279605263157894,1.8966831813851605e-05,2.180095610787541e-06
missing_data_bias,surface_shift,avg_cost,causal_light,workflow,12,"0,1,2,3,4,5,6,7,8,9,10,11",True,0.36164166666666664,0.45685,-0.09520833333333334,-0.10018234201834597,-0.09023432464832071,student_t,0.00048828125,1.6405238288370746e-13,-12.16171760280691,large,causal_light,missing_data_bias::surface_shift,40,0.01953125,0.0010279605263157894,6.398042932464591e-12,3.281047657674149e-12
missing_data_bias,surface_shift,fairness_gap_ses,causal_light,workflow,12,"0,1,2,3,4,5,6,7,8,9,10,11",True,0.017627668474903543,0.025198109637362357,-0.007570441162458811,-0.01345238002020843,-0.0016885023047091916,student_t,0.01904296875,0.01628999380480907,-0.8177624675561053,large,causal_light,missing_data_bias::surface_shift,40,0.2529296875,0.027204241071428572,0.22805991326732697,0.024133324155272695
missing_data_bias,adversarial,success_rate,causal_light,workflow,12,"0,1,2,3,4,5,6,7,8,9,10,11",True,0.7049166666666666,0.6097499999999999,0.09516666666666666,0.08928800119040102,0.1010453321429323,student_t,0.00048828125,1.0232182963808352e-12,10.285670359741388,large,causal_light,missing_data_bias::adversarial,40,0.01953125,0.0009300595238095238,3.8882295262471736e-11,1.3642910618411136e-11
missing_data_bias,adversarial,near_optimal_rate,causal_light,workflow,12,"0,1,2,3,4,5,6,7,8,9,10,11",True,0.9958333333333332,0.9625833333333332,0.03325000000000003,0.02862741508861309,0.037872584911386974,student_t,0.00048828125,6.449986896354477e-09,4.570179349571278,large,causal_light,missing_data_bias::adversarial,40,0.01953125,0.0009300595238095238,1.9994959378698879e-07,2.5799947585417907e-08
missing_data_bias,adversarial,avg_cost,causal_light,workflow,12,"0,1,2,3,4,5,6,7,8,9,10,11",True,0.3510499999999999,0.48976250000000005,-0.1387125,-0.1426987255886459,-0.13472627441135407,student_t,0.00048828125,2.339034260503058e-16,-22.10956600262095,large,causal_light,missing_data_bias::adversarial,40,0.01953125,0.0009300595238095238,9.356137042012233e-15,9.356137042012233e-15
missing_data_bias,adversarial,fairness_gap_ses,causal_light,workflow,12,"0,1,2,3,4,5,6,7,8,9,10,11",True,0.015154837040244439,0.022021686639026383,-0.0068668495987819446,-0.01689059882939967,0.003156899631835782,student_t,0.15869140625,0.15977614748067734,-0.43526508715726436,small,causal_light,missing_data_bias::adversarial,40,1.0,0.21888469827586207,1.0,0.22038089307679634
missing_data_bias,degradation,success_rate_drop,causal_light,workflow,12,"0,1,2,3,4,5,6,7,8,9,10,11",True,-0.0040000000000000036,0.0369166666666667,-0.040916666666666705,-0.047994221083788494,-0.03383911224954492,student_t,0.00048828125,6.354653934917601e-08,-3.6731910734049293,large,causal_light,missing_data_bias::degradation,30,0.0146484375,0.0013316761363636363,1.7793031017769282e-06,6.3546539349176e-07
missing_data_bias,degradation,fairness_gap_increase,causal_light,workflow,12,"0,1,2,3,4,5,6,7,8,9,10,11",True,-0.0001835018258298576,-4.850654185009224e-07,-0.00018301676041135596,-0.011388327736151288,0.011022294215328575,student_t,0.97412109375,0.9719672806510369,-0.010377516705259673,negligible,causal_light,missing_data_bias::degradation,30,1.0,0.998046875,1.0,0.9969730505180858
missing_data_bias,degradation,near_optimal_rate_drop,causal_light,workflow,12,"0,1,2,3,4,5,6,7,8,9,10,11",True,0.003250000000000003,0.02175000000000002,-0.018500000000000016,-0.02487388112113536,-0.012126118878864675,student_t,0.0009765625,5.163470410819117e-05,-1.8441415822133667,large,causal_light,missing_data_bias::degradation,30,0.0185546875,0.00244140625,0.0010468288943434772,0.00012908676027047794
missing_data_bias,overall,success_rate,stability_filtered,structural_causal,12,"0,1,2,3,4,5,6,7,8,9,10,11",True,0.71625,0.7056388888888888,0.010611111111111099,-0.005284251497191812,0.02650647371941401,student_t,0.17822265625,0.16976506395173757,0.4241475023255561,small,stability_filtered,missing_data_bias::overall,40,1.0,0.2227783203125,1.0,0.21220632993967198
missing_data_bias,overall,near_optimal_rate,stability_filtered,structural_causal,12,"0,1,2,3,4,5,6,7,8,9,10,11",True,0.9952777777777779,0.9954166666666667,-0.00013888888888890136,-0.001712050811377181,0.0014342730335993785,student_t,0.87548828125,0.849469659669717,-0.05609453715172173,negligible,structural_causal,missing_data_bias::overall,40,1.0,0.9215666118421053,1.0,0.8793290365311984
missing_data_bias,overall,avg_cost,stability_filtered,structural_causal,12,"0,1,2,3,4,5,6,7,8,9,10,11",True,0.27853888888888895,0.28272499999999995,-0.004186111111111096,-0.054254267822221564,0.045882045599999366,student_t,0.951171875,0.8573458106179185,-0.05312214953575994,negligible,stability_filtered,missing_data_bias::overall,40,1.0,0.96923828125,1.0,0.8793290365311984
missing_data_bias,overall,fairness_gap_ses,stability_filtered,structural_causal,12,"0,1,2,3,4,5,6,7,8,9,10,11",True,0.007705008785349241,0.007226850780042354,0.0004781580053068878,-0.001730780264504066,0.0026870962751178416,student_t,0.6533203125,0.643086757234457,0.1375353519278204,negligible,structural_causal,missing_data_bias::overall,40,1.0,0.7466517857142857,1.0,0.7349562939822365
missing_data_bias,normal,success_rate,stability_filtered,structural_causal,12,"0,1,2,3,4,5,6,7,8,9,10,11",True,0.7148333333333333,0.7061666666666665,0.008666666666666684,-0.005343810134671558,0.022677143468004923,student_t,0.208984375,0.20059200402734134,0.39302997094654035,small,stability_filtered,missing_data_bias::normal,40,1.0,0.2786458333333333,1.0,0.2588283922933437
missing_data_bias,normal,near_optimal_rate,stability_filtered,structural_causal,12,"0,1,2,3,4,5,6,7,8,9,10,11",True,0.9971666666666666,0.9957499999999998,0.0014166666666666679,-0.0008085020730578833,0.003641835406391219,student_t,0.25,0.1887104749199329,0.4045118201505961,small,stability_filtered,missing_data_bias::normal,40,1.0,0.30303030303030304,1.0,0.25161396655991053
missing_data_bias,normal,avg_cost,stability_filtered,structural_causal,12,"0,1,2,3,4,5,6,7,8,9,10,11",True,0.27889166666666665,0.28177083333333336,-0.002879166666666664,-0.052750892109836876,0.04699255877650355,student_t,0.94970703125,0.9011811343619354,-0.03668080878513293,negligible,stability_filtered,missing_data_bias::normal,40,1.0,0.94970703125,1.0,0.9011811343619354
missing_data_bias,normal,fairness_gap_ses,stability_filtered,structural_causal,12,"0,1,2,3,4,5,6,7,8,9,10,11",True,0.015878558010538137,0.018600658476664544,-0.0027221004661264043,-0.007645403097929307,0.002201202165676499,student_t,0.2431640625,0.2490967356756031,-0.35129673135797856,small,stability_filtered,missing_data_bias::normal,40,1.0,0.30303030303030304,1.0,0.30646522936874276
missing_data_bias,surface_shift,success_rate,stability_filtered,structural_causal,12,"0,1,2,3,4,5,6,7,8,9,10,11",True,0.7169166666666668,0.7054166666666667,0.01150000000000001,-0.007510000038016877,0.030510000038016898,student_t,0.228515625,0.20996707216026278,0.3843635660000635,small,stability_filtered,missing_data_bias::surface_shift,40,1.0,0.2688419117647059,1.0,0.25450554201243974
missing_data_bias,surface_shift,near_optimal_rate,stability_filtered,structural_causal,12,"0,1,2,3,4,5,6,7,8,9,10,11",True,0.9968333333333331,0.9960833333333333,0.0007500000000000007,-0.001453068440397969,0.0029530684403979704,student_t,0.52001953125,0.4694029854326348,0.2163016167623087,small,stability_filtered,missing_data_bias::surface_shift,40,1.0,0.562183277027027,1.0,0.5074626869541998
missing_data_bias,surface_shift,avg_cost,stability_filtered,structural_causal,12,"0,1,2,3,4,5,6,7,8,9,10,11",True,0.27335000000000004,0.28575,-0.012399999999999987,-0.06437193054833287,0.039571930548332905,student_t,0.70947265625,0.6099113757165814,-0.1515930626348753,negligible,stability_filtered,missing_data_bias::surface_shift,40,1.0,0.746813322368421,1.0,0.6420119744385067
missing_data_bias,surface_shift,fairness_gap_ses,stability_filtered,structural_causal,12,"0,1,2,3,4,5,6,7,8,9,10,11",True,0.015168553589094913,0.01276457815968487,0.002403975429410041,-0.0016457333890575808,0.006453684247877662,student_t,0.22119140625,0.2180253754162206,0.3771661582095497,small,structural_causal,missing_data_bias::surface_shift,40,1.0,0.26811079545454547,1.0,0.2565004416661419
missing_data_bias,adversarial,success_rate,stability_filtered,structural_causal,12,"0,1,2,3,4,5,6,7,8,9,10,11",True,0.7170000000000001,0.7053333333333334,0.011666666666666667,-0.006004324259058369,0.0293376575923917,student_t,0.1962890625,0.1741143076910685,0.4194810796586605,small,stability_filtered,missing_data_bias::adversarial,40,1.0,0.26171875,1.0,0.232152410254758
missing_data_bias,adversarial,near_optimal_rate,stability_filtered,structural_causal,12,"0,1,2,3,4,5,6,7,8,9,10,11",True,0.9918333333333335,0.9944166666666666,-0.0025833333333333355,-0.00510245171134122,-6.421495532545063e-05,student_t,0.0546875,0.04532280999943998,-0.6515659234570527,medium,structural_causal,missing_data_bias::adversarial,40,0.8203125,0.08413461538461539,0.6798421499915998,0.06972739999913843
missing_data_bias,adversarial,avg_cost,stability_filtered,structural_causal,12,"0,1,2,3,4,5,6,7,8,9,10,11",True,0.283375,0.2806541666666667,0.00272083333333333,-0.04848720874603956,0.053928875412706224,student_t,0.986328125,0.9090116782886328,0.03375905334541791,negligible,structural_causal,missing_data_bias::adversarial,40,1.0,0.98828125,1.0,0.9568543981985609
missing_data_bias,adversarial,fairness_gap_ses,stability_filtered,structural_causal,12,"0,1,2,3,4,5,6,7,8,9,10,11",True,0.01518857305367662,0.016398867694755917,-0.0012102946410792951,-0.005654135580927883,0.0032335462987692926,student_t,0.55712890625,0.561019627689101,-0.1730450162565147,negligible,stability_filtered,missing_data_bias::adversarial,40,1.0,0.63671875,1.0,0.641165288787544
missing_data_bias,degradation,success_rate_drop,stability_filtered,structural_causal,12,"0,1,2,3,4,5,6,7,8,9,10,11",True,-0.0021666666666666687,0.0008333333333333156,-0.002999999999999984,-0.015588427057806184,0.009588427057806216,student_t,0.654296875,0.6103201476827769,-0.15141757212648638,negligible,stability_filtered,missing_data_bias::degradation,30,1.0,0.9088689630681818,1.0,0.8960101804584505
missing_data_bias,degradation,fairness_gap_increase,stability_filtered,structural_causal,12,"0,1,2,3,4,5,6,7,8,9,10,11",True,-0.0006899849568615203,-0.0022017907819086306,0.0015118058250471092,-0.0051378114358465055,0.008161423085940724,student_t,0.619140625,0.6266542564124754,0.14445276422299588,negligible,structural_causal,missing_data_bias::degradation,30,1.0,0.9088689630681818,1.0,0.8960101804584505
missing_data_bias,degradation,near_optimal_rate_drop,stability_filtered,structural_causal,12,"0,1,2,3,4,5,6,7,8,9,10,11",True,0.005333333333333338,0.0013333333333333346,0.0040000000000000036,0.0006053502412996159,0.007394649758700391,student_t,0.03564453125,0.024982947737195806,0.7486718601230631,medium,structural_causal,missing_data_bias::degradation,30,0.60595703125,0.07638113839285714,0.4247101115323287,0.05353488800827673
missing_data_bias,overall,success_rate,stability_filtered,workflow,12,"0,1,2,3,4,5,6,7,8,9,10,11",True,0.71625,0.6311111111111111,0.08513888888888888,0.05886833214283699,0.11140944563494076,student_t,0.00048828125,1.909924812356706e-05,2.0591367642380676,large,stability_filtered,missing_data_bias::overall,40,0.01953125,0.0008877840909090909,0.000411855608644625,3.819849624713412e-05
missing_data_bias,overall,near_optimal_rate,stability_filtered,workflow,12,"0,1,2,3,4,5,6,7,8,9,10,11",True,0.9952777777777779,0.9755277777777778,0.01974999999999999,0.01778983799334775,0.02171016200665223,student_t,0.00048828125,1.7597590223411778e-10,6.4017929549416435,large,stability_filtered,missing_data_bias::overall,40,0.01953125,0.0008877840909090909,5.455252969257651e-09,6.649772448625671e-10
missing_data_bias,overall,avg_cost,stability_filtered,workflow,12,"0,1,2,3,4,5,6,7,8,9,10,11",True,0.27853888888888895,0.46299166666666663,-0.1844527777777778,-0.23868461373905533,-0.13022094181650026,student_t,0.00048828125,1.2211728578087578e-05,-2.1610130224459243,large,stability_filtered,missing_data_bias::overall,40,0.01953125,0.0008877840909090909,0.0002808697572960143,2.7137174617972396e-05
missing_data_bias,overall,fairness_gap_ses,stability_filtered,workflow,12,"0,1,2,3,4,5,6,7,8,9,10,11",True,0.007705008785349241,0.018218300144678883,-0.010513291359329643,-0.015407846883098753,-0.005618735835560533,student_t,0.0009765625,0.0006217432288961102,-1.3647463209535597,large,stability_filtered,missing_data_bias::overall,40,0.01953125,0.0015625,0.008704405204545542,0.0008885024931534054
missing_data_bias,normal,success_rate,stability_filtered,workflow,12,"0,1,2,3,4,5,6,7,8,9,10,11",True,0.7148333333333333,0.6466666666666667,0.06816666666666664,0.04119955131726512,0.09513378201606816,student_t,0.001953125,0.0001692784194509485,1.6060684698766685,large,stability_filtered,missing_data_bias::normal,40,0.04296875,0.0035511363636363635,0.0035548468084699186,0.000338556838901897
missing_data_bias,normal,near_optimal_rate,stability_filtered,workflow,12,"0,1,2,3,4,5,6,7,8,9,10,11",True,0.9971666666666666,0.9843333333333332,0.012833333333333344,0.010382519813286008,0.01528414685338068,student_t,0.00048828125,1.7597006828944623e-07,3.327022199232931,large,stability_filtered,missing_data_bias::normal,40,0.01953125,0.0011488970588235295,5.807012253551726e-06,7.829253098019845e-07
missing_data_bias,normal,avg_cost,stability_filtered,workflow,12,"0,1,2,3,4,5,6,7,8,9,10,11",True,0.27889166666666665,0.44236249999999994,-0.16347083333333332,-0.2179283548097299,-0.10901331185693672,student_t,0.00048828125,3.827711066787772e-05,-1.9072555901628157,large,stability_filtered,missing_data_bias::normal,40,0.01953125,0.0011488970588235295,0.0008803735453611876,8.506024592861715e-05
missing_data_bias,normal,fairness_gap_ses,stability_filtered,workflow,12,"0,1,2,3,4,5,6,7,8,9,10,11",True,0.015878558010538137,0.022022171704444888,-0.006143613693906744,-0.012155373770857326,-0.00013185361695616186,student_t,0.04296875,0.045949597860872236,-0.6493050058215821,medium,stability_filtered,missing_data_bias::normal,40,0.55859375,0.06138392857142857,0.5973447721913391,0.06564228265838891
missing_data_bias,surface_shift,success_rate,stability_filtered,workflow,12,"0,1,2,3,4,5,6,7,8,9,10,11",True,0.7169166666666668,0.6369166666666667,0.07999999999999999,0.05551183883316302,0.10448816116683696,student_t,0.00048828125,1.7743297727496e-05,2.075679535100672,large,stability_filtered,missing_data_bias::surface_shift,40,0.01953125,0.0010279605263157894,0.000390352550004912,3.735431100525474e-05
missing_data_bias,surface_shift,near_optimal_rate,stability_filtered,workflow,12,"0,1,2,3,4,5,6,7,8,9,10,11",True,0.9968333333333331,0.9796666666666664,0.01716666666666668,0.013242184260240562,0.0210911490730928,student_t,0.00048828125,1.0787293426262499e-06,2.7792657739034237,large,stability_filtered,missing_data_bias::surface_shift,40,0.01953125,0.0010279605263157894,2.9125692250908746e-05,2.994410008909386e-06
missing_data_bias,surface_shift,avg_cost,stability_filtered,workflow,12,"0,1,2,3,4,5,6,7,8,9,10,11",True,0.27335000000000004,0.45685,-0.18349999999999997,-0.23731051182535873,-0.1296894881746412,student_t,0.00048828125,1.1916647276856424e-05,-2.1666833053568473,large,stability_filtered,missing_data_bias::surface_shift,40,0.01953125,0.0010279605263157894,0.00027408288736769775,2.6481438393014276e-05
missing_data_bias,surface_shift,fairness_gap_ses,stability_filtered,workflow,12,"0,1,2,3,4,5,6,7,8,9,10,11",True,0.015168553589094913,0.025198109637362357,-0.010029556048267442,-0.018381382192618943,-0.0016777299039159432,student_t,0.01220703125,0.02286537557809842,-0.7630038964277865,medium,stability_filtered,missing_data_bias::surface_shift,40,0.1953125,0.01953125,0.29724988251527945,0.032664822254426316
missing_data_bias,adversarial,success_rate,stability_filtered,workflow,12,"0,1,2,3,4,5,6,7,8,9,10,11",True,0.7170000000000001,0.6097499999999999,0.10725000000000003,0.07816885928516484,0.1363311407148352,student_t,0.00048828125,5.687466102450064e-06,2.3432161631534636,large,stability_filtered,missing_data_bias::adversarial,40,0.01953125,0.0009300595238095238,0.0001251242542539014,1.1973612847263292e-05
missing_data_bias,adversarial,near_optimal_rate,stability_filtered,workflow,12,"0,1,2,3,4,5,6,7,8,9,10,11",True,0.9918333333333335,0.9625833333333332,0.029250000000000026,0.025758093201299216,0.032741906798700836,student_t,0.00048828125,1.277402687677534e-09,5.3221819555041865,large,stability_filtered,missing_data_bias::adversarial,40,0.01953125,0.0009300595238095238,4.087688600568109e-08,5.677345278566818e-09
missing_data_bias,adversarial,avg_cost,stability_filtered,workflow,12,"0,1,2,3,4,5,6,7,8,9,10,11",True,0.283375,0.48976250000000005,-0.20638749999999995,-0.2612643212859642,-0.1515106787140357,student_t,0.00048828125,4.715182428899555e-06,-2.389576478201993,large,stability_filtered,missing_data_bias::adversarial,40,0.01953125,0.0009300595238095238,0.00010844919586468977,1.0478183175332345e-05
missing_data_bias,adversarial,fairness_gap_ses,stability_filtered,workflow,12,"0,1,2,3,4,5,6,7,8,9,10,11",True,0.01518857305367662,0.022021686639026383,-0.006833113585349764,-0.012928990657000119,-0.0007372365136994108,student_t,0.033203125,0.031278034184557525,-0.7122114162032935,medium,stability_filtered,missing_data_bias::adversarial,40,0.53125,0.053125,0.5004485469529204,0.05004485469529204
missing_data_bias,degradation,success_rate_drop,stability_filtered,workflow,12,"0,1,2,3,4,5,6,7,8,9,10,11",True,-0.0021666666666666687,0.0369166666666667,-0.039083333333333366,-0.04832039502569258,-0.02984627164097415,student_t,0.00048828125,1.498876658655379e-06,-2.6883403085076463,large,stability_filtered,missing_data_bias::degradation,30,0.0146484375,0.0013316761363636363,3.8970793125039855e-05,8.993259951932274e-06
missing_data_bias,degradation,fairness_gap_increase,stability_filtered,workflow,12,"0,1,2,3,4,5,6,7,8,9,10,11",True,-0.0006899849568615203,-4.850654185009224e-07,-0.0006894998914430197,-0.009753119129768301,0.008374119346882262,student_t,0.86376953125,0.8700652428935309,-0.04833470150494525,negligible,stability_filtered,missing_data_bias::degradation,30,1.0,0.9944661458333334,1.0,0.991888835645196
missing_data_bias,degradation,near_optimal_rate_drop,stability_filtered,workflow,12,"0,1,2,3,4,5,6,7,8,9,10,11",True,0.005333333333333338,0.02175000000000002,-0.01641666666666668,-0.021104944581615145,-0.011728388751718217,student_t,0.00048828125,9.296548428908119e-06,-2.2248366151060015,large,stability_filtered,missing_data_bias::degradation,30,0.0146484375,0.0013316761363636363,0.00021382061386488675,3.4300097769542544e-05
missing_data_bias,overall,success_rate,structural_causal,workflow,12,"0,1,2,3,4,5,6,7,8,9,10,11",True,0.7056388888888888,0.6311111111111111,0.07452777777777778,0.04888768530765403,0.10016787024790152,student_t,0.00146484375,5.09758610585911e-05,1.8468221563203497,large,structural_causal,missing_data_bias::overall,40,0.02197265625,0.002170138888888889,0.001019517221171822,9.709687820684018e-05
missing_data_bias,overall,near_optimal_rate,structural_causal,workflow,12,"0,1,2,3,4,5,6,7,8,9,10,11",True,0.9954166666666667,0.9755277777777778,0.01988888888888889,0.01795974336952702,0.02181803440825076,student_t,0.00048828125,1.3738683481623158e-10,6.550463398332608,large,structural_causal,missing_data_bias::overall,40,0.01953125,0.0008877840909090909,4.396378714119411e-09,6.10608154738807e-10
missing_data_bias,overall,avg_cost,structural_causal,workflow,12,"0,1,2,3,4,5,6,7,8,9,10,11",True,0.28272499999999995,0.46299166666666663,-0.1802666666666667,-0.23576899020127687,-0.1247643431320565,student_t,0.00048828125,1.872070948384659e-05,-2.0636248780514928,large,structural_causal,missing_data_bias::overall,40,0.01953125,0.0008877840909090909,0.000411855608644625,3.819849624713412e-05
missing_data_bias,overall,fairness_gap_ses,structural_causal,workflow,12,"0,1,2,3,4,5,6,7,8,9,10,11",True,0.007226850780042354,0.018218300144678883,-0.01099144936463653,-0.01551702360379284,-0.0064658751254802185,student_t,0.0009765625,0.00023537989836529283,-1.5431486430314383,large,structural_causal,missing_data_bias::overall,40,0.01953125,0.0015625,0.003959553791477055,0.0003766078373844685
missing_data_bias,normal,success_rate,structural_causal,workflow,12,"0,1,2,3,4,5,6,7,8,9,10,11",True,0.7061666666666665,0.6466666666666667,0.05949999999999996,0.033844478955370565,0.08515552104462937,student_t,0.001953125,0.00034163652732654114,1.4735423354006518,large,structural_causal,missing_data_bias::normal,40,0.04296875,0.0035511363636363635,0.006832730546530823,0.0006507362425267451
missing_data_bias,normal,near_optimal_rate,structural_causal,workflow,12,"0,1,2,3,4,5,6,7,8,9,10,11",True,0.9957499999999998,0.9843333333333332,0.011416666666666677,0.007921258331063323,0.014912075002270032,student_t,0.0009765625,1.777812087955318e-05,2.075237921831356,large,structural_causal,missing_data_bias::normal,40,0.0224609375,0.002170138888888889,0.0004266749011092763,4.183087265777219e-05
missing_data_bias,normal,avg_cost,structural_causal,workflow,12,"0,1,2,3,4,5,6,7,8,9,10,11",True,0.28177083333333336,0.44236249999999994,-0.16059166666666663,-0.21728135278597083,-0.10390198054736244,student_t,0.001953125,6.393480242699311e-05,-1.7998878459614198,large,structural_causal,missing_data_bias::normal,40,0.04296875,0.0035511363636363635,0.0014065656533938484,0.0001345995840568276
missing_data_bias,normal,fairness_gap_ses,structural_causal,workflow,12,"0,1,2,3,4,5,6,7,8,9,10,11",True,0.018600658476664544,0.022022171704444888,-0.0034215132277803403,-0.010169720230946224,0.003326693775385544,student_t,0.28564453125,0.28822605449200767,-0.32214865203512194,small,structural_causal,missing_data_bias::normal,40,1.0,0.33605238970588236,1.0,0.3390894758729502
missing_data_bias,surface_shift,success_rate,structural_causal,workflow,12,"0,1,2,3,4,5,6,7,8,9,10,11",True,0.7054166666666667,0.6369166666666667,0.06849999999999998,0.04120194869329337,0.09579805130670659,student_t,0.001953125,0.00017989945724227935,1.5943564283390528,large,structural_causal,missing_data_bias::surface_shift,40,0.037109375,0.0035511363636363635,0.003597989144845587,0.00034266563284243685
missing_data_bias,surface_shift,near_optimal_rate,structural_causal,workflow,12,"0,1,2,3,4,5,6,7,8,9,10,11",True,0.9960833333333333,0.9796666666666664,0.01641666666666668,0.012648423957154199,0.02018490937617916,student_t,0.00048828125,1.1229037533410197e-06,2.7680415437782755,large,structural_causal,missing_data_bias::surface_shift,40,0.01953125,0.0010279605263157894,2.9195497586866514e-05,2.994410008909386e-06
missing_data_bias,surface_shift,avg_cost,structural_causal,workflow,12,"0,1,2,3,4,5,6,7,8,9,10,11",True,0.28575,0.45685,-0.17109999999999995,-0.2264930444338963,-0.11570695556610358,student_t,0.00146484375,2.9597594609376376e-05,-1.9625524217499013,large,structural_causal,missing_data_bias::surface_shift,40,0.029296875,0.0027901785714285715,0.0006215494867969039,5.9195189218752745e-05
missing_data_bias,surface_shift,fairness_gap_ses,structural_causal,workflow,12,"0,1,2,3,4,5,6,7,8,9,10,11",True,0.01276457815968487,0.025198109637362357,-0.01243353147767748,-0.021217935416175553,-0.003649127539179408,student_t,0.005859375,0.0098321403015263,-0.8993084861153496,large,structural_causal,missing_data_bias::surface_shift,40,0.10546875,0.010190217391304348,0.1671463851259471,0.016386900502543832
missing_data_bias,adversarial,success_rate,structural_causal,workflow,12,"0,1,2,3,4,5,6,7,8,9,10,11",True,0.7053333333333334,0.6097499999999999,0.09558333333333335,0.06879012319698563,0.12237654346968108,student_t,0.00048828125,7.798827563646185e-06,2.266647120846228,large,structural_causal,missing_data_bias::adversarial,40,0.01953125,0.0009300595238095238,0.0001559765512729237,1.4854909645040354e-05
missing_data_bias,adversarial,near_optimal_rate,structural_causal,workflow,12,"0,1,2,3,4,5,6,7,8,9,10,11",True,0.9944166666666666,0.9625833333333332,0.03183333333333336,0.027325640258308078,0.03634102640835864,student_t,0.00048828125,7.831756044573643e-09,4.486981413768673,large,structural_causal,missing_data_bias::adversarial,40,0.01953125,0.0009300595238095238,2.349526813372093e-07,2.8479112889358703e-08
missing_data_bias,adversarial,avg_cost,structural_causal,workflow,12,"0,1,2,3,4,5,6,7,8,9,10,11",True,0.2806541666666667,0.48976250000000005,-0.20910833333333334,-0.2665831286712892,-0.15163353799537746,student_t,0.00048828125,6.472272408096134e-06,-2.311641052159889,large,structural_causal,missing_data_bias::adversarial,40,0.01953125,0.0009300595238095238,0.00013591772057001882,1.2944544816192267e-05
missing_data_bias,adversarial,fairness_gap_ses,structural_causal,workflow,12,"0,1,2,3,4,5,6,7,8,9,10,11",True,0.016398867694755917,0.022021686639026383,-0.005622818944270469,-0.012364563059840239,0.0011189251712993018,student_t,0.09423828125,0.09355934318455504,-0.5299175781936197,medium,structural_causal,missing_data_bias::adversarial,40,1.0,0.13462611607142858,1.0,0.13365620454936436
missing_data_bias,degradation,success_rate_drop,structural_causal,workflow,12,"0,1,2,3,4,5,6,7,8,9,10,11",True,0.0008333333333333156,0.0369166666666667,-0.036083333333333384,-0.045095156860640064,-0.027071509806026704,student_t,0.00048828125,2.573717455461512e-06,-2.5440196590943027,large,structural_causal,missing_data_bias::degradation,30,0.0146484375,0.0013316761363636363,6.434293638653781e-05,1.286858727730756e-05
missing_data_bias,degradation,fairness_gap_increase,structural_causal,workflow,12,"0,1,2,3,4,5,6,7,8,9,10,11",True,-0.0022017907819086306,-4.850654185009224e-07,-0.002201305716490129,-0.013080417255296132,0.008677805822315872,student_t,0.66650390625,0.6647021110721067,-0.12856223780875622,negligible,structural_causal,missing_data_bias::degradation,30,1.0,0.9088689630681818,1.0,0.8960101804584505
missing_data_bias,degradation,near_optimal_rate_drop,structural_causal,workflow,12,"0,1,2,3,4,5,6,7,8,9,10,11",True,0.0013333333333333346,0.02175000000000002,-0.020416666666666684,-0.027431721065799445,-0.013401612267533922,student_t,0.00048828125,5.04026416468794e-05,-1.8491846788652662,large,structural_causal,missing_data_bias::degradation,30,0.0146484375,0.0013316761363636363,0.0010468288943434772,0.00012908676027047794
historical_bias_feedback,overall,success_rate,baseline,causal_light,12,"0,1,2,3,4,5,6,7,8,9,10,11",True,0.6095277777777778,0.6852777777777778,-0.07575,-0.0791423967221751,-0.0723576032778249,student_t,0.00048828125,3.03811052025061e-14,-14.18738955278994,large,causal_light,historical_bias_feedback::overall,40,0.01953125,0.0006510416666666666,9.721953664801952e-13,1.3502713423336046e-13
historical_bias_feedback,overall,near_optimal_rate,baseline,causal_light,12,"0,1,2,3,4,5,6,7,8,9,10,11",True,0.9127222222222223,0.993111111111111,-0.08038888888888888,-0.08339469598973018,-0.07738308178804759,student_t,0.00048828125,4.2042217371714446e-15,-16.992661699313086,large,causal_light,historical_bias_feedback::overall,40,0.01953125,0.0006510416666666666,1.4714776080100056e-13,2.80281449144763e-14
historical_bias_feedback,overall,avg_cost,baseline,causal_light,12,"0,1,2,3,4,5,6,7,8,9,10,11",True,0.4921513888888889,0.3883152777777778,0.10383611111111109,0.10021355306538685,0.10745866915683533,student_t,0.00048828125,1.9656643498744907e-15,18.212080142623577,large,causal_light,historical_bias_feedback::overall,40,0.01953125,0.0006510416666666666,7.076391659548167e-14,1.5725314798995926e-14
historical_bias_feedback,overall,fairness_gap_ses,baseline,causal_light,12,"0,1,2,3,4,5,6,7,8,9,10,11",True,0.07418252884064078,0.0336026864707902,0.04057984236985058,0.03710202955882908,0.044057655180872075,student_t,0.00048828125,3.603623136321215e-11,7.413625505273759,large,causal_light,historical_bias_feedback::overall,40,0.01953125,0.0006510416666666666,9.729782468067281e-10,1.0296066103774901e-10
historical_bias_feedback,normal,success_rate,baseline,causal_light,12,"0,1,2,3,4,5,6,7,8,9,10,11",True,0.6305,0.6909166666666667,-0.060416666666666646,-0.06751493213287947,-0.05331840120045382,student_t,0.00048828125,1.0768365522213475e-09,-5.4079294148868575,large,causal_light,historical_bias_feedback::normal,40,0.01953125,0.00078125,3.3381933118861774e-08,4.30734620888539e-09
historical_bias_feedback,normal,near_optimal_rate,baseline,causal_light,12,"0,1,2,3,4,5,6,7,8,9,10,11",True,0.9423333333333334,0.9950000000000001,-0.05266666666666669,-0.057752030299153635,-0.04758130303417974,student_t,0.00048828125,1.3083087235614793e-10,-6.580218436857436,large,causal_light,historical_bias_feedback::normal,40,0.01953125,0.00078125,4.3174187877528815e-09,6.541543617807396e-10
historical_bias_feedback,normal,avg_cost,baseline,causal_light,12,"0,1,2,3,4,5,6,7,8,9,10,11",True,0.45678749999999996,0.37842916666666665,0.07835833333333332,0.07157702739022354,0.08513963927644311,student_t,0.00048828125,4.004817962751091e-11,7.341728889276777,large,causal_light,historical_bias_feedback::normal,40,0.01953125,0.00078125,1.4016862869628819e-09,2.669878641834061e-10
historical_bias_feedback,normal,fairness_gap_ses,baseline,causal_light,12,"0,1,2,3,4,5,6,7,8,9,10,11",True,0.06606549909574014,0.03270715854427401,0.03335834055146613,0.028123334670222367,0.038593346432709896,student_t,0.00048828125,2.307211193461458e-08,4.048682826108831,large,causal_light,historical_bias_feedback::normal,40,0.01953125,0.00078125,5.537306864307499e-07,5.4287322199093134e-08
historical_bias_feedback,surface_shift,success_rate,baseline,causal_light,12,"0,1,2,3,4,5,6,7,8,9,10,11",True,0.6310833333333333,0.6869166666666667,-0.05583333333333334,-0.06825693656257725,-0.04340973010408943,student_t,0.00048828125,8.243417994611443e-07,-2.8554362923457832,large,causal_light,historical_bias_feedback::surface_shift,40,0.01953125,0.00078125,1.895986138760632e-05,1.8318706654692096e-06
historical_bias_feedback,surface_shift,near_optimal_rate,baseline,causal_light,12,"0,1,2,3,4,5,6,7,8,9,10,11",True,0.9439166666666666,0.9954166666666665,-0.05150000000000001,-0.057993669230819334,-0.04500633076918069,student_t,0.00048828125,2.288548919550698e-09,-5.0389907053011695,large,causal_light,historical_bias_feedback::surface_shift,40,0.01953125,0.00078125,7.552211434517303e-08,1.144274459775349e-08
historical_bias_feedback,surface_shift,avg_cost,baseline,causal_light,12,"0,1,2,3,4,5,6,7,8,9,10,11",True,0.46291666666666664,0.3822583333333332,0.08065833333333335,0.07058519744714224,0.09073146921952445,student_t,0.00048828125,2.066232824726807e-09,5.08757755374491,large,causal_light,historical_bias_feedback::surface_shift,40,0.01953125,0.00078125,7.025191604071143e-08,1.144274459775349e-08
historical_bias_feedback,surface_shift,fairness_gap_ses,baseline,causal_light,12,"0,1,2,3,4,5,6,7,8,9,10,11",True,0.06509517581195191,0.03756169097629759,0.02753348483565432,0.020221570495599583,0.03484539917570906,student_t,0.00048828125,4.6597127748460474e-06,2.392525518967248,large,causal_light,historical_bias_feedback::surface_shift,40,0.01953125,0.00078125,8.957682797831572e-05,8.47220504517463e-06
historical_bias_feedback,adversarial,success_rate,baseline,causal_light,12,"0,1,2,3,4,5,6,7,8,9,10,11",True,0.5669999999999998,0.678,-0.11100000000000003,-0.11621129920361718,-0.10578870079638288,student_t,0.00048828125,5.094522689631332e-14,-13.533292282368006,large,causal_light,historical_bias_feedback::adversarial,40,0.01953125,0.0006975446428571429,1.884973395163593e-12,5.094522689631332e-13
historical_bias_feedback,adversarial,near_optimal_rate,baseline,causal_light,12,"0,1,2,3,4,5,6,7,8,9,10,11",True,0.8519166666666668,0.9889166666666666,-0.137,-0.1441576895513422,-0.12984231044865782,student_t,0.00048828125,1.6413798726655543e-13,-12.161137548586664,large,causal_light,historical_bias_feedback::adversarial,40,0.01953125,0.0006975446428571429,5.908967541595996e-12,1.3131038981324434e-12
historical_bias_feedback,adversarial,avg_cost,baseline,causal_light,12,"0,1,2,3,4,5,6,7,8,9,10,11",True,0.55675,0.4042583333333332,0.15249166666666666,0.14657999901995994,0.1584033343133734,student_t,0.00048828125,6.249561466055322e-15,16.38938254996801,large,causal_light,historical_bias_feedback::adversarial,40,0.01953125,0.0006975446428571429,2.3748333571010224e-13,8.332748621407096e-14
historical_bias_feedback,adversarial,fairness_gap_ses,baseline,causal_light,12,"0,1,2,3,4,5,6,7,8,9,10,11",True,0.09460834893826041,0.042049804005836494,0.05255854493242392,0.047945099237680776,0.05717199062716707,student_t,0.00048828125,4.6689179918527034e-11,7.238430550550773,large,causal_light,historical_bias_feedback::adversarial,40,0.01953125,0.0006975446428571429,1.307297037718757e-09,1.4365901513392933e-10
historical_bias_feedback,degradation,success_rate_drop,baseline,causal_light,12,"0,1,2,3,4,5,6,7,8,9,10,11",True,0.06350000000000001,0.012916666666666623,0.05058333333333339,0.041033713930517475,0.060132952736149305,student_t,0.00048828125,1.5644579207831276e-07,3.3654866574617355,large,causal_light,historical_bias_feedback::degradation,30,0.0146484375,0.0009765625,4.2240363861144445e-06,1.1733434405873457e-06
historical_bias_feedback,degradation,fairness_gap_increase,baseline,causal_light,12,"0,1,2,3,4,5,6,7,8,9,10,11",True,0.028542849842520274,0.009342645461562481,0.019200204380957795,0.013858797198201569,0.02454161156371402,student_t,0.00048828125,7.258510525055633e-06,2.283897751429321,large,causal_light,historical_bias_feedback::degradation,30,0.0146484375,0.0009765625,0.00015968723155122393,2.4195035083518777e-05
historical_bias_feedback,degradation,near_optimal_rate_drop,baseline,causal_light,12,"0,1,2,3,4,5,6,7,8,9,10,11",True,0.09041666666666666,0.006083333333333339,0.08433333333333333,0.07437408890282568,0.09429257776384098,student_t,0.00048828125,1.137641950189367e-09,5.380211722407523,large,causal_light,historical_bias_feedback::degradation,30,0.0146484375,0.0009765625,3.185397460530228e-08,1.1376419501893671e-08
historical_bias_feedback,overall,success_rate,baseline,stability_filtered,12,"0,1,2,3,4,5,6,7,8,9,10,11",True,0.6095277777777778,0.6856111111111112,-0.07608333333333332,-0.10591450760712301,-0.04625215905954363,student_t,0.00048828125,0.00015710996564637615,-1.620487456082325,large,stability_filtered,historical_bias_feedback::overall,40,0.01953125,0.0006510416666666666,0.001885319587756514,0.00020990847032067658
historical_bias_feedback,overall,near_optimal_rate,baseline,stability_filtered,12,"0,1,2,3,4,5,6,7,8,9,10,11",True,0.9127222222222223,0.9932499999999999,-0.08052777777777778,-0.08408141961091661,-0.07697413594463895,student_t,0.00048828125,2.585455625411807e-14,-14.39788008762362,large,stability_filtered,historical_bias_feedback::overall,40,0.01953125,0.0006510416666666666,8.532003563858963e-13,1.2927278127059033e-13
historical_bias_feedback,overall,avg_cost,baseline,stability_filtered,12,"0,1,2,3,4,5,6,7,8,9,10,11",True,0.4921513888888889,0.34483749999999996,0.14731388888888886,0.08951699801099738,0.20511077976678033,student_t,0.00048828125,0.00015795923488689997,1.619443158632394,large,stability_filtered,historical_bias_feedback::overall,40,0.01953125,0.0006510416666666666,0.001885319587756514,0.00020990847032067658
historical_bias_feedback,overall,fairness_gap_ses,baseline,stability_filtered,12,"0,1,2,3,4,5,6,7,8,9,10,11",True,0.07418252884064078,0.010845977270243482,0.06333655157039729,0.05854986666850691,0.06812323647228767,student_t,0.00048828125,9.205112151711987e-12,8.407097143961321,large,stability_filtered,historical_bias_feedback::overall,40,0.01953125,0.0006510416666666666,2.577431402479356e-10,2.8323422005267654e-11
historical_bias_feedback,normal,success_rate,baseline,stability_filtered,12,"0,1,2,3,4,5,6,7,8,9,10,11",True,0.6305,0.6830833333333333,-0.052583333333333336,-0.08593263128302984,-0.019234035383636827,student_t,0.001953125,0.005236349875435069,-1.0018158735774807,large,stability_filtered,historical_bias_feedback::normal,40,0.0234375,0.0026041666666666665,0.05236349875435069,0.006692120108696912
historical_bias_feedback,normal,near_optimal_rate,baseline,stability_filtered,12,"0,1,2,3,4,5,6,7,8,9,10,11",True,0.9423333333333334,0.9935833333333334,-0.05125000000000002,-0.05608219049170981,-0.04641780950829023,student_t,0.00048828125,1.0119067199365244e-10,-6.738702981894441,large,stability_filtered,historical_bias_feedback::normal,40,0.01953125,0.00078125,3.440482847784183e-09,5.782324113922996e-10
historical_bias_feedback,normal,avg_cost,baseline,stability_filtered,12,"0,1,2,3,4,5,6,7,8,9,10,11",True,0.45678749999999996,0.34775833333333334,0.10902916666666662,0.04588658662149245,0.1721717467118408,student_t,0.00048828125,0.002940879579190588,1.0971016307076147,large,stability_filtered,historical_bias_feedback::normal,40,0.01953125,0.00078125,0.03529055495028705,0.004056385626469776
historical_bias_feedback,normal,fairness_gap_ses,baseline,stability_filtered,12,"0,1,2,3,4,5,6,7,8,9,10,11",True,0.06606549909574014,0.02059881626618025,0.04546668282955988,0.037858778176854575,0.053074587482265186,student_t,0.00048828125,4.50401957408611e-08,3.7971233042454586,large,stability_filtered,historical_bias_feedback::normal,40,0.01953125,0.00078125,1.0359245020398053e-06,1.0008932386858022e-07
historical_bias_feedback,surface_shift,success_rate,baseline,stability_filtered,12,"0,1,2,3,4,5,6,7,8,9,10,11",True,0.6310833333333333,0.6880000000000001,-0.05691666666666667,-0.09026596461636319,-0.023567368716970155,student_t,0.00244140625,0.003174535335723265,-1.084374392477685,large,stability_filtered,historical_bias_feedback::surface_shift,40,0.03173828125,0.003367456896551724,0.038094424028679186,0.004378669428583814
historical_bias_feedback,surface_shift,near_optimal_rate,baseline,stability_filtered,12,"0,1,2,3,4,5,6,7,8,9,10,11",True,0.9439166666666666,0.9943333333333334,-0.05041666666666667,-0.05593217550322826,-0.044901157830105086,student_t,0.00048828125,5.014835627264676e-10,-5.807845238825943,large,stability_filtered,historical_bias_feedback::surface_shift,40,0.01953125,0.00078125,1.7551924695426364e-08,3.3432237515097836e-09
historical_bias_feedback,surface_shift,avg_cost,baseline,stability_filtered,12,"0,1,2,3,4,5,6,7,8,9,10,11",True,0.46291666666666664,0.3411958333333333,0.12172083333333328,0.06145724716481466,0.1819844195018519,student_t,0.00048828125,0.0009858966217977112,1.2833243544460742,large,stability_filtered,historical_bias_feedback::surface_shift,40,0.01953125,0.00078125,0.013802552705167956,0.001460587587848461
historical_bias_feedback,surface_shift,fairness_gap_ses,baseline,stability_filtered,12,"0,1,2,3,4,5,6,7,8,9,10,11",True,0.06509517581195191,0.020844818798343472,0.04425035701360844,0.034045729241178824,0.05445498478603805,student_t,0.00048828125,1.176043879340353e-06,2.7551554183931386,large,stability_filtered,historical_bias_feedback::surface_shift,40,0.01953125,0.00078125,2.4696921466147413e-05,2.352087758680706e-06
historical_bias_feedback,adversarial,success_rate,baseline,stability_filtered,12,"0,1,2,3,4,5,6,7,8,9,10,11",True,0.5669999999999998,0.6857500000000001,-0.11875000000000001,-0.1442960351034799,-0.09320396489652012,student_t,0.00048828125,5.880539839434453e-07,-2.9534974826656257,large,stability_filtered,historical_bias_feedback::adversarial,40,0.01953125,0.0006975446428571429,9.408863743095124e-06,9.408863743095124e-07
historical_bias_feedback,adversarial,near_optimal_rate,baseline,stability_filtered,12,"0,1,2,3,4,5,6,7,8,9,10,11",True,0.8519166666666668,0.9918333333333332,-0.1399166666666667,-0.14817628746882985,-0.13165704586450352,student_t,0.00048828125,6.235573796442824e-13,-10.763061753235933,large,stability_filtered,historical_bias_feedback::adversarial,40,0.01953125,0.0006975446428571429,2.057739352826132e-11,2.9642424468186413e-12
historical_bias_feedback,adversarial,avg_cost,baseline,stability_filtered,12,"0,1,2,3,4,5,6,7,8,9,10,11",True,0.55675,0.34555833333333336,0.21119166666666664,0.15979765839667098,0.2625856749366623,student_t,0.00048828125,1.9974927635132148e-06,2.610903249876412,large,stability_filtered,historical_bias_feedback::adversarial,40,0.01953125,0.0006975446428571429,2.5967405925671793e-05,2.8535610907331644e-06
historical_bias_feedback,adversarial,fairness_gap_ses,baseline,stability_filtered,12,"0,1,2,3,4,5,6,7,8,9,10,11",True,0.09460834893826041,0.016790830723477954,0.07781751821478246,0.07245509554781783,0.08317994088174709,student_t,0.00048828125,3.370778301132709e-12,9.220252726696085,large,stability_filtered,historical_bias_feedback::adversarial,40,0.01953125,0.0006975446428571429,1.0112334903398126e-10,1.2257375640482577e-11
historical_bias_feedback,degradation,success_rate_drop,baseline,stability_filtered,12,"0,1,2,3,4,5,6,7,8,9,10,11",True,0.06350000000000001,-0.002666666666666669,0.06616666666666668,0.052784537211686515,0.07954879612164684,student_t,0.00048828125,3.155590365536593e-07,3.141525005640965,large,stability_filtered,historical_bias_feedback::degradation,30,0.0146484375,0.0009765625,8.204534950395143e-06,1.8933542193219557e-06
historical_bias_feedback,degradation,fairness_gap_increase,baseline,stability_filtered,12,"0,1,2,3,4,5,6,7,8,9,10,11",True,0.028542849842520274,-0.0038079855427022944,0.03235083538522257,0.022852662202582787,0.041849008567862354,student_t,0.00048828125,1.2051523797167356e-05,2.164073003120376,large,stability_filtered,historical_bias_feedback::degradation,30,0.0146484375,0.0009765625,0.0002410304759433471,3.286779217409279e-05
historical_bias_feedback,degradation,near_optimal_rate_drop,baseline,stability_filtered,12,"0,1,2,3,4,5,6,7,8,9,10,11",True,0.09041666666666666,0.0017500000000000016,0.08866666666666667,0.07915217957423391,0.09818115375909943,student_t,0.00048828125,4.0758421492327617e-10,5.921087677047131,large,stability_filtered,historical_bias_feedback::degradation,30,0.0146484375,0.0009765625,1.181994223277501e-08,6.113763223849142e-09
historical_bias_feedback,overall,success_rate,baseline,structural_causal,12,"0,1,2,3,4,5,6,7,8,9,10,11",True,0.6095277777777778,0.6943888888888888,-0.0848611111111111,-0.10002725159259696,-0.06969497062962524,student_t,0.00048828125,8.905431917402246e-08,-3.555168020420575,large,structural_causal,historical_bias_feedback::overall,40,0.01953125,0.0006510416666666666,1.4248691067843594e-06,1.4248691067843592e-07
historical_bias_feedback,overall,near_optimal_rate,baseline,structural_causal,12,"0,1,2,3,4,5,6,7,8,9,10,11",True,0.9127222222222223,0.9889722222222223,-0.07625,-0.08017409274426893,-0.07232590725573107,student_t,0.00048828125,1.3916540183848731e-13,-12.346022842993685,large,structural_causal,historical_bias_feedback::overall,40,0.01953125,0.0006510416666666666,4.3141274569931065e-12,5.566616073539493e-13
historical_bias_feedback,overall,avg_cost,baseline,structural_causal,12,"0,1,2,3,4,5,6,7,8,9,10,11",True,0.4921513888888889,0.2734972222222222,0.21865416666666668,0.18118782281347162,0.25612051051986173,student_t,0.00048828125,5.762685563100584e-08,3.7080273979321223,large,structural_causal,historical_bias_feedback::overall,40,0.01953125,0.0006510416666666666,9.796565457270992e-07,9.604475938500973e-08
historical_bias_feedback,overall,fairness_gap_ses,baseline,structural_causal,12,"0,1,2,3,4,5,6,7,8,9,10,11",True,0.07418252884064078,0.007555989681360478,0.06662653915928031,0.06171753425662424,0.07153554406193638,student_t,0.00048828125,6.9831599858095105e-12,8.62343472716496,large,structural_causal,historical_bias_feedback::overall,40,0.01953125,0.0006510416666666666,2.025116395884758e-10,2.327719995269837e-11
historical_bias_feedback,normal,success_rate,baseline,structural_causal,12,"0,1,2,3,4,5,6,7,8,9,10,11",True,0.6305,0.6928333333333333,-0.0623333333333333,-0.08307852439365424,-0.04158814227301238,student_t,0.0009765625,3.794673152614387e-05,-1.9091031938419503,large,structural_causal,historical_bias_feedback::normal,40,0.01953125,0.0014467592592592592,0.000607147704418302,6.0714770441830195e-05
historical_bias_feedback,normal,near_optimal_rate,baseline,structural_causal,12,"0,1,2,3,4,5,6,7,8,9,10,11",True,0.9423333333333334,0.9902500000000001,-0.047916666666666684,-0.0531732506108123,-0.042660082722521066,student_t,0.00048828125,5.166458240374139e-10,-5.791745711911135,large,structural_causal,historical_bias_feedback::normal,40,0.01953125,0.00078125,1.6532666369197246e-08,2.296203662388506e-09
historical_bias_feedback,normal,avg_cost,baseline,structural_causal,12,"0,1,2,3,4,5,6,7,8,9,10,11",True,0.45678749999999996,0.26971666666666666,0.1870708333333333,0.14946272081738704,0.22467894584927955,student_t,0.00048828125,2.9689811744867284e-07,3.1604653605738733,large,structural_causal,historical_bias_feedback::normal,40,0.01953125,0.00078125,6.5317585838708025e-06,6.250486683129955e-07
historical_bias_feedback,normal,fairness_gap_ses,baseline,structural_causal,12,"0,1,2,3,4,5,6,7,8,9,10,11",True,0.06606549909574014,0.011931254991790574,0.05413424410394955,0.04730608568195083,0.06096240252594827,student_t,0.00048828125,2.296899284075678e-09,5.037267096682715,large,structural_causal,historical_bias_feedback::normal,40,0.01953125,0.00078125,6.201628067004331e-08,6.562569383073366e-09
historical_bias_feedback,surface_shift,success_rate,baseline,structural_causal,12,"0,1,2,3,4,5,6,7,8,9,10,11",True,0.6310833333333333,0.6942499999999999,-0.06316666666666663,-0.07690869923557855,-0.04942463409775472,student_t,0.00048828125,6.580566249546421e-07,-2.920542143114573,large,structural_causal,historical_bias_feedback::surface_shift,40,0.01953125,0.00078125,1.579335899891141e-05,1.5483685293050402e-06
historical_bias_feedback,surface_shift,near_optimal_rate,baseline,structural_causal,12,"0,1,2,3,4,5,6,7,8,9,10,11",True,0.9439166666666666,0.9903333333333332,-0.04641666666666667,-0.05341600886052028,-0.039417324472813056,student_t,0.00048828125,1.5185994425225216e-08,-4.213502093484142,large,structural_causal,historical_bias_feedback::surface_shift,40,0.01953125,0.00078125,4.707658271819817e-07,6.074397770090086e-08
historical_bias_feedback,surface_shift,avg_cost,baseline,structural_causal,12,"0,1,2,3,4,5,6,7,8,9,10,11",True,0.46291666666666664,0.2687375,0.19417916666666665,0.1600525938786146,0.22830573945471871,student_t,0.00048828125,7.490964930558958e-08,3.615234297826462,large,structural_causal,historical_bias_feedback::surface_shift,40,0.01953125,0.00078125,1.947650881945329e-06,1.9975906481490552e-07
historical_bias_feedback,surface_shift,fairness_gap_ses,baseline,structural_causal,12,"0,1,2,3,4,5,6,7,8,9,10,11",True,0.06509517581195191,0.01680726542638459,0.04828791038556732,0.04103569040542228,0.055540130365712356,student_t,0.00048828125,1.4556441286471788e-08,4.230521772285392,large,structural_causal,historical_bias_feedback::surface_shift,40,0.01953125,0.00078125,4.6580612116709723e-07,6.074397770090086e-08
historical_bias_feedback,adversarial,success_rate,baseline,structural_causal,12,"0,1,2,3,4,5,6,7,8,9,10,11",True,0.5669999999999998,0.6960833333333333,-0.12908333333333333,-0.1475904534126622,-0.11057621325400445,student_t,0.00048828125,8.929028571545994e-09,-4.431572107800742,large,structural_causal,historical_bias_feedback::adversarial,40,0.01953125,0.0006975446428571429,2.2322571428864983e-07,2.2322571428864983e-08
historical_bias_feedback,adversarial,near_optimal_rate,baseline,structural_causal,12,"0,1,2,3,4,5,6,7,8,9,10,11",True,0.8519166666666668,0.9863333333333334,-0.13441666666666666,-0.14240065033695984,-0.12643268299637347,student_t,0.00048828125,6.669545505341943e-13,-10.696950169056842,large,structural_causal,historical_bias_feedback::adversarial,40,0.01953125,0.0006975446428571429,2.1342545617094217e-11,2.9642424468186413e-12
historical_bias_feedback,adversarial,avg_cost,baseline,structural_causal,12,"0,1,2,3,4,5,6,7,8,9,10,11",True,0.55675,0.2820375,0.27471249999999997,0.2315866383365764,0.31783836166342355,student_t,0.00048828125,2.3153750154061218e-08,4.047316123034487,large,structural_causal,historical_bias_feedback::adversarial,40,0.01953125,0.0006975446428571429,5.556900036974692e-07,5.447941212720286e-08
historical_bias_feedback,adversarial,fairness_gap_ses,baseline,structural_causal,12,"0,1,2,3,4,5,6,7,8,9,10,11",True,0.09460834893826041,0.014371109741380996,0.0802372391968794,0.0743074214009732,0.08616705699278561,student_t,0.00048828125,7.217705396111347e-12,8.597280951159956,large,structural_causal,historical_bias_feedback::adversarial,40,0.01953125,0.0006975446428571429,2.0931345648722906e-10,2.4059017987037825e-11
historical_bias_feedback,degradation,success_rate_drop,baseline,structural_causal,12,"0,1,2,3,4,5,6,7,8,9,10,11",True,0.06350000000000001,-0.003250000000000012,0.06675000000000002,0.05218019710944998,0.08131980289055005,student_t,0.00048828125,6.802562184931975e-07,2.910878544325432,large,structural_causal,historical_bias_feedback::degradation,30,0.0146484375,0.0009765625,1.7006405462329936e-05,3.4012810924659875e-06
historical_bias_feedback,degradation,fairness_gap_increase,baseline,structural_causal,12,"0,1,2,3,4,5,6,7,8,9,10,11",True,0.028542849842520274,0.0024398547495904205,0.02610299509292985,0.01591001337381506,0.03629597681204465,student_t,0.00048828125,0.00015183990244892957,1.6271050304564763,large,structural_causal,historical_bias_feedback::degradation,30,0.0146484375,0.0009765625,0.002125758634285014,0.00026795276902752277
historical_bias_feedback,degradation,near_optimal_rate_drop,baseline,structural_causal,12,"0,1,2,3,4,5,6,7,8,9,10,11",True,0.09041666666666666,0.00391666666666667,0.08649999999999998,0.07742712796515333,0.09557287203484663,student_t,0.00048828125,3.1905297875969875e-10,6.057561237808451,large,structural_causal,historical_bias_feedback::degradation,30,0.0146484375,0.0009765625,9.571589362790962e-09,6.113763223849142e-09
historical_bias_feedback,overall,success_rate,baseline,workflow,12,"0,1,2,3,4,5,6,7,8,9,10,11",True,0.6095277777777778,0.5637500000000001,0.04577777777777777,0.042417739460138285,0.04913781609541726,student_t,0.00048828125,6.69934771569645e-12,8.656393053778292,large,baseline,historical_bias_feedback::overall,40,0.01953125,0.0006510416666666666,2.009804314708935e-10,2.327719995269837e-11
historical_bias_feedback,overall,near_optimal_rate,baseline,workflow,12,"0,1,2,3,4,5,6,7,8,9,10,11",True,0.9127222222222223,0.8694722222222224,0.04324999999999999,0.0384960791129985,0.04800392088700148,student_t,0.00048828125,5.27594571464151e-10,5.780436744767618,large,baseline,historical_bias_feedback::overall,40,0.01953125,0.0006510416666666666,1.2662269715139623e-08,1.2413989916803553e-09
historical_bias_feedback,overall,avg_cost,baseline,workflow,12,"0,1,2,3,4,5,6,7,8,9,10,11",True,0.4921513888888889,0.5579722222222222,-0.06582083333333331,-0.07150749533847427,-0.06013417132819236,student_t,0.00048828125,3.932167846097278e-11,-7.354149456547565,large,baseline,historical_bias_feedback::overall,40,0.01953125,0.0006510416666666666,1.0223636399852924e-09,1.0485780922926075e-10
historical_bias_feedback,overall,fairness_gap_ses,baseline,workflow,12,"0,1,2,3,4,5,6,7,8,9,10,11",True,0.07418252884064078,0.04034438040356171,0.033838148437079066,0.030521481504468748,0.037154815369689384,student_t,0.00048828125,1.5378692346684185e-10,6.482331276872851,large,workflow,historical_bias_feedback::overall,40,0.01953125,0.0006510416666666666,3.844673086671046e-09,3.844673086671046e-10
historical_bias_feedback,normal,success_rate,baseline,workflow,12,"0,1,2,3,4,5,6,7,8,9,10,11",True,0.6305,0.5744999999999999,0.05600000000000002,0.04896122580773374,0.0630387741922663,student_t,0.00048828125,2.21274708516002e-09,5.0549572295512695,large,baseline,historical_bias_feedback::normal,40,0.01953125,0.00078125,6.195691838448056e-08,6.562569383073366e-09
historical_bias_feedback,normal,near_optimal_rate,baseline,workflow,12,"0,1,2,3,4,5,6,7,8,9,10,11",True,0.9423333333333334,0.8848333333333334,0.05749999999999997,0.050600777728090324,0.06439922227190961,student_t,0.00048828125,1.3482674348541393e-09,5.2953442549772065,large,baseline,historical_bias_feedback::normal,40,0.01953125,0.00078125,4.044802304562418e-08,4.584180065001968e-09
historical_bias_feedback,normal,avg_cost,baseline,workflow,12,"0,1,2,3,4,5,6,7,8,9,10,11",True,0.45678749999999996,0.53745,-0.08066250000000001,-0.09035888870928899,-0.07096611129071104,student_t,0.00048828125,1.3752540195005904e-09,-5.2855252548825975,large,baseline,historical_bias_feedback::normal,40,0.01953125,0.00078125,4.044802304562418e-08,4.584180065001968e-09
historical_bias_feedback,normal,fairness_gap_ses,baseline,workflow,12,"0,1,2,3,4,5,6,7,8,9,10,11",True,0.06606549909574014,0.037787850820070905,0.02827764827566923,0.02199860921218261,0.03455668733915585,student_t,0.00048828125,8.074006592391281e-07,2.8613869672774825,large,workflow,historical_bias_feedback::normal,40,0.01953125,0.00078125,1.695541384402169e-05,1.6148013184782563e-06
historical_bias_feedback,surface_shift,success_rate,baseline,workflow,12,"0,1,2,3,4,5,6,7,8,9,10,11",True,0.6310833333333333,0.5709166666666667,0.06016666666666668,0.04839218044573434,0.07194115288759903,student_t,0.00048828125,2.258223913136141e-07,3.246687411261743,large,baseline,historical_bias_feedback::surface_shift,40,0.01953125,0.00078125,5.645559782840352e-06,5.645559782840352e-07
historical_bias_feedback,surface_shift,near_optimal_rate,baseline,workflow,12,"0,1,2,3,4,5,6,7,8,9,10,11",True,0.9439166666666666,0.8843333333333333,0.059583333333333315,0.05043810883500794,0.0687285578316587,student_t,0.00048828125,1.828493464275366e-08,4.13958606231045,large,baseline,historical_bias_feedback::surface_shift,40,0.01953125,0.00078125,5.485480392826098e-07,6.649067142819513e-08
historical_bias_feedback,surface_shift,avg_cost,baseline,workflow,12,"0,1,2,3,4,5,6,7,8,9,10,11",True,0.46291666666666664,0.5423125,-0.07939583333333333,-0.09214166266860789,-0.06665000399805877,student_t,0.00048828125,2.9248386007282788e-08,-3.9578205915990115,large,baseline,historical_bias_feedback::surface_shift,40,0.01953125,0.00078125,8.482031942112008e-07,9.749462002427596e-08
historical_bias_feedback,surface_shift,fairness_gap_ses,baseline,workflow,12,"0,1,2,3,4,5,6,7,8,9,10,11",True,0.06509517581195191,0.0343045401063028,0.030790635705649095,0.023726851056608145,0.03785442035469005,student_t,0.00048828125,1.1168935074787073e-06,2.7695403459940953,large,workflow,historical_bias_feedback::surface_shift,40,0.01953125,0.00078125,2.4571657164531562e-05,2.3513547525867522e-06
historical_bias_feedback,adversarial,success_rate,baseline,workflow,12,"0,1,2,3,4,5,6,7,8,9,10,11",True,0.5669999999999998,0.5458333333333333,0.021166666666666622,0.016121150971017115,0.02621218236231613,student_t,0.00048828125,1.6304455013529236e-06,2.665467554362153,large,baseline,historical_bias_feedback::adversarial,40,0.01953125,0.0006975446428571429,2.282623701894093e-05,2.415474816819146e-06
historical_bias_feedback,adversarial,near_optimal_rate,baseline,workflow,12,"0,1,2,3,4,5,6,7,8,9,10,11",True,0.8519166666666668,0.8392499999999999,0.012666666666666668,0.0049259902718214905,0.020407343061511846,student_t,0.0078125,0.004157953431838775,1.0397044946678242,large,baseline,historical_bias_feedback::adversarial,40,0.0703125,0.009765625,0.03742158088654897,0.0051974417897984685
historical_bias_feedback,adversarial,avg_cost,baseline,workflow,12,"0,1,2,3,4,5,6,7,8,9,10,11",True,0.55675,0.5941541666666668,-0.03740416666666669,-0.0445404235906775,-0.030267909742655877,student_t,0.00048828125,1.742376014241468e-07,-3.330243562252847,large,baseline,historical_bias_feedback::adversarial,40,0.01953125,0.0006975446428571429,3.484752028482936e-06,3.318811455698034e-07
historical_bias_feedback,adversarial,fairness_gap_ses,baseline,workflow,12,"0,1,2,3,4,5,6,7,8,9,10,11",True,0.09460834893826041,0.05634465559830646,0.038263693339953955,0.03144885937287408,0.04507852730703383,student_t,0.00048828125,8.594157479927567e-08,3.56745167833391,large,workflow,historical_bias_feedback::adversarial,40,0.01953125,0.0006975446428571429,1.8907146455840648e-06,1.8092963115636983e-07
historical_bias_feedback,degradation,success_rate_drop,baseline,workflow,12,"0,1,2,3,4,5,6,7,8,9,10,11",True,0.06350000000000001,0.028666666666666608,0.034833333333333404,0.024660802054877057,0.04500586461178975,student_t,0.0009765625,1.1464700317824374e-05,2.1756673440236485,large,workflow,historical_bias_feedback::degradation,30,0.0146484375,0.001723345588235294,0.00024075870667431186,3.286779217409279e-05
historical_bias_feedback,degradation,fairness_gap_increase,baseline,workflow,12,"0,1,2,3,4,5,6,7,8,9,10,11",True,0.028542849842520274,0.018556804778235552,0.009986045064284722,-0.0005755498190395513,0.020547639947608998,student_t,0.06103515625,0.06158698521879497,0.6007454745454286,medium,workflow,historical_bias_feedback::degradation,30,0.3662109375,0.0732421875,0.36952191131276985,0.07390438226255397
historical_bias_feedback,degradation,near_optimal_rate_drop,baseline,workflow,12,"0,1,2,3,4,5,6,7,8,9,10,11",True,0.09041666666666666,0.045583333333333365,0.0448333333333333,0.03360774232875717,0.05605892433790943,student_t,0.00048828125,2.6380993423971345e-06,2.5375716049396053,large,workflow,historical_bias_feedback::degradation,30,0.0146484375,0.0009765625,6.331438421753123e-05,1.1306140038844863e-05
historical_bias_feedback,overall,success_rate,causal_light,stability_filtered,12,"0,1,2,3,4,5,6,7,8,9,10,11",True,0.6852777777777778,0.6856111111111112,-0.0003333333333333244,-0.02920533934626234,0.02853867267959569,student_t,0.98193359375,0.9801823975187682,-0.007335475605027151,negligible,stability_filtered,historical_bias_feedback::overall,40,1.0,0.98193359375,1.0,0.9801823975187682
historical_bias_feedback,overall,near_optimal_rate,causal_light,stability_filtered,12,"0,1,2,3,4,5,6,7,8,9,10,11",True,0.993111111111111,0.9932499999999999,-0.0001388888888888921,-0.0025118609758703696,0.0022340831980925857,student_t,0.89404296875,0.8998232470713914,-0.03718787523495033,negligible,stability_filtered,historical_bias_feedback::overall,40,1.0,0.9169671474358975,1.0,0.9228956380219399
historical_bias_feedback,overall,avg_cost,causal_light,stability_filtered,12,"0,1,2,3,4,5,6,7,8,9,10,11",True,0.3883152777777778,0.34483749999999996,0.04347777777777776,-0.014051019619693662,0.10100657517524919,student_t,0.11865234375,0.12442855950048193,0.48018493905806564,small,stability_filtered,historical_bias_feedback::overall,40,0.59326171875,0.1318359375,0.6221427975024096,0.13825395500053547
historical_bias_feedback,overall,fairness_gap_ses,causal_light,stability_filtered,12,"0,1,2,3,4,5,6,7,8,9,10,11",True,0.0336026864707902,0.010845977270243482,0.022756709200546718,0.019239463632434697,0.02627395476865874,student_t,0.00048828125,1.9669054748748862e-08,4.110865428463614,large,stability_filtered,historical_bias_feedback::overall,40,0.01953125,0.0006510416666666666,3.737120402262284e-07,3.576191772499793e-08
historical_bias_feedback,normal,success_rate,causal_light,stability_filtered,12,"0,1,2,3,4,5,6,7,8,9,10,11",True,0.6909166666666667,0.6830833333333333,0.007833333333333312,-0.023236455024363348,0.03890312169102997,student_t,0.5791015625,0.5900589833641736,0.1601897796482443,negligible,causal_light,historical_bias_feedback::normal,40,1.0,0.5939503205128205,1.0,0.6051887008863319
historical_bias_feedback,normal,near_optimal_rate,causal_light,stability_filtered,12,"0,1,2,3,4,5,6,7,8,9,10,11",True,0.9950000000000001,0.9935833333333334,0.0014166666666666679,-0.0017481253756774704,0.004581458709010806,student_t,0.40625,0.3456840002325883,0.28441270232134547,small,causal_light,historical_bias_feedback::normal,40,1.0,0.4391891891891892,1.0,0.3737124326838792
historical_bias_feedback,normal,avg_cost,causal_light,stability_filtered,12,"0,1,2,3,4,5,6,7,8,9,10,11",True,0.37842916666666665,0.34775833333333334,0.030670833333333314,-0.02925260291854858,0.09059426958521521,student_t,0.28125,0.28391394802561787,0.32520360987277674,small,stability_filtered,historical_bias_feedback::normal,40,1.0,0.3125,1.0,0.3154599422506865
historical_bias_feedback,normal,fairness_gap_ses,causal_light,stability_filtered,12,"0,1,2,3,4,5,6,7,8,9,10,11",True,0.03270715854427401,0.02059881626618025,0.012108342278093757,0.005976958672215754,0.018239725883971762,student_t,0.001953125,0.0011620670152558466,1.2547369634349859,large,stability_filtered,historical_bias_feedback::normal,40,0.0234375,0.0026041666666666665,0.015106871198326006,0.0016600957360797808
historical_bias_feedback,surface_shift,success_rate,causal_light,stability_filtered,12,"0,1,2,3,4,5,6,7,8,9,10,11",True,0.6869166666666667,0.6880000000000001,-0.0010833333333333344,-0.029280707042731568,0.027114040376064897,student_t,0.935546875,0.9341297166360955,-0.024410683362426955,negligible,stability_filtered,historical_bias_feedback::surface_shift,40,1.0,0.935546875,1.0,0.9341297166360955
historical_bias_feedback,surface_shift,near_optimal_rate,causal_light,stability_filtered,12,"0,1,2,3,4,5,6,7,8,9,10,11",True,0.9954166666666665,0.9943333333333334,0.0010833333333333344,-0.0017768997055729243,0.003943566372239593,student_t,0.484375,0.4222178571319096,0.2406507273740717,small,causal_light,historical_bias_feedback::surface_shift,40,1.0,0.5098684210526315,1.0,0.44443984961253646
historical_bias_feedback,surface_shift,avg_cost,causal_light,stability_filtered,12,"0,1,2,3,4,5,6,7,8,9,10,11",True,0.3822583333333332,0.3411958333333333,0.04106249999999994,-0.017836365231902948,0.09996136523190283,student_t,0.14794921875,0.153162279420622,0.44296044895241254,small,stability_filtered,historical_bias_feedback::surface_shift,40,1.0,0.17405790441176472,1.0,0.18019091696543765
historical_bias_feedback,surface_shift,fairness_gap_ses,causal_light,stability_filtered,12,"0,1,2,3,4,5,6,7,8,9,10,11",True,0.03756169097629759,0.020844818798343472,0.016716872177954117,0.008372609971543162,0.025061134384365073,student_t,0.00244140625,0.0010466641936763114,1.2728979011050912,large,stability_filtered,historical_bias_feedback::surface_shift,40,0.03173828125,0.003367456896551724,0.013802552705167956,0.0014952345623947306
historical_bias_feedback,adversarial,success_rate,causal_light,stability_filtered,12,"0,1,2,3,4,5,6,7,8,9,10,11",True,0.678,0.6857500000000001,-0.007749999999999979,-0.03651774558438384,0.021017745584383882,student_t,0.56689453125,0.5652103728808366,-0.17116791659427022,negligible,stability_filtered,historical_bias_feedback::adversarial,40,1.0,0.56689453125,1.0,0.5652103728808366
historical_bias_feedback,adversarial,near_optimal_rate,causal_light,stability_filtered,12,"0,1,2,3,4,5,6,7,8,9,10,11",True,0.9889166666666666,0.9918333333333332,-0.0029166666666666694,-0.00568562673485282,-0.00014770659848051867,student_t,0.05224609375,0.04069277437344291,-0.669262662662494,medium,stability_filtered,historical_bias_feedback::adversarial,40,0.41796875,0.06332859848484848,0.2938693734860093,0.04787385220405048
historical_bias_feedback,adversarial,avg_cost,causal_light,stability_filtered,12,"0,1,2,3,4,5,6,7,8,9,10,11",True,0.4042583333333332,0.34555833333333336,0.058699999999999954,0.004333111481214298,0.1130668885187856,student_t,0.060546875,0.03673367168575116,0.6860094749265286,medium,stability_filtered,historical_bias_feedback::adversarial,40,0.41796875,0.06919642857142858,0.2938693734860093,0.044525662649395344
historical_bias_feedback,adversarial,fairness_gap_ses,causal_light,stability_filtered,12,"0,1,2,3,4,5,6,7,8,9,10,11",True,0.042049804005836494,0.016790830723477954,0.025258973282358533,0.020653645824505754,0.029864300740211312,student_t,0.00048828125,1.0940633399180367e-07,3.484830580130877,large,stability_filtered,historical_bias_feedback::adversarial,40,0.01953125,0.0006975446428571429,2.297533013827877e-06,2.1881266798360735e-07
historical_bias_feedback,degradation,success_rate_drop,causal_light,stability_filtered,12,"0,1,2,3,4,5,6,7,8,9,10,11",True,0.012916666666666623,-0.002666666666666669,0.015583333333333291,0.004748266060890833,0.02641840060577575,student_t,0.01318359375,0.008989988109866134,0.9138085974521205,large,stability_filtered,historical_bias_feedback::degradation,30,0.11865234375,0.017832880434782608,0.08090989298879521,0.012259074695272003
historical_bias_feedback,degradation,fairness_gap_increase,causal_light,stability_filtered,12,"0,1,2,3,4,5,6,7,8,9,10,11",True,0.009342645461562481,-0.0038079855427022944,0.013150631004264779,0.005550098230636932,0.020751163777892625,student_t,0.005859375,0.002901793652927357,1.0993324492118635,large,stability_filtered,historical_bias_feedback::degradation,30,0.064453125,0.0087890625,0.03191973018220093,0.004352690479391035
historical_bias_feedback,degradation,near_optimal_rate_drop,causal_light,stability_filtered,12,"0,1,2,3,4,5,6,7,8,9,10,11",True,0.006083333333333339,0.0017500000000000016,0.0043333333333333375,0.0019508574581461996,0.006715809208520475,student_t,0.00537109375,0.0020747012445613516,1.1556333786054844,large,stability_filtered,historical_bias_feedback::degradation,30,0.064453125,0.008480674342105263,0.024896414934736218,0.003275844070360029
historical_bias_feedback,overall,success_rate,causal_light,structural_causal,12,"0,1,2,3,4,5,6,7,8,9,10,11",True,0.6852777777777778,0.6943888888888888,-0.009111111111111098,-0.02651993916659823,0.008297716944376036,student_t,0.2724609375,0.2737785954551376,-0.3325280598686764,small,structural_causal,historical_bias_feedback::overall,40,1.0,0.29455236486486486,1.0,0.29597685995150014
historical_bias_feedback,overall,near_optimal_rate,causal_light,structural_causal,12,"0,1,2,3,4,5,6,7,8,9,10,11",True,0.993111111111111,0.9889722222222223,0.004138888888888896,0.0013068326440397017,0.00697094513373809,student_t,0.0126953125,0.008208359163717514,0.9285566075892837,large,causal_light,historical_bias_feedback::overall,40,0.1015625,0.015388257575757576,0.06566687330974011,0.00994952625905153
historical_bias_feedback,overall,avg_cost,causal_light,structural_causal,12,"0,1,2,3,4,5,6,7,8,9,10,11",True,0.3883152777777778,0.2734972222222222,0.11481805555555553,0.07503585021895554,0.15460026089215553,student_t,0.0009765625,5.426768565917686e-05,1.8337825025210674,large,structural_causal,historical_bias_feedback::overall,40,0.01953125,0.0012600806451612903,0.0007054799135692993,7.752526522739552e-05
historical_bias_feedback,overall,fairness_gap_ses,causal_light,structural_causal,12,"0,1,2,3,4,5,6,7,8,9,10,11",True,0.0336026864707902,0.007555989681360478,0.02604669678942972,0.021971427008127598,0.030121966570731844,student_t,0.00048828125,2.2355808674143034e-08,4.060904549426616,large,structural_causal,historical_bias_feedback::overall,40,0.01953125,0.0006510416666666666,4.024045561345746e-07,3.887966725937919e-08
historical_bias_feedback,normal,success_rate,causal_light,structural_causal,12,"0,1,2,3,4,5,6,7,8,9,10,11",True,0.6909166666666667,0.6928333333333333,-0.0019166666666666592,-0.019498388342429878,0.015665055009096557,student_t,0.837890625,0.8147895169138686,-0.06926465582668158,negligible,structural_causal,historical_bias_feedback::normal,40,1.0,0.837890625,1.0,0.8147895169138686
historical_bias_feedback,normal,near_optimal_rate,causal_light,structural_causal,12,"0,1,2,3,4,5,6,7,8,9,10,11",True,0.9950000000000001,0.9902500000000001,0.004750000000000004,0.001073779719929,0.008426220280071008,student_t,0.0185546875,0.015971017606062433,0.8209535296808531,large,causal_light,historical_bias_feedback::normal,40,0.1484375,0.022490530303030304,0.12776814084849947,0.019358809219469614
historical_bias_feedback,normal,avg_cost,causal_light,structural_causal,12,"0,1,2,3,4,5,6,7,8,9,10,11",True,0.37842916666666665,0.26971666666666666,0.10871249999999998,0.07037553559423135,0.1470494644057686,student_t,0.0009765625,6.336653474472829e-05,1.8017239550470499,large,structural_causal,historical_bias_feedback::normal,40,0.01953125,0.0014467592592592592,0.0009504980211709243,9.748697653035122e-05
historical_bias_feedback,normal,fairness_gap_ses,causal_light,structural_causal,12,"0,1,2,3,4,5,6,7,8,9,10,11",True,0.03270715854427401,0.011931254991790574,0.020775903552483436,0.014383907184458235,0.027167899920508637,student_t,0.00048828125,1.859459029092209e-05,2.065141871815401,large,structural_causal,historical_bias_feedback::normal,40,0.01953125,0.00078125,0.0003347026252365976,3.233841789725581e-05
historical_bias_feedback,surface_shift,success_rate,causal_light,structural_causal,12,"0,1,2,3,4,5,6,7,8,9,10,11",True,0.6869166666666667,0.6942499999999999,-0.007333333333333293,-0.026219050969959003,0.011552384303292418,student_t,0.42041015625,0.41097575963623134,-0.2467143582638791,small,structural_causal,historical_bias_feedback::surface_shift,40,1.0,0.45449746621621623,1.0,0.4442981185256555
historical_bias_feedback,surface_shift,near_optimal_rate,causal_light,structural_causal,12,"0,1,2,3,4,5,6,7,8,9,10,11",True,0.9954166666666665,0.9903333333333332,0.005083333333333338,0.0019418192683433254,0.00822484739832335,student_t,0.0078125,0.004461497651254519,1.0281016872018804,large,causal_light,historical_bias_feedback::surface_shift,40,0.0859375,0.010416666666666666,0.04907647416379971,0.005948663535006025
historical_bias_feedback,surface_shift,avg_cost,causal_light,structural_causal,12,"0,1,2,3,4,5,6,7,8,9,10,11",True,0.3822583333333332,0.2687375,0.1135208333333333,0.07150507779561793,0.15553658887104865,student_t,0.00146484375,9.637241539825256e-05,1.7166821221501911,large,structural_causal,historical_bias_feedback::surface_shift,40,0.02197265625,0.002170138888888889,0.0016383310617702936,0.00016062069233042093
historical_bias_feedback,surface_shift,fairness_gap_ses,causal_light,structural_causal,12,"0,1,2,3,4,5,6,7,8,9,10,11",True,0.03756169097629759,0.01680726542638459,0.020754425549913,0.012807689848057946,0.028701161251768054,student_t,0.00048828125,0.00012869300027992946,1.6593898887621163,large,structural_causal,historical_bias_feedback::surface_shift,40,0.01953125,0.00078125,0.0020590880044788714,0.00020590880044788713
historical_bias_feedback,adversarial,success_rate,causal_light,structural_causal,12,"0,1,2,3,4,5,6,7,8,9,10,11",True,0.678,0.6960833333333333,-0.018083333333333295,-0.036899208030379486,0.0007325413637128964,student_t,0.0703125,0.05804155273167377,-0.6106334162426178,medium,structural_causal,historical_bias_feedback::adversarial,40,0.41796875,0.078125,0.3205419872277177,0.06449061414630419
historical_bias_feedback,adversarial,near_optimal_rate,causal_light,structural_causal,12,"0,1,2,3,4,5,6,7,8,9,10,11",True,0.9889166666666666,0.9863333333333334,0.0025833333333333355,-0.0004992168274334445,0.005665883494100115,student_t,0.10546875,0.09217996107296805,0.5324720139691258,medium,causal_light,historical_bias_feedback::adversarial,40,0.421875,0.11402027027027027,0.3687198442918722,0.09965401197077628
historical_bias_feedback,adversarial,avg_cost,causal_light,structural_causal,12,"0,1,2,3,4,5,6,7,8,9,10,11",True,0.4042583333333332,0.2820375,0.12222083333333332,0.08130633865120501,0.16313532801546163,student_t,0.0009765625,3.9980528870029164e-05,1.8979927104880983,large,structural_causal,historical_bias_feedback::adversarial,40,0.01953125,0.0013469827586206897,0.00047976634644035,5.514555706210919e-05
historical_bias_feedback,adversarial,fairness_gap_ses,causal_light,structural_causal,12,"0,1,2,3,4,5,6,7,8,9,10,11",True,0.042049804005836494,0.014371109741380996,0.027678694264455492,0.02207985533736364,0.033277533191547345,student_t,0.00048828125,3.1604847975028295e-07,3.141044696849788,large,structural_causal,historical_bias_feedback::adversarial,40,0.01953125,0.0006975446428571429,5.37282415575481e-06,5.267474662504716e-07
historical_bias_feedback,degradation,success_rate_drop,causal_light,structural_causal,12,"0,1,2,3,4,5,6,7,8,9,10,11",True,0.012916666666666623,-0.003250000000000012,0.016166666666666635,0.005269539068548743,0.027063794264784526,student_t,0.0087890625,0.007527517486345333,0.9426162860488304,large,structural_causal,historical_bias_feedback::degradation,30,0.087890625,0.012555803571428572,0.07527517486345334,0.010753596409064762
historical_bias_feedback,degradation,fairness_gap_increase,causal_light,structural_causal,12,"0,1,2,3,4,5,6,7,8,9,10,11",True,0.009342645461562481,0.0024398547495904205,0.006902790711972061,-0.002472973304592595,0.016278554728536718,student_t,0.130859375,0.1334239104563181,0.46778310211397695,small,structural_causal,historical_bias_feedback::degradation,30,0.5234375,0.14539930555555555,0.5336956418252724,0.14744631387219728
historical_bias_feedback,degradation,near_optimal_rate_drop,causal_light,structural_causal,12,"0,1,2,3,4,5,6,7,8,9,10,11",True,0.006083333333333339,0.00391666666666667,0.0021666666666666687,-0.0008114281773172537,0.005144761510650591,student_t,0.154296875,0.13761655961405078,0.46225335144219376,small,structural_causal,historical_bias_feedback::degradation,30,0.5234375,0.16531808035714285,0.5336956418252724,0.14744631387219728
historical_bias_feedback,overall,success_rate,causal_light,workflow,12,"0,1,2,3,4,5,6,7,8,9,10,11",True,0.6852777777777778,0.5637500000000001,0.12152777777777779,0.11945766963398231,0.12359788592157327,student_t,0.00048828125,7.469617779883702e-19,37.30001565366433,large,causal_light,historical_bias_feedback::overall,40,0.01953125,0.0006510416666666666,2.987847111953481e-17,2.987847111953481e-17
historical_bias_feedback,overall,near_optimal_rate,causal_light,workflow,12,"0,1,2,3,4,5,6,7,8,9,10,11",True,0.993111111111111,0.8694722222222224,0.1236388888888889,0.12010134821540736,0.12717642956237044,student_t,0.00048828125,2.229324851525236e-16,22.20650147256631,large,causal_light,historical_bias_feedback::overall,40,0.01953125,0.0006510416666666666,8.471434435795896e-15,2.9724331353669815e-15
historical_bias_feedback,overall,avg_cost,causal_light,workflow,12,"0,1,2,3,4,5,6,7,8,9,10,11",True,0.3883152777777778,0.5579722222222222,-0.16965694444444443,-0.17276545995896306,-0.1665484289299258,student_t,0.00048828125,1.6648442738499088e-18,-34.67728542490647,large,causal_light,historical_bias_feedback::overall,40,0.01953125,0.0006510416666666666,6.492892668014645e-17,3.3296885476998175e-17
historical_bias_feedback,overall,fairness_gap_ses,causal_light,workflow,12,"0,1,2,3,4,5,6,7,8,9,10,11",True,0.0336026864707902,0.04034438040356171,-0.006741693932771517,-0.010295649733573976,-0.0031877381319690584,student_t,0.00244140625,0.0015491340790086557,-1.2052676527828003,large,causal_light,historical_bias_feedback::overall,40,0.02197265625,0.0030517578125,0.013942206711077902,0.0019364175987608197
historical_bias_feedback,normal,success_rate,causal_light,workflow,12,"0,1,2,3,4,5,6,7,8,9,10,11",True,0.6909166666666667,0.5744999999999999,0.11641666666666667,0.11303872496298756,0.11979460837034578,student_t,0.00048828125,2.60048316899076e-16,21.897246189660674,large,causal_light,historical_bias_feedback::normal,40,0.01953125,0.00078125,1.0141884359063964e-14,5.20096633798152e-15
historical_bias_feedback,normal,near_optimal_rate,causal_light,workflow,12,"0,1,2,3,4,5,6,7,8,9,10,11",True,0.9950000000000001,0.8848333333333334,0.11016666666666665,0.10352583982952554,0.11680749350380776,student_t,0.00048828125,7.834862358407138e-13,10.54033816429342,large,causal_light,historical_bias_feedback::normal,40,0.01953125,0.00078125,2.8988990726106412e-11,7.834862358407138e-12
historical_bias_feedback,normal,avg_cost,causal_light,workflow,12,"0,1,2,3,4,5,6,7,8,9,10,11",True,0.37842916666666665,0.53745,-0.1590208333333333,-0.1632534607347934,-0.1547882059318732,student_t,0.00048828125,1.0079300375602307e-16,-23.870992546805496,large,causal_light,historical_bias_feedback::normal,40,0.01953125,0.00078125,4.031720150240923e-15,4.031720150240923e-15
historical_bias_feedback,normal,fairness_gap_ses,causal_light,workflow,12,"0,1,2,3,4,5,6,7,8,9,10,11",True,0.03270715854427401,0.037787850820070905,-0.005080692275796894,-0.009190398934217112,-0.0009709856173766756,student_t,0.02490234375,0.019895717162912673,-0.7854861991352978,medium,causal_light,historical_bias_feedback::normal,40,0.17431640625,0.029296875,0.13927002014038872,0.02340672607401491
historical_bias_feedback,surface_shift,success_rate,causal_light,workflow,12,"0,1,2,3,4,5,6,7,8,9,10,11",True,0.6869166666666667,0.5709166666666667,0.11600000000000003,0.110375501805704,0.12162449819429606,student_t,0.00048828125,7.251077816737409e-14,13.103903883337987,large,causal_light,historical_bias_feedback::surface_shift,40,0.01953125,0.00078125,2.8279203485275896e-12,1.1889000688226761e-12
historical_bias_feedback,surface_shift,near_optimal_rate,causal_light,workflow,12,"0,1,2,3,4,5,6,7,8,9,10,11",True,0.9954166666666665,0.8843333333333333,0.11108333333333331,0.10559450453069429,0.11657216213597234,student_t,0.00048828125,8.916750516170071e-14,12.858659889962707,large,causal_light,historical_bias_feedback::surface_shift,40,0.01953125,0.00078125,3.388365196144627e-12,1.1889000688226761e-12
historical_bias_feedback,surface_shift,avg_cost,causal_light,workflow,12,"0,1,2,3,4,5,6,7,8,9,10,11",True,0.3822583333333332,0.5423125,-0.1600541666666667,-0.16485795378586374,-0.15525037954746965,student_t,0.00048828125,3.769097531269344e-16,-21.169457202666983,large,causal_light,historical_bias_feedback::surface_shift,40,0.01953125,0.00078125,1.5076390125077374e-14,1.5076390125077374e-14
historical_bias_feedback,surface_shift,fairness_gap_ses,causal_light,workflow,12,"0,1,2,3,4,5,6,7,8,9,10,11",True,0.03756169097629759,0.0343045401063028,0.003257150869994785,-0.003045006373162973,0.009559308113152542,student_t,0.28173828125,0.2794850858380538,0.32837881538039754,small,workflow,historical_bias_feedback::surface_shift,40,1.0,0.3130425347222222,1.0,0.3105389842645042
historical_bias_feedback,adversarial,success_rate,causal_light,workflow,12,"0,1,2,3,4,5,6,7,8,9,10,11",True,0.678,0.5458333333333333,0.13216666666666663,0.12829869975805896,0.1360346335752743,student_t,0.00048828125,2.857217673824714e-16,21.71029268330251,large,causal_light,historical_bias_feedback::adversarial,40,0.01953125,0.0006975446428571429,1.1143148927916386e-14,5.714435347649429e-15
historical_bias_feedback,adversarial,near_optimal_rate,causal_light,workflow,12,"0,1,2,3,4,5,6,7,8,9,10,11",True,0.9889166666666666,0.8392499999999999,0.14966666666666667,0.14117103789136515,0.1581622954419682,student_t,0.00048828125,4.0640541715518564e-13,11.193246046708126,large,causal_light,historical_bias_feedback::adversarial,40,0.01953125,0.0006975446428571429,1.3817784183276312e-11,2.322316669458204e-12
historical_bias_feedback,adversarial,avg_cost,causal_light,workflow,12,"0,1,2,3,4,5,6,7,8,9,10,11",True,0.4042583333333332,0.5941541666666668,-0.18989583333333335,-0.1950100203956584,-0.1847816462710083,student_t,0.00048828125,1.1468401799984297e-16,-23.59203032261835,large,causal_light,historical_bias_feedback::adversarial,40,0.01953125,0.0006975446428571429,4.587360719993719e-15,4.587360719993719e-15
historical_bias_feedback,adversarial,fairness_gap_ses,causal_light,workflow,12,"0,1,2,3,4,5,6,7,8,9,10,11",True,0.042049804005836494,0.05634465559830646,-0.014294851592469968,-0.021137437038317122,-0.007452266146622814,student_t,0.00244140625,0.0007673296042834002,-1.327351402271778,large,causal_light,historical_bias_feedback::adversarial,40,0.02685546875,0.0032552083333333335,0.008440625647117402,0.0010231061390445335
historical_bias_feedback,degradation,success_rate_drop,causal_light,workflow,12,"0,1,2,3,4,5,6,7,8,9,10,11",True,0.012916666666666623,0.028666666666666608,-0.015749999999999986,-0.021427265804842194,-0.010072734195157779,student_t,0.0009765625,7.67135018132133e-05,-1.7626570464400144,large,causal_light,historical_bias_feedback::degradation,30,0.0146484375,0.001723345588235294,0.0011507025271981996,0.00014383781589977495
historical_bias_feedback,degradation,fairness_gap_increase,causal_light,workflow,12,"0,1,2,3,4,5,6,7,8,9,10,11",True,0.009342645461562481,0.018556804778235552,-0.009214159316673071,-0.01793036088746647,-0.0004979577458796708,student_t,0.04443359375,0.04009966680945084,-0.6716684414049472,medium,causal_light,historical_bias_feedback::degradation,30,0.31103515625,0.0555419921875,0.2806976676661559,0.05012458351181354
historical_bias_feedback,degradation,near_optimal_rate_drop,causal_light,workflow,12,"0,1,2,3,4,5,6,7,8,9,10,11",True,0.006083333333333339,0.045583333333333365,-0.03950000000000003,-0.05196685350184832,-0.027033146498151733,student_t,0.00048828125,2.3492328532844563e-05,-2.0131064061786224,large,causal_light,historical_bias_feedback::degradation,30,0.0146484375,0.0009765625,0.0004228619135912021,5.4213065845025915e-05
historical_bias_feedback,overall,success_rate,stability_filtered,structural_causal,12,"0,1,2,3,4,5,6,7,8,9,10,11",True,0.6856111111111112,0.6943888888888888,-0.008777777777777773,-0.04149731751854201,0.02394176196298646,student_t,0.5634765625,0.5668116465108191,-0.1704527009331402,negligible,structural_causal,historical_bias_feedback::overall,40,1.0,0.5931332236842105,1.0,0.5966438384324411
historical_bias_feedback,overall,near_optimal_rate,stability_filtered,structural_causal,12,"0,1,2,3,4,5,6,7,8,9,10,11",True,0.9932499999999999,0.9889722222222223,0.0042777777777777875,0.002593516394644625,0.00596203916091095,student_t,0.00048828125,0.00016267906449852435,1.6137461538599018,large,stability_filtered,historical_bias_feedback::overall,40,0.01953125,0.0006510416666666666,0.001885319587756514,0.00020990847032067658
historical_bias_feedback,overall,avg_cost,stability_filtered,structural_causal,12,"0,1,2,3,4,5,6,7,8,9,10,11",True,0.34483749999999996,0.2734972222222222,0.07134027777777778,0.005509777645875569,0.13717077790968,student_t,0.0361328125,0.03616709942289937,0.6885478599546974,medium,structural_causal,historical_bias_feedback::overall,40,0.2529296875,0.04250919117647059,0.2531696959602956,0.042549528732822785
historical_bias_feedback,overall,fairness_gap_ses,stability_filtered,structural_causal,12,"0,1,2,3,4,5,6,7,8,9,10,11",True,0.010845977270243482,0.007555989681360478,0.003289987588883004,-0.0003155596418027433,0.0068955348195687514,student_t,0.072265625,0.06979733433717653,0.5797617537420127,medium,structural_causal,historical_bias_feedback::overall,40,0.43359375,0.08258928571428571,0.41878400602305915,0.0797683820996303
historical_bias_feedback,normal,success_rate,stability_filtered,structural_causal,12,"0,1,2,3,4,5,6,7,8,9,10,11",True,0.6830833333333333,0.6928333333333333,-0.009749999999999972,-0.042586578044484166,0.02308657804448422,student_t,0.525390625,0.526841221490713,-0.1886571263015592,negligible,structural_causal,historical_bias_feedback::normal,40,1.0,0.5530427631578947,1.0,0.5545697068323294
historical_bias_feedback,normal,near_optimal_rate,stability_filtered,structural_causal,12,"0,1,2,3,4,5,6,7,8,9,10,11",True,0.9935833333333334,0.9902500000000001,0.003333333333333336,0.0012115871445041787,0.005455079522162494,student_t,0.0078125,0.0053536960869575295,0.998186761880863,large,stability_filtered,historical_bias_feedback::normal,40,0.0732421875,0.009765625,0.05236349875435069,0.006692120108696912
historical_bias_feedback,normal,avg_cost,stability_filtered,structural_causal,12,"0,1,2,3,4,5,6,7,8,9,10,11",True,0.34775833333333334,0.26971666666666666,0.07804166666666666,0.012523267119737752,0.14356006621359557,student_t,0.029296875,0.023757138945318168,0.7568150274038628,medium,structural_causal,historical_bias_feedback::normal,40,0.17578125,0.033482142857142856,0.142542833671909,0.02715101593750648
historical_bias_feedback,normal,fairness_gap_ses,stability_filtered,structural_causal,12,"0,1,2,3,4,5,6,7,8,9,10,11",True,0.02059881626618025,0.011931254991790574,0.008667561274389673,0.0032936315866967892,0.014041490962082556,student_t,0.00732421875,0.004552475932765888,1.0247818666884483,large,structural_causal,historical_bias_feedback::normal,40,0.0732421875,0.009450604838709678,0.05007723526042477,0.006069967910354518
historical_bias_feedback,surface_shift,success_rate,stability_filtered,structural_causal,12,"0,1,2,3,4,5,6,7,8,9,10,11",True,0.6880000000000001,0.6942499999999999,-0.00624999999999996,-0.03930824048133222,0.0268082404813323,student_t,0.6787109375,0.6853260516519135,-0.12012316711299931,negligible,structural_causal,historical_bias_feedback::surface_shift,40,1.0,0.696113782051282,1.0,0.7028985145147831
historical_bias_feedback,surface_shift,near_optimal_rate,stability_filtered,structural_causal,12,"0,1,2,3,4,5,6,7,8,9,10,11",True,0.9943333333333334,0.9903333333333332,0.0040000000000000036,0.0011585403765830256,0.0068414596234169815,student_t,0.01318359375,0.010133267884732662,0.8944271909999159,large,stability_filtered,historical_bias_feedback::surface_shift,40,0.1318359375,0.017011088709677418,0.09595204639631835,0.012666584855915828
historical_bias_feedback,surface_shift,avg_cost,stability_filtered,structural_causal,12,"0,1,2,3,4,5,6,7,8,9,10,11",True,0.3411958333333333,0.2687375,0.07245833333333335,0.003978351413877437,0.14093831525278927,student_t,0.0390625,0.039949852883112986,0.6722815530013693,medium,structural_causal,historical_bias_feedback::surface_shift,40,0.3125,0.04734848484848485,0.3195988230649039,0.048424064100743014
historical_bias_feedback,surface_shift,fairness_gap_ses,stability_filtered,structural_causal,12,"0,1,2,3,4,5,6,7,8,9,10,11",True,0.020844818798343472,0.01680726542638459,0.00403755337195888,-0.0019612050309335037,0.010036311774851262,student_t,0.1572265625,0.16656646404702155,0.4276449977174012,small,structural_causal,historical_bias_feedback::surface_shift,40,1.0,0.1796875,1.0,0.19036167319659605
historical_bias_feedback,adversarial,success_rate,stability_filtered,structural_causal,12,"0,1,2,3,4,5,6,7,8,9,10,11",True,0.6857500000000001,0.6960833333333333,-0.010333333333333314,-0.04474725116907817,0.024080584502411545,student_t,0.51416015625,0.522288864936407,-0.19077998617867153,negligible,structural_causal,historical_bias_feedback::adversarial,40,1.0,0.52734375,1.0,0.5356808871142636
historical_bias_feedback,adversarial,near_optimal_rate,stability_filtered,structural_causal,12,"0,1,2,3,4,5,6,7,8,9,10,11",True,0.9918333333333332,0.9863333333333334,0.005500000000000005,0.0027975561014062273,0.008202443898593783,student_t,0.0029296875,0.0009322716194742646,1.2931011378712105,large,stability_filtered,historical_bias_feedback::adversarial,40,0.029296875,0.003780241935483871,0.009322716194742646,0.0012029311219022769
historical_bias_feedback,adversarial,avg_cost,stability_filtered,structural_causal,12,"0,1,2,3,4,5,6,7,8,9,10,11",True,0.34555833333333336,0.2820375,0.06352083333333332,-0.0011152356433753452,0.12815690231004198,student_t,0.0595703125,0.05342366453795295,0.6244069704852502,medium,structural_causal,historical_bias_feedback::adversarial,40,0.41796875,0.06919642857142858,0.3205419872277177,0.061055616614803375
historical_bias_feedback,adversarial,fairness_gap_ses,stability_filtered,structural_causal,12,"0,1,2,3,4,5,6,7,8,9,10,11",True,0.016790830723477954,0.014371109741380996,0.0024197209820969578,-0.0032552043544195903,0.008094646318613506,student_t,0.361328125,0.3681505128001479,0.2709141129881329,small,structural_causal,historical_bias_feedback::adversarial,40,1.0,0.3803453947368421,1.0,0.38752685557910305
historical_bias_feedback,degradation,success_rate_drop,stability_filtered,structural_causal,12,"0,1,2,3,4,5,6,7,8,9,10,11",True,-0.002666666666666669,-0.003250000000000012,0.0005833333333333431,-0.011177508687155648,0.012344175353822335,student_t,0.92724609375,0.9150352549115321,0.03151409711671925,negligible,structural_causal,historical_bias_feedback::degradation,30,0.92724609375,0.92724609375,0.9150352549115321,0.9150352549115321
historical_bias_feedback,degradation,fairness_gap_increase,stability_filtered,structural_causal,12,"0,1,2,3,4,5,6,7,8,9,10,11",True,-0.0038079855427022944,0.0024398547495904205,-0.006247840292292715,-0.013285487785942688,0.0007898072013572581,student_t,0.07568359375,0.07659680672744033,-0.5640646731129894,medium,stability_filtered,historical_bias_feedback::degradation,30,0.37841796875,0.0873272235576923,0.3829840336372017,0.08838093083935424
historical_bias_feedback,degradation,near_optimal_rate_drop,stability_filtered,structural_causal,12,"0,1,2,3,4,5,6,7,8,9,10,11",True,0.0017500000000000016,0.00391666666666667,-0.0021666666666666687,-0.005526907243949241,0.0011935739106159037,student_t,0.19580078125,0.18355527592859236,-0.4096832625173433,small,stability_filtered,historical_bias_feedback::degradation,30,0.5234375,0.20255253232758622,0.5336956418252724,0.18988476820199207
historical_bias_feedback,overall,success_rate,stability_filtered,workflow,12,"0,1,2,3,4,5,6,7,8,9,10,11",True,0.6856111111111112,0.5637500000000001,0.12186111111111113,0.09295502296493335,0.1507671992572889,student_t,0.00048828125,1.55364248654814e-06,2.678565694277917,large,stability_filtered,historical_bias_feedback::overall,40,0.01953125,0.0006510416666666666,2.33046372982221e-05,2.3902192100740616e-06
historical_bias_feedback,overall,near_optimal_rate,stability_filtered,workflow,12,"0,1,2,3,4,5,6,7,8,9,10,11",True,0.9932499999999999,0.8694722222222224,0.1237777777777778,0.11962428654194986,0.12793126901360577,student_t,0.00048828125,1.282640053146145e-15,18.934588638697484,large,stability_filtered,historical_bias_feedback::overall,40,0.01953125,0.0006510416666666666,4.745768196640736e-14,1.282640053146145e-14
historical_bias_feedback,overall,avg_cost,stability_filtered,workflow,12,"0,1,2,3,4,5,6,7,8,9,10,11",True,0.34483749999999996,0.5579722222222222,-0.21313472222222218,-0.27101009930243525,-0.15525934514200912,student_t,0.00048828125,5.766176931242102e-06,-2.339843792800094,large,stability_filtered,historical_bias_feedback::overall,40,0.01953125,0.0006510416666666666,8.072647703738942e-05,8.542484342580893e-06
historical_bias_feedback,overall,fairness_gap_ses,stability_filtered,workflow,12,"0,1,2,3,4,5,6,7,8,9,10,11",True,0.010845977270243482,0.04034438040356171,-0.029498403133318227,-0.034026446248611425,-0.024970360018025033,student_t,0.00048828125,1.8303691572941894e-08,-4.13918125297753,large,stability_filtered,historical_bias_feedback::overall,40,0.01953125,0.0006510416666666666,3.660738314588379e-07,3.486417442465123e-08
historical_bias_feedback,normal,success_rate,stability_filtered,workflow,12,"0,1,2,3,4,5,6,7,8,9,10,11",True,0.6830833333333333,0.5744999999999999,0.10858333333333337,0.07878128896912996,0.13838537769753678,student_t,0.00048828125,6.384523754636153e-06,2.3149606015590654,large,stability_filtered,historical_bias_feedback::normal,40,0.01953125,0.00078125,0.00012130595133808691,1.1608225008429369e-05
historical_bias_feedback,normal,near_optimal_rate,stability_filtered,workflow,12,"0,1,2,3,4,5,6,7,8,9,10,11",True,0.9935833333333334,0.8848333333333334,0.10874999999999997,0.10253573719362781,0.11496426280637213,student_t,0.00048828125,4.3705282284228847e-13,11.119010516594514,large,stability_filtered,historical_bias_feedback::normal,40,0.01953125,0.00078125,1.6608007268006962e-11,5.827370971230512e-12
historical_bias_feedback,normal,avg_cost,stability_filtered,workflow,12,"0,1,2,3,4,5,6,7,8,9,10,11",True,0.34775833333333334,0.53745,-0.18969166666666662,-0.2485260667176925,-0.13085726661564073,student_t,0.00048828125,2.0026438871442942e-05,-2.0485351228910935,large,stability_filtered,historical_bias_feedback::normal,40,0.01953125,0.00078125,0.00034044946081453003,3.337739811907157e-05
historical_bias_feedback,normal,fairness_gap_ses,stability_filtered,workflow,12,"0,1,2,3,4,5,6,7,8,9,10,11",True,0.02059881626618025,0.037787850820070905,-0.017189034553890654,-0.025406213705742132,-0.008971855402039177,student_t,0.00146484375,0.0007598107451864355,-1.3290925399280313,large,stability_filtered,historical_bias_feedback::normal,40,0.01953125,0.0020926339285714285,0.010637350432610097,0.0011256455484243489
historical_bias_feedback,surface_shift,success_rate,stability_filtered,workflow,12,"0,1,2,3,4,5,6,7,8,9,10,11",True,0.6880000000000001,0.5709166666666667,0.11708333333333333,0.08611810913384886,0.1480485575328178,student_t,0.00048828125,4.4788413989157864e-06,2.402411182689705,large,stability_filtered,historical_bias_feedback::surface_shift,40,0.01953125,0.00078125,8.957682797831572e-05,8.47220504517463e-06
historical_bias_feedback,surface_shift,near_optimal_rate,stability_filtered,workflow,12,"0,1,2,3,4,5,6,7,8,9,10,11",True,0.9943333333333334,0.8843333333333333,0.10999999999999999,0.10372768961209174,0.11627231038790824,student_t,0.00048828125,4.269947322557733e-13,11.142730713841818,large,stability_filtered,historical_bias_feedback::surface_shift,40,0.01953125,0.00078125,1.5798805093463614e-11,4.269947322557733e-12
historical_bias_feedback,surface_shift,avg_cost,stability_filtered,workflow,12,"0,1,2,3,4,5,6,7,8,9,10,11",True,0.3411958333333333,0.5423125,-0.20111666666666664,-0.2600236272118495,-0.14220970612148376,student_t,0.00048828125,1.178602788065059e-05,-2.1692416725263457,large,stability_filtered,historical_bias_feedback::surface_shift,40,0.01953125,0.00078125,0.0002121485018517106,2.0497439792435807e-05
historical_bias_feedback,surface_shift,fairness_gap_ses,stability_filtered,workflow,12,"0,1,2,3,4,5,6,7,8,9,10,11",True,0.020844818798343472,0.0343045401063028,-0.013459721307959338,-0.022927570152570846,-0.003991872463347831,student_t,0.0146484375,0.009595204639631835,-0.9032568072555468,large,stability_filtered,historical_bias_feedback::surface_shift,40,0.1318359375,0.018310546875,0.09595204639631835,0.012380909212428175
historical_bias_feedback,adversarial,success_rate,stability_filtered,workflow,12,"0,1,2,3,4,5,6,7,8,9,10,11",True,0.6857500000000001,0.5458333333333333,0.13991666666666666,0.11264961018329862,0.16718372315003469,student_t,0.00048828125,2.1639616279875893e-07,3.260300898493372,large,stability_filtered,historical_bias_feedback::adversarial,40,0.01953125,0.0006975446428571429,3.9017596974379926e-06,3.763411526934938e-07
historical_bias_feedback,adversarial,near_optimal_rate,stability_filtered,workflow,12,"0,1,2,3,4,5,6,7,8,9,10,11",True,0.9918333333333332,0.8392499999999999,0.15258333333333332,0.14426173960672004,0.1609049270599466,student_t,0.00048828125,2.6248821231588386e-13,11.650030988828318,large,stability_filtered,historical_bias_feedback::adversarial,40,0.01953125,0.0006975446428571429,9.187087431055935e-12,1.7499214154392256e-12
historical_bias_feedback,adversarial,avg_cost,stability_filtered,workflow,12,"0,1,2,3,4,5,6,7,8,9,10,11",True,0.34555833333333336,0.5941541666666668,-0.24859583333333332,-0.30487372960878045,-0.1923179370578862,student_t,0.00048828125,9.787730025751658e-07,-2.806612672993368,large,stability_filtered,historical_bias_feedback::adversarial,40,0.01953125,0.0006975446428571429,1.4681595038627487e-05,1.505804619346409e-06
historical_bias_feedback,adversarial,fairness_gap_ses,stability_filtered,workflow,12,"0,1,2,3,4,5,6,7,8,9,10,11",True,0.016790830723477954,0.05634465559830646,-0.0395538248748285,-0.04722261698272097,-0.031885032766936036,student_t,0.00048828125,2.0535577354936805e-07,-3.277087315678715,large,stability_filtered,historical_bias_feedback::adversarial,40,0.01953125,0.0006975446428571429,3.9017596974379926e-06,3.733741337261237e-07
historical_bias_feedback,degradation,success_rate_drop,stability_filtered,workflow,12,"0,1,2,3,4,5,6,7,8,9,10,11",True,-0.002666666666666669,0.028666666666666608,-0.031333333333333276,-0.04201102750168363,-0.02065563916498292,student_t,0.00048828125,4.6856409250567395e-05,-1.8644709137631896,large,stability_filtered,historical_bias_feedback::degradation,30,0.0146484375,0.0009765625,0.0007497025480090783,9.371281850113479e-05
historical_bias_feedback,degradation,fairness_gap_increase,stability_filtered,workflow,12,"0,1,2,3,4,5,6,7,8,9,10,11",True,-0.0038079855427022944,0.018556804778235552,-0.02236479032093785,-0.03380457467434265,-0.010925005967533055,student_t,0.00244140625,0.001249824808487979,-1.2421484002138758,large,stability_filtered,historical_bias_feedback::degradation,30,0.03173828125,0.004069010416666667,0.016247722510343725,0.002083041347479965
historical_bias_feedback,degradation,near_optimal_rate_drop,stability_filtered,workflow,12,"0,1,2,3,4,5,6,7,8,9,10,11",True,0.0017500000000000016,0.045583333333333365,-0.04383333333333336,-0.05566999275542001,-0.03199667391124671,student_t,0.00048828125,5.468007321992089e-06,-2.352891158005466,large,stability_filtered,historical_bias_feedback::degradation,30,0.0146484375,0.0009765625,0.00012576416840581804,2.0505027457470333e-05
historical_bias_feedback,overall,success_rate,structural_causal,workflow,12,"0,1,2,3,4,5,6,7,8,9,10,11",True,0.6943888888888888,0.5637500000000001,0.13063888888888886,0.11286815545225878,0.14840962232551894,student_t,0.00048828125,5.1221450854300575e-09,4.670825224080795,large,structural_causal,historical_bias_feedback::overall,40,0.01953125,0.0006510416666666666,1.1780933696489132e-07,1.1382544634289016e-08
historical_bias_feedback,overall,near_optimal_rate,structural_causal,workflow,12,"0,1,2,3,4,5,6,7,8,9,10,11",True,0.9889722222222223,0.8694722222222224,0.1195,0.11483406317320415,0.12416593682679584,student_t,0.00048828125,6.759569335930009e-15,16.27254728346833,large,structural_causal,historical_bias_feedback::overall,40,0.01953125,0.0006510416666666666,2.298253574216203e-13,3.8626110491028624e-14
historical_bias_feedback,overall,avg_cost,structural_causal,workflow,12,"0,1,2,3,4,5,6,7,8,9,10,11",True,0.2734972222222222,0.5579722222222222,-0.284475,-0.32602802605869763,-0.24292197394130235,student_t,0.00048828125,1.0865807090475413e-08,-4.349786500442781,large,structural_causal,historical_bias_feedback::overall,40,0.01953125,0.0006510416666666666,2.390477559904591e-07,2.2875383348369293e-08
historical_bias_feedback,overall,fairness_gap_ses,structural_causal,workflow,12,"0,1,2,3,4,5,6,7,8,9,10,11",True,0.007555989681360478,0.04034438040356171,-0.03278839072220124,-0.037628018673574994,-0.02794876277082748,student_t,0.00048828125,1.2127719425734928e-08,-4.30461799346458,large,structural_causal,historical_bias_feedback::overall,40,0.01953125,0.0006510416666666666,2.546821079404335e-07,2.4255438851469857e-08
historical_bias_feedback,normal,success_rate,structural_causal,workflow,12,"0,1,2,3,4,5,6,7,8,9,10,11",True,0.6928333333333333,0.5744999999999999,0.11833333333333333,0.10007803159507166,0.13658863507159502,student_t,0.00048828125,1.9287786021053995e-08,4.118552192589225,large,structural_causal,historical_bias_feedback::normal,40,0.01953125,0.00078125,4.821946505263499e-07,4.821946505263499e-08
historical_bias_feedback,normal,near_optimal_rate,structural_causal,workflow,12,"0,1,2,3,4,5,6,7,8,9,10,11",True,0.9902500000000001,0.8848333333333334,0.10541666666666664,0.09856035443183725,0.11227297890149604,student_t,0.00048828125,1.7954518313644464e-12,9.768889199492593,large,structural_causal,historical_bias_feedback::normal,40,0.01953125,0.00078125,6.463626592912007e-11,1.4363614650915571e-11
historical_bias_feedback,normal,avg_cost,structural_causal,workflow,12,"0,1,2,3,4,5,6,7,8,9,10,11",True,0.26971666666666666,0.53745,-0.2677333333333333,-0.30729360609840883,-0.2281730605682578,student_t,0.00048828125,1.2265091492932384e-08,-4.300011915931329,large,structural_causal,historical_bias_feedback::normal,40,0.01953125,0.00078125,3.18892378816242e-07,3.270691064781969e-08
historical_bias_feedback,normal,fairness_gap_ses,structural_causal,workflow,12,"0,1,2,3,4,5,6,7,8,9,10,11",True,0.011931254991790574,0.037787850820070905,-0.02585659582828033,-0.032834875922435995,-0.01887831573412466,student_t,0.00048828125,5.438298065888684e-06,-2.354232989378464,large,structural_causal,historical_bias_feedback::normal,40,0.01953125,0.00078125,0.00010876596131777368,1.0358662982645113e-05
historical_bias_feedback,surface_shift,success_rate,structural_causal,workflow,12,"0,1,2,3,4,5,6,7,8,9,10,11",True,0.6942499999999999,0.5709166666666667,0.1233333333333333,0.10228955072555651,0.14437711594111008,student_t,0.00048828125,5.515012887784291e-08,3.7237726171993986,large,structural_causal,historical_bias_feedback::surface_shift,40,0.01953125,0.00078125,1.4890534797017587e-06,1.575717967938369e-07
historical_bias_feedback,surface_shift,near_optimal_rate,structural_causal,workflow,12,"0,1,2,3,4,5,6,7,8,9,10,11",True,0.9903333333333332,0.8843333333333333,0.10599999999999998,0.09944165959475038,0.11255834040524959,student_t,0.00048828125,1.0412232153850867e-12,10.269242322779165,large,structural_causal,historical_bias_feedback::surface_shift,40,0.01953125,0.00078125,3.748403575386312e-11,8.329785723080694e-12
historical_bias_feedback,surface_shift,avg_cost,structural_causal,workflow,12,"0,1,2,3,4,5,6,7,8,9,10,11",True,0.2687375,0.5423125,-0.273575,-0.31800758279441516,-0.22914241720558487,student_t,0.00048828125,3.302430584676368e-08,-3.9120224681748983,large,structural_causal,historical_bias_feedback::surface_shift,40,0.01953125,0.00078125,9.246805637093831e-07,1.0161324875927287e-07
historical_bias_feedback,surface_shift,fairness_gap_ses,structural_causal,workflow,12,"0,1,2,3,4,5,6,7,8,9,10,11",True,0.01680726542638459,0.0343045401063028,-0.017497274679918216,-0.024811192505598788,-0.010183356854237643,student_t,0.00146484375,0.0002661658131186584,-1.520011327368117,large,structural_causal,historical_bias_feedback::surface_shift,40,0.02197265625,0.002170138888888889,0.0039924871967798765,0.00040948586633639755
historical_bias_feedback,adversarial,success_rate,structural_causal,workflow,12,"0,1,2,3,4,5,6,7,8,9,10,11",True,0.6960833333333333,0.5458333333333333,0.15024999999999997,0.13243465378922287,0.16806534621077707,student_t,0.00048828125,1.1877807591315684e-09,5.358542819858424,large,structural_causal,historical_bias_feedback::adversarial,40,0.01953125,0.0006975446428571429,3.207008049655235e-08,3.3936593118044813e-09
historical_bias_feedback,adversarial,near_optimal_rate,structural_causal,workflow,12,"0,1,2,3,4,5,6,7,8,9,10,11",True,0.9863333333333334,0.8392499999999999,0.14708333333333334,0.13794613830017266,0.15622052836649403,student_t,0.00048828125,1.0883381489708208e-12,10.227678316159674,large,structural_causal,historical_bias_feedback::adversarial,40,0.01953125,0.0006975446428571429,3.373848261809544e-11,4.353352595883283e-12
historical_bias_feedback,adversarial,avg_cost,structural_causal,workflow,12,"0,1,2,3,4,5,6,7,8,9,10,11",True,0.2820375,0.5941541666666668,-0.31211666666666665,-0.35468764336271585,-0.26954568997061745,student_t,0.00048828125,5.2695743154034e-09,-4.6583255612338945,large,structural_causal,historical_bias_feedback::adversarial,40,0.01953125,0.0006975446428571429,1.370089322004884e-07,1.4052198174409068e-08
historical_bias_feedback,adversarial,fairness_gap_ses,structural_causal,workflow,12,"0,1,2,3,4,5,6,7,8,9,10,11",True,0.014371109741380996,0.05634465559830646,-0.041973545856925455,-0.04924279326957369,-0.03470429844427722,student_t,0.00048828125,6.435575769619299e-08,-3.6687042266253145,large,structural_causal,historical_bias_feedback::adversarial,40,0.01953125,0.0006975446428571429,1.4801824270124388e-06,1.4301279488042887e-07
historical_bias_feedback,degradation,success_rate_drop,structural_causal,workflow,12,"0,1,2,3,4,5,6,7,8,9,10,11",True,-0.003250000000000012,0.028666666666666608,-0.03191666666666662,-0.042113070991441987,-0.021720262341891255,student_t,0.00048828125,2.6236304874446283e-05,-1.9888268329338648,large,structural_causal,historical_bias_feedback::degradation,30,0.0146484375,0.0009765625,0.0004460171828655868,5.6220653302384894e-05
historical_bias_feedback,degradation,fairness_gap_increase,structural_causal,workflow,12,"0,1,2,3,4,5,6,7,8,9,10,11",True,0.0024398547495904205,0.018556804778235552,-0.016116950028645136,-0.02762050086718301,-0.004613399190107264,student_t,0.013671875,0.010402912244488692,-0.8901791841591868,large,structural_causal,historical_bias_feedback::degradation,30,0.11865234375,0.017832880434782608,0.08322329795590953,0.013569015971072207
historical_bias_feedback,degradation,near_optimal_rate_drop,structural_causal,workflow,12,"0,1,2,3,4,5,6,7,8,9,10,11",True,0.00391666666666667,0.045583333333333365,-0.04166666666666669,-0.05469444518083537,-0.028638888152498015,student_t,0.00048828125,2.156071426254009e-05,-2.032099098339239,large,structural_causal,historical_bias_feedback::degradation,30,0.0146484375,0.0009765625,0.0004096535709882617,5.390178565635023e-05
