scenario,slice,metric,agent_a,agent_b,p_raw,p_holm,p_bh,p_paired_t,p_paired_t_holm,p_paired_t_bh,correction_family,family_size
treatment_allocation_confounding,overall,success_rate,baseline,causal_light,0.00048828125,0.01953125,0.0007512019230769231,3.1386870633936833e-11,9.102192483841682e-10,9.78415139302037e-11,treatment_allocation_confounding::overall,40
treatment_allocation_confounding,overall,near_optimal_rate,baseline,causal_light,0.00048828125,0.01953125,0.0007512019230769231,1.909200883589287e-14,6.491283004203576e-13,1.0909719334795925e-13,treatment_allocation_confounding::overall,40
treatment_allocation_confounding,overall,avg_cost,baseline,causal_light,0.00048828125,0.01953125,0.0007512019230769231,2.898225538993334e-12,8.984499170879336e-11,1.1592902155973337e-11,treatment_allocation_confounding::overall,40
treatment_allocation_confounding,overall,fairness_gap_ses,baseline,causal_light,0.00048828125,0.01953125,0.0007512019230769231,3.17984920273162e-11,9.102192483841682e-10,9.78415139302037e-11,treatment_allocation_confounding::overall,40
treatment_allocation_confounding,normal,success_rate,baseline,causal_light,0.00048828125,0.01953125,0.0008491847826086956,2.8816466758889234e-08,8.068610692488986e-07,8.866605156581303e-08,treatment_allocation_confounding::normal,40
treatment_allocation_confounding,normal,near_optimal_rate,baseline,causal_light,0.00048828125,0.01953125,0.0008491847826086956,3.8570073091623464e-12,1.3113824851151978e-10,2.2040041766641978e-11,treatment_allocation_confounding::normal,40
treatment_allocation_confounding,normal,avg_cost,baseline,causal_light,0.00048828125,0.01953125,0.0008491847826086956,9.053458387687905e-10,2.7160375163063716e-08,3.2921666864319657e-09,treatment_allocation_confounding::normal,40
treatment_allocation_confounding,normal,fairness_gap_ses,baseline,causal_light,0.00048828125,0.01953125,0.0008491847826086956,2.2404084268379807e-07,5.601021067094952e-06,5.601021067094952e-07,treatment_allocation_confounding::normal,40
treatment_allocation_confounding,surface_shift,success_rate,baseline,causal_light,0.00048828125,0.01953125,0.0011488970588235295,9.80958345750421e-08,2.844779202676221e-06,3.2698611525014035e-07,treatment_allocation_confounding::surface_shift,40
treatment_allocation_confounding,surface_shift,near_optimal_rate,baseline,causal_light,0.00048828125,0.01953125,0.0011488970588235295,2.3536428394036465e-08,7.296292802151305e-07,8.935942691886997e-08,treatment_allocation_confounding::surface_shift,40
treatment_allocation_confounding,surface_shift,avg_cost,baseline,causal_light,0.00048828125,0.01953125,0.0011488970588235295,1.0014797216131018e-06,2.804143220516685e-05,3.081476066501852e-06,treatment_allocation_confounding::surface_shift,40
treatment_allocation_confounding,surface_shift,fairness_gap_ses,baseline,causal_light,0.54345703125,1.0,0.6393612132352942,0.549871755064632,1.0,0.6469079471348612,treatment_allocation_confounding::surface_shift,40
treatment_allocation_confounding,adversarial,success_rate,baseline,causal_light,0.00048828125,0.01953125,0.0006734913793103449,4.439031344675297e-10,1.376099716849342e-08,1.7756125378701189e-09,treatment_allocation_confounding::adversarial,40
treatment_allocation_confounding,adversarial,near_optimal_rate,baseline,causal_light,0.00048828125,0.01953125,0.0006734913793103449,8.484580749180584e-14,2.8847574547213988e-12,4.848331856674619e-13,treatment_allocation_confounding::adversarial,40
treatment_allocation_confounding,adversarial,avg_cost,baseline,causal_light,0.00048828125,0.01953125,0.0006734913793103449,7.317666999887335e-12,2.341653439963947e-10,3.252296444394371e-11,treatment_allocation_confounding::adversarial,40
treatment_allocation_confounding,adversarial,fairness_gap_ses,baseline,causal_light,0.00048828125,0.01953125,0.0006734913793103449,5.69004694663678e-10,1.707014083991034e-08,2.069107980595193e-09,treatment_allocation_confounding::adversarial,40
treatment_allocation_confounding,degradation,success_rate_drop,baseline,causal_light,0.00341796875,0.041015625,0.005396792763157895,0.0010316042639860778,0.0146767173062991,0.0018204781129166079,treatment_allocation_confounding::degradation,30
treatment_allocation_confounding,degradation,fairness_gap_increase,baseline,causal_light,0.00048828125,0.0146484375,0.0013316761363636363,0.00033306450317156024,0.005995161057088084,0.0007686103919343698,treatment_allocation_confounding::degradation,30
treatment_allocation_confounding,degradation,near_optimal_rate_drop,baseline,causal_light,0.00048828125,0.0146484375,0.0013316761363636363,1.2585387454271225e-09,3.7756162362813675e-08,3.7756162362813675e-08,treatment_allocation_confounding::degradation,30
treatment_allocation_confounding,overall,success_rate,baseline,stability_filtered,0.01318359375,0.14501953125,0.017578125,0.018245720994834413,0.20070293094317854,0.02432762799311255,treatment_allocation_confounding::overall,40
treatment_allocation_confounding,overall,near_optimal_rate,baseline,stability_filtered,0.00048828125,0.01953125,0.0007512019230769231,5.920974430883478e-13,1.894711817882713e-11,2.631544191503768e-12,treatment_allocation_confounding::overall,40
treatment_allocation_confounding,overall,avg_cost,baseline,stability_filtered,0.00048828125,0.01953125,0.0007512019230769231,0.014781786372061791,0.1773814364647415,0.020388670858016263,treatment_allocation_confounding::overall,40
treatment_allocation_confounding,overall,fairness_gap_ses,baseline,stability_filtered,0.00048828125,0.01953125,0.0007512019230769231,8.091580638604337e-10,1.941979353265041e-08,1.903901326730432e-09,treatment_allocation_confounding::overall,40
treatment_allocation_confounding,normal,success_rate,baseline,stability_filtered,0.0537109375,0.4833984375,0.067138671875,0.050569251368584686,0.4045540109486775,0.061296062264951136,treatment_allocation_confounding::normal,40
treatment_allocation_confounding,normal,near_optimal_rate,baseline,stability_filtered,0.00048828125,0.01953125,0.0008491847826086956,3.012539527790474e-10,9.33887253615047e-09,1.2050158111161896e-09,treatment_allocation_confounding::normal,40
treatment_allocation_confounding,normal,avg_cost,baseline,stability_filtered,0.06298828125,0.50390625,0.07634943181818182,0.044382485033627773,0.39944236530265,0.055478106292034715,treatment_allocation_confounding::normal,40
treatment_allocation_confounding,normal,fairness_gap_ses,baseline,stability_filtered,0.00048828125,0.01953125,0.0008491847826086956,8.072654660126152e-08,2.179616758234061e-06,2.3064727600360435e-07,treatment_allocation_confounding::normal,40
treatment_allocation_confounding,surface_shift,success_rate,baseline,stability_filtered,0.61083984375,1.0,0.68359375,0.6096901502191816,1.0,0.6851885761456324,treatment_allocation_confounding::surface_shift,40
treatment_allocation_confounding,surface_shift,near_optimal_rate,baseline,stability_filtered,0.00048828125,0.01953125,0.0011488970588235295,2.4573842402689242e-08,7.372152720806773e-07,8.935942691886997e-08,treatment_allocation_confounding::surface_shift,40
treatment_allocation_confounding,surface_shift,avg_cost,baseline,stability_filtered,0.22705078125,1.0,0.32435825892857145,0.24505490508203623,1.0,0.3380067656303948,treatment_allocation_confounding::surface_shift,40
treatment_allocation_confounding,surface_shift,fairness_gap_ses,baseline,stability_filtered,0.615234375,1.0,0.68359375,0.6166697185310692,1.0,0.6851885761456324,treatment_allocation_confounding::surface_shift,40
treatment_allocation_confounding,adversarial,success_rate,baseline,stability_filtered,0.00048828125,0.01953125,0.0006734913793103449,0.0005314827711693986,0.006377793254032784,0.0007330796843715843,treatment_allocation_confounding::adversarial,40
treatment_allocation_confounding,adversarial,near_optimal_rate,baseline,stability_filtered,0.00048828125,0.01953125,0.0006734913793103449,1.1310667679096181e-12,3.73252033410174e-11,5.655333839548091e-12,treatment_allocation_confounding::adversarial,40
treatment_allocation_confounding,adversarial,avg_cost,baseline,stability_filtered,0.00048828125,0.01953125,0.0006734913793103449,0.0004312034943623333,0.005605645426710333,0.0006160049919461905,treatment_allocation_confounding::adversarial,40
treatment_allocation_confounding,adversarial,fairness_gap_ses,baseline,stability_filtered,0.00048828125,0.01953125,0.0006734913793103449,3.0568881541918933e-09,7.947909200898923e-08,8.151701744511715e-09,treatment_allocation_confounding::adversarial,40
treatment_allocation_confounding,degradation,success_rate_drop,baseline,stability_filtered,0.001953125,0.029296875,0.003662109375,0.0002566450542985503,0.005389546140269557,0.0006988815044985373,treatment_allocation_confounding::degradation,30
treatment_allocation_confounding,degradation,fairness_gap_increase,baseline,stability_filtered,0.00146484375,0.0263671875,0.0029296875,0.0003678197668746935,0.006252936036869789,0.0007881852147314861,treatment_allocation_confounding::degradation,30
treatment_allocation_confounding,degradation,near_optimal_rate_drop,baseline,stability_filtered,0.00048828125,0.0146484375,0.0013316761363636363,9.892794687172624e-09,2.769982512408335e-07,9.892794687172625e-08,treatment_allocation_confounding::degradation,30
treatment_allocation_confounding,overall,success_rate,baseline,structural_causal,0.00146484375,0.0205078125,0.0020926339285714285,0.00010140034005416398,0.0014196047607582959,0.00015022272600616888,treatment_allocation_confounding::overall,40
treatment_allocation_confounding,overall,near_optimal_rate,baseline,structural_causal,0.00048828125,0.01953125,0.0007512019230769231,4.351459497494663e-16,1.610040014073025e-14,4.351459497494663e-15,treatment_allocation_confounding::overall,40
treatment_allocation_confounding,overall,avg_cost,baseline,structural_causal,0.00146484375,0.0205078125,0.0020926339285714285,5.5414438384487865e-05,0.000831216575767318,8.525298212998134e-05,treatment_allocation_confounding::overall,40
treatment_allocation_confounding,overall,fairness_gap_ses,baseline,structural_causal,0.00048828125,0.01953125,0.0007512019230769231,2.135686214463174e-10,5.552784157604252e-09,5.695163238568463e-10,treatment_allocation_confounding::overall,40
treatment_allocation_confounding,normal,success_rate,baseline,structural_causal,0.00244140625,0.03662109375,0.0037560096153846155,0.0008658025017947977,0.012987037526921966,0.0013320038489150732,treatment_allocation_confounding::normal,40
treatment_allocation_confounding,normal,near_optimal_rate,baseline,structural_causal,0.00048828125,0.01953125,0.0008491847826086956,2.287434353439783e-11,7.548533366351283e-10,1.1437171767198914e-10,treatment_allocation_confounding::normal,40
treatment_allocation_confounding,normal,avg_cost,baseline,structural_causal,0.001953125,0.03125,0.003125,5.428147028461761e-05,0.000977066465123117,9.440255701672628e-05,treatment_allocation_confounding::normal,40
treatment_allocation_confounding,normal,fairness_gap_ses,baseline,structural_causal,0.00048828125,0.01953125,0.0008491847826086956,5.927344858385119e-07,1.3632893174285774e-05,1.3171877463078042e-06,treatment_allocation_confounding::normal,40
treatment_allocation_confounding,surface_shift,success_rate,baseline,structural_causal,0.05517578125,0.8828125,0.08828125,0.0516493114799174,0.8263889836786784,0.08263889836786785,treatment_allocation_confounding::surface_shift,40
treatment_allocation_confounding,surface_shift,near_optimal_rate,baseline,structural_causal,0.00048828125,0.01953125,0.0011488970588235295,1.3292232342659058e-08,4.2535143496508985e-07,5.907658818959581e-08,treatment_allocation_confounding::surface_shift,40
treatment_allocation_confounding,surface_shift,avg_cost,baseline,structural_causal,0.0048828125,0.1123046875,0.010850694444444444,0.002283148136711193,0.05251240714435744,0.0050736625260248734,treatment_allocation_confounding::surface_shift,40
treatment_allocation_confounding,surface_shift,fairness_gap_ses,baseline,structural_causal,0.0244140625,0.48828125,0.04650297619047619,0.019181761080950786,0.4028169826999665,0.03836352216190157,treatment_allocation_confounding::surface_shift,40
treatment_allocation_confounding,adversarial,success_rate,baseline,structural_causal,0.00048828125,0.01953125,0.0006734913793103449,1.3371420169940473e-07,3.2091408407857135e-06,3.1462165105742285e-07,treatment_allocation_confounding::adversarial,40
treatment_allocation_confounding,adversarial,near_optimal_rate,baseline,structural_causal,0.00048828125,0.01953125,0.0006734913793103449,3.132601006435585e-14,1.1277363623168105e-12,2.506080805148468e-13,treatment_allocation_confounding::adversarial,40
treatment_allocation_confounding,adversarial,avg_cost,baseline,structural_causal,0.00048828125,0.01953125,0.0006734913793103449,4.755302134923197e-06,7.132953202384796e-05,7.31584943834338e-06,treatment_allocation_confounding::adversarial,40
treatment_allocation_confounding,adversarial,fairness_gap_ses,baseline,structural_causal,0.00048828125,0.01953125,0.0006734913793103449,1.0592514147664243e-09,2.965903961345988e-08,3.2592351223582284e-09,treatment_allocation_confounding::adversarial,40
treatment_allocation_confounding,degradation,success_rate_drop,baseline,structural_causal,0.00048828125,0.0146484375,0.0013316761363636363,1.7780613124679563e-05,0.00040895410186762995,6.667729921754836e-05,treatment_allocation_confounding::degradation,30
treatment_allocation_confounding,degradation,fairness_gap_increase,baseline,structural_causal,0.00146484375,0.0263671875,0.0029296875,0.0008447541789696699,0.013516066863514718,0.0016895083579393398,treatment_allocation_confounding::degradation,30
treatment_allocation_confounding,degradation,near_optimal_rate_drop,baseline,structural_causal,0.00048828125,0.0146484375,0.0013316761363636363,2.6951573871246616e-09,7.815956422661518e-08,4.0427360806869925e-08,treatment_allocation_confounding::degradation,30
treatment_allocation_confounding,overall,success_rate,baseline,workflow,0.00048828125,0.01953125,0.0007512019230769231,1.1405265480977645e-10,3.079421679863964e-09,3.2586472802793274e-10,treatment_allocation_confounding::overall,40
treatment_allocation_confounding,overall,near_optimal_rate,baseline,workflow,0.00048828125,0.01953125,0.0007512019230769231,2.1755664756061555e-11,6.526699426818466e-10,7.911150820386019e-11,treatment_allocation_confounding::overall,40
treatment_allocation_confounding,overall,avg_cost,baseline,workflow,0.00048828125,0.01953125,0.0007512019230769231,1.081828434565388e-13,3.5700338340657804e-12,5.40914217282694e-13,treatment_allocation_confounding::overall,40
treatment_allocation_confounding,overall,fairness_gap_ses,baseline,workflow,0.00048828125,0.01953125,0.0007512019230769231,4.6541769163853636e-10,1.1635442290963409e-08,1.1635442290963409e-09,treatment_allocation_confounding::overall,40
treatment_allocation_confounding,normal,success_rate,baseline,workflow,0.00048828125,0.01953125,0.0008491847826086956,4.367346134391756e-09,1.2665303789736094e-07,1.455782044797252e-08,treatment_allocation_confounding::normal,40
treatment_allocation_confounding,normal,near_optimal_rate,baseline,workflow,0.00048828125,0.01953125,0.0008491847826086956,7.390996681180927e-11,2.3651189379778966e-09,3.28488741385819e-10,treatment_allocation_confounding::normal,40
treatment_allocation_confounding,normal,avg_cost,baseline,workflow,0.00048828125,0.01953125,0.0008491847826086956,2.0789925943752677e-12,7.276474080313437e-11,1.3859950629168452e-11,treatment_allocation_confounding::normal,40
treatment_allocation_confounding,normal,fairness_gap_ses,baseline,workflow,0.00048828125,0.01953125,0.0008491847826086956,1.6319449152525295e-07,4.243056779656577e-06,4.351853107340079e-07,treatment_allocation_confounding::normal,40
treatment_allocation_confounding,surface_shift,success_rate,baseline,workflow,0.00048828125,0.01953125,0.0011488970588235295,1.86729426576066e-11,6.348800503586244e-10,1.0670252947203772e-10,treatment_allocation_confounding::surface_shift,40
treatment_allocation_confounding,surface_shift,near_optimal_rate,baseline,workflow,0.00048828125,0.01953125,0.0011488970588235295,7.695405846631632e-11,2.5394839293884384e-09,3.847702923315816e-10,treatment_allocation_confounding::surface_shift,40
treatment_allocation_confounding,surface_shift,avg_cost,baseline,workflow,0.00048828125,0.01953125,0.0011488970588235295,4.650860999485012e-12,1.6278013498197544e-10,3.100573999656675e-11,treatment_allocation_confounding::surface_shift,40
treatment_allocation_confounding,surface_shift,fairness_gap_ses,baseline,workflow,0.46533203125,1.0,0.5640388257575758,0.47583924258664356,1.0,0.5767748394989619,treatment_allocation_confounding::surface_shift,40
treatment_allocation_confounding,adversarial,success_rate,baseline,workflow,0.00048828125,0.01953125,0.0006734913793103449,2.1966537116906562e-06,3.734311309874116e-05,3.661089519484427e-06,treatment_allocation_confounding::adversarial,40
treatment_allocation_confounding,adversarial,near_optimal_rate,baseline,workflow,0.00048828125,0.01953125,0.0006734913793103449,1.355282294443776e-06,2.7105645888875518e-05,2.482061738330187e-06,treatment_allocation_confounding::adversarial,40
treatment_allocation_confounding,adversarial,avg_cost,baseline,workflow,0.00048828125,0.01953125,0.0006734913793103449,8.886068871621704e-10,2.5769599727702942e-08,2.9620229572072348e-09,treatment_allocation_confounding::adversarial,40
treatment_allocation_confounding,adversarial,fairness_gap_ses,baseline,workflow,0.00048828125,0.01953125,0.0006734913793103449,2.3024717490941487e-09,6.216673722554202e-08,6.5784907116975675e-09,treatment_allocation_confounding::adversarial,40
treatment_allocation_confounding,degradation,success_rate_drop,baseline,workflow,0.0341796875,0.2392578125,0.042724609375,0.02974466589958522,0.20821266129709654,0.03718083237448152,treatment_allocation_confounding::degradation,30
treatment_allocation_confounding,degradation,fairness_gap_increase,baseline,workflow,0.00146484375,0.0263671875,0.0029296875,0.007373192702489486,0.08110511972738434,0.01105978905373423,treatment_allocation_confounding::degradation,30
treatment_allocation_confounding,degradation,near_optimal_rate_drop,baseline,workflow,0.00048828125,0.0146484375,0.0013316761363636363,7.879365229179694e-06,0.00018910476550031266,3.376870812505583e-05,treatment_allocation_confounding::degradation,30
treatment_allocation_confounding,overall,success_rate,causal_light,stability_filtered,0.07373046875,0.6689453125,0.0921630859375,0.07006080075151208,0.6364600237126689,0.08757600093939011,treatment_allocation_confounding::overall,40
treatment_allocation_confounding,overall,near_optimal_rate,causal_light,stability_filtered,0.9658203125,1.0,0.9658203125,0.938736243777903,1.0,0.9628064038747723,treatment_allocation_confounding::overall,40
treatment_allocation_confounding,overall,avg_cost,causal_light,stability_filtered,0.85986328125,1.0,0.9051192434210527,0.8794717269199267,1.0,0.9257597125472913,treatment_allocation_confounding::overall,40
treatment_allocation_confounding,overall,fairness_gap_ses,causal_light,stability_filtered,0.00048828125,0.01953125,0.0007512019230769231,7.74277851665134e-07,1.5485557033302678e-05,1.474814955552636e-06,treatment_allocation_confounding::overall,40
treatment_allocation_confounding,normal,success_rate,causal_light,stability_filtered,0.0302734375,0.3515625,0.040364583333333336,0.02597649666166273,0.31171795993995277,0.03475262030586253,treatment_allocation_confounding::normal,40
treatment_allocation_confounding,normal,near_optimal_rate,causal_light,stability_filtered,0.6796875,1.0,0.6971153846153846,0.6339826480705933,1.0,0.6502386134057367,treatment_allocation_confounding::normal,40
treatment_allocation_confounding,normal,avg_cost,causal_light,stability_filtered,0.92333984375,1.0,0.92333984375,0.9145044533226094,1.0,0.9145044533226094,treatment_allocation_confounding::normal,40
treatment_allocation_confounding,normal,fairness_gap_ses,causal_light,stability_filtered,0.00048828125,0.01953125,0.0008491847826086956,8.049829556433027e-06,0.00016099659112866056,1.5333008678920054e-05,treatment_allocation_confounding::normal,40
treatment_allocation_confounding,surface_shift,success_rate,causal_light,stability_filtered,0.04833984375,0.82177734375,0.08056640625,0.043671548852550354,0.742416330493356,0.0727859147542506,treatment_allocation_confounding::surface_shift,40
treatment_allocation_confounding,surface_shift,near_optimal_rate,causal_light,stability_filtered,0.37890625,1.0,0.4889112903225806,0.32847887852198354,1.0,0.4238437142219143,treatment_allocation_confounding::surface_shift,40
treatment_allocation_confounding,surface_shift,avg_cost,causal_light,stability_filtered,0.83984375,1.0,0.8648838141025641,0.8377954874100074,1.0,0.8650291239665827,treatment_allocation_confounding::surface_shift,40
treatment_allocation_confounding,surface_shift,fairness_gap_ses,causal_light,stability_filtered,0.8837890625,1.0,0.8837890625,0.8895277730661282,1.0,0.8895277730661281,treatment_allocation_confounding::surface_shift,40
treatment_allocation_confounding,adversarial,success_rate,causal_light,stability_filtered,0.31884765625,1.0,0.3542751736111111,0.303864801439677,1.0,0.32850248804289406,treatment_allocation_confounding::adversarial,40
treatment_allocation_confounding,adversarial,near_optimal_rate,causal_light,stability_filtered,0.4990234375,1.0,0.5118189102564102,0.47457246787823226,1.0,0.4867409926956229,treatment_allocation_confounding::adversarial,40
treatment_allocation_confounding,adversarial,avg_cost,causal_light,stability_filtered,0.45458984375,1.0,0.478515625,0.45228040786702495,1.0,0.4760846398600263,treatment_allocation_confounding::adversarial,40
treatment_allocation_confounding,adversarial,fairness_gap_ses,causal_light,stability_filtered,0.00048828125,0.01953125,0.0006734913793103449,6.20574671255183e-06,8.688045397572562e-05,9.193698833410119e-06,treatment_allocation_confounding::adversarial,40
treatment_allocation_confounding,degradation,success_rate_drop,causal_light,stability_filtered,0.013671875,0.123046875,0.018643465909090908,0.015058751022764936,0.1355287592048844,0.020534660485588548,treatment_allocation_confounding::degradation,30
treatment_allocation_confounding,degradation,fairness_gap_increase,causal_light,stability_filtered,0.037109375,0.2392578125,0.04453125,0.032155808318434086,0.20821266129709654,0.038586969982120904,treatment_allocation_confounding::degradation,30
treatment_allocation_confounding,degradation,near_optimal_rate_drop,causal_light,stability_filtered,0.30078125,0.90234375,0.322265625,0.2671585497198021,0.8014756491594062,0.2862413032712165,treatment_allocation_confounding::degradation,30
treatment_allocation_confounding,overall,success_rate,causal_light,structural_causal,0.96484375,1.0,0.9658203125,0.9638659299552121,1.0,0.963865929955212,treatment_allocation_confounding::overall,40
treatment_allocation_confounding,overall,near_optimal_rate,causal_light,structural_causal,0.517578125,1.0,0.5915178571428571,0.4791695348570184,1.0,0.5476223255508782,treatment_allocation_confounding::overall,40
treatment_allocation_confounding,overall,avg_cost,causal_light,structural_causal,0.0087890625,0.10546875,0.012122844827586207,0.005228983623840689,0.06797678710992895,0.007469976605486698,treatment_allocation_confounding::overall,40
treatment_allocation_confounding,overall,fairness_gap_ses,causal_light,structural_causal,0.00048828125,0.01953125,0.0007512019230769231,2.8090588856757206e-07,6.460835437054157e-06,6.242353079279379e-07,treatment_allocation_confounding::overall,40
treatment_allocation_confounding,normal,success_rate,causal_light,structural_causal,0.5078125,1.0,0.5489864864864865,0.512415409849386,1.0,0.5539626052425796,treatment_allocation_confounding::normal,40
treatment_allocation_confounding,normal,near_optimal_rate,causal_light,structural_causal,0.35791015625,1.0,0.40904017857142855,0.2960203711639079,1.0,0.3383089956158948,treatment_allocation_confounding::normal,40
treatment_allocation_confounding,normal,avg_cost,causal_light,structural_causal,0.00537109375,0.06982421875,0.007672991071428571,0.0023983694176810447,0.031178802429853582,0.0034262420252586354,treatment_allocation_confounding::normal,40
treatment_allocation_confounding,normal,fairness_gap_ses,causal_light,structural_causal,0.00146484375,0.02490234375,0.00244140625,8.04180916730238e-05,0.0013671075584414047,0.000134030152788373,treatment_allocation_confounding::normal,40
treatment_allocation_confounding,surface_shift,success_rate,causal_light,structural_causal,0.45751953125,1.0,0.5640388257575758,0.45216853681111113,1.0,0.5652106710138889,treatment_allocation_confounding::surface_shift,40
treatment_allocation_confounding,surface_shift,near_optimal_rate,causal_light,structural_causal,0.0126953125,0.2666015625,0.025390625,0.01049887889489896,0.23097533568777712,0.022102902936629393,treatment_allocation_confounding::surface_shift,40
treatment_allocation_confounding,surface_shift,avg_cost,causal_light,structural_causal,0.03369140625,0.6064453125,0.05859375,0.02798011802398661,0.5596023604797322,0.05329546290283164,treatment_allocation_confounding::surface_shift,40
treatment_allocation_confounding,surface_shift,fairness_gap_ses,causal_light,structural_causal,0.06494140625,0.97412109375,0.09990985576923077,0.06332138392265067,0.9498207588397601,0.09741751372715489,treatment_allocation_confounding::surface_shift,40
treatment_allocation_confounding,adversarial,success_rate,causal_light,structural_causal,0.13232421875,0.98046875,0.15401785714285715,0.13275237345589827,1.0,0.15585886120940018,treatment_allocation_confounding::adversarial,40
treatment_allocation_confounding,adversarial,near_optimal_rate,causal_light,structural_causal,0.01953125,0.1953125,0.025201612903225805,0.013681242257293667,0.13681242257293666,0.017653215815862794,treatment_allocation_confounding::adversarial,40
treatment_allocation_confounding,adversarial,avg_cost,causal_light,structural_causal,0.00537109375,0.05908203125,0.007161458333333333,0.002646189839528202,0.02910808823481022,0.003528253119370936,treatment_allocation_confounding::adversarial,40
treatment_allocation_confounding,adversarial,fairness_gap_ses,causal_light,structural_causal,0.00048828125,0.01953125,0.0006734913793103449,1.707866006372877e-07,3.837975293447294e-06,3.595507381837636e-07,treatment_allocation_confounding::adversarial,40
treatment_allocation_confounding,degradation,success_rate_drop,causal_light,structural_causal,0.0009765625,0.0185546875,0.00244140625,0.0011292326974364937,0.014680025066674419,0.0018820544957274894,treatment_allocation_confounding::degradation,30
treatment_allocation_confounding,degradation,fairness_gap_increase,causal_light,structural_causal,0.04443359375,0.2392578125,0.05126953125,0.04209509984235294,0.2104754992117647,0.04857126904886878,treatment_allocation_confounding::degradation,30
treatment_allocation_confounding,degradation,near_optimal_rate_drop,causal_light,structural_causal,0.015625,0.125,0.020380434782608696,0.016799903054018246,0.1355287592048844,0.02191291702698032,treatment_allocation_confounding::degradation,30
treatment_allocation_confounding,overall,success_rate,causal_light,workflow,0.00048828125,0.01953125,0.0007512019230769231,5.94686687369478e-17,2.2598094120040168e-15,7.929155831593041e-16,treatment_allocation_confounding::overall,40
treatment_allocation_confounding,overall,near_optimal_rate,causal_light,workflow,0.00048828125,0.01953125,0.0007512019230769231,5.095822328493567e-17,1.987370708112491e-15,7.929155831593041e-16,treatment_allocation_confounding::overall,40
treatment_allocation_confounding,overall,avg_cost,causal_light,workflow,0.00048828125,0.01953125,0.0007512019230769231,3.6434584376675425e-18,1.457383375067017e-16,1.457383375067017e-16,treatment_allocation_confounding::overall,40
treatment_allocation_confounding,overall,fairness_gap_ses,causal_light,workflow,0.42138671875,1.0,0.4957490808823529,0.3806887514536068,1.0,0.4478691193571845,treatment_allocation_confounding::overall,40
treatment_allocation_confounding,normal,success_rate,causal_light,workflow,0.00048828125,0.01953125,0.0008491847826086956,9.423688167419559e-14,3.5810015036194324e-12,1.2564917556559412e-12,treatment_allocation_confounding::normal,40
treatment_allocation_confounding,normal,near_optimal_rate,causal_light,workflow,0.00048828125,0.01953125,0.0008491847826086956,4.434602962162578e-14,1.7294951552434055e-12,8.869205924325156e-13,treatment_allocation_confounding::normal,40
treatment_allocation_confounding,normal,avg_cost,causal_light,workflow,0.00048828125,0.01953125,0.0008491847826086956,3.751568532493786e-16,1.5006274129975145e-14,1.5006274129975145e-14,treatment_allocation_confounding::normal,40
treatment_allocation_confounding,normal,fairness_gap_ses,causal_light,workflow,0.029296875,0.3515625,0.040364583333333336,0.026289457769135497,0.31171795993995277,0.03475262030586253,treatment_allocation_confounding::normal,40
treatment_allocation_confounding,surface_shift,success_rate,causal_light,workflow,0.00048828125,0.01953125,0.0011488970588235295,1.4326081804196874e-13,5.157389449510875e-12,1.14608654433575e-12,treatment_allocation_confounding::surface_shift,40
treatment_allocation_confounding,surface_shift,near_optimal_rate,causal_light,workflow,0.00048828125,0.01953125,0.0011488970588235295,1.5087358551109595e-15,5.884069834932742e-14,3.017471710221919e-14,treatment_allocation_confounding::surface_shift,40
treatment_allocation_confounding,surface_shift,avg_cost,causal_light,workflow,0.00048828125,0.01953125,0.0011488970588235295,1.7436958947528472e-16,6.974783579011389e-15,6.974783579011389e-15,treatment_allocation_confounding::surface_shift,40
treatment_allocation_confounding,surface_shift,fairness_gap_ses,causal_light,workflow,0.84326171875,1.0,0.8648838141025641,0.8434033958674181,1.0,0.8650291239665827,treatment_allocation_confounding::surface_shift,40
treatment_allocation_confounding,adversarial,success_rate,causal_light,workflow,0.00048828125,0.01953125,0.0006734913793103449,2.178910441422329e-14,8.27985967740485e-13,2.500613044083926e-13,treatment_allocation_confounding::adversarial,40
treatment_allocation_confounding,adversarial,near_optimal_rate,causal_light,workflow,0.00048828125,0.01953125,0.0006734913793103449,1.8395573318124904e-14,7.174273594068713e-13,2.500613044083926e-13,treatment_allocation_confounding::adversarial,40
treatment_allocation_confounding,adversarial,avg_cost,causal_light,workflow,0.00048828125,0.01953125,0.0006734913793103449,6.95294070833827e-16,2.7811762833353082e-14,2.7811762833353082e-14,treatment_allocation_confounding::adversarial,40
treatment_allocation_confounding,adversarial,fairness_gap_ses,causal_light,workflow,0.134765625,0.98046875,0.15401785714285715,0.13637650355822514,1.0,0.15585886120940018,treatment_allocation_confounding::adversarial,40
treatment_allocation_confounding,degradation,success_rate_drop,causal_light,workflow,0.00244140625,0.0341796875,0.004069010416666667,0.0002700365542598624,0.005400731085197248,0.0006988815044985373,treatment_allocation_confounding::degradation,30
treatment_allocation_confounding,degradation,fairness_gap_increase,causal_light,workflow,0.0068359375,0.068359375,0.009765625,0.008262154413022181,0.08262154413022181,0.011803077732888832,treatment_allocation_confounding::degradation,30
treatment_allocation_confounding,degradation,near_optimal_rate_drop,causal_light,workflow,0.00048828125,0.0146484375,0.0013316761363636363,4.6484751490813234e-08,1.2550882902519573e-06,3.287237125062867e-07,treatment_allocation_confounding::degradation,30
treatment_allocation_confounding,overall,success_rate,stability_filtered,structural_causal,0.21044921875,1.0,0.2550899621212121,0.20187323701814958,1.0,0.2446948327492722,treatment_allocation_confounding::overall,40
treatment_allocation_confounding,overall,near_optimal_rate,stability_filtered,structural_causal,0.6318359375,1.0,0.7020399305555556,0.6092268691021016,1.0,0.6769187434467795,treatment_allocation_confounding::overall,40
treatment_allocation_confounding,overall,avg_cost,stability_filtered,structural_causal,0.06689453125,0.6689453125,0.08631552419354839,0.06364600237126689,0.6364600237126689,0.08212387402744115,treatment_allocation_confounding::overall,40
treatment_allocation_confounding,overall,fairness_gap_ses,stability_filtered,structural_causal,0.705078125,1.0,0.7622466216216216,0.7109743213929702,1.0,0.7686208879924002,treatment_allocation_confounding::overall,40
treatment_allocation_confounding,normal,success_rate,stability_filtered,structural_causal,0.22802734375,1.0,0.2682674632352941,0.23616213947501616,1.0,0.27783781114707784,treatment_allocation_confounding::normal,40
treatment_allocation_confounding,normal,near_optimal_rate,stability_filtered,structural_causal,0.642578125,1.0,0.6763980263157895,0.5573807592150631,1.0,0.5867165886474348,treatment_allocation_confounding::normal,40
treatment_allocation_confounding,normal,avg_cost,stability_filtered,structural_causal,0.037109375,0.37109375,0.04788306451612903,0.026933280737043458,0.31171795993995277,0.03475262030586253,treatment_allocation_confounding::normal,40
treatment_allocation_confounding,normal,fairness_gap_ses,stability_filtered,structural_causal,0.49169921875,1.0,0.5463324652777778,0.4934417305337222,1.0,0.5482685894819136,treatment_allocation_confounding::normal,40
treatment_allocation_confounding,surface_shift,success_rate,stability_filtered,structural_causal,0.291015625,1.0,0.3880208333333333,0.29818183322107644,1.0,0.3975757776281019,treatment_allocation_confounding::surface_shift,40
treatment_allocation_confounding,surface_shift,near_optimal_rate,stability_filtered,structural_causal,0.01171875,0.2578125,0.024671052631578948,0.029324106739197987,0.5596023604797322,0.0533165577076327,treatment_allocation_confounding::surface_shift,40
treatment_allocation_confounding,surface_shift,avg_cost,stability_filtered,structural_causal,0.11083984375,1.0,0.16420717592592593,0.11180422091540715,1.0,0.1656358828376402,treatment_allocation_confounding::surface_shift,40
treatment_allocation_confounding,surface_shift,fairness_gap_ses,stability_filtered,structural_causal,0.03173828125,0.60302734375,0.05770596590909091,0.03206465218413385,0.5771637393144093,0.05576461249414583,treatment_allocation_confounding::surface_shift,40
treatment_allocation_confounding,adversarial,success_rate,stability_filtered,structural_causal,0.12255859375,0.98046875,0.14855587121212122,0.13035747430872247,1.0,0.15585886120940018,treatment_allocation_confounding::adversarial,40
treatment_allocation_confounding,adversarial,near_optimal_rate,stability_filtered,structural_causal,0.359375,1.0,0.3885135135135135,0.299951677919947,1.0,0.32850248804289406,treatment_allocation_confounding::adversarial,40
treatment_allocation_confounding,adversarial,avg_cost,stability_filtered,structural_causal,0.0849609375,0.7646484375,0.106201171875,0.08699516255801269,0.7829564630221142,0.10874395319751587,treatment_allocation_confounding::adversarial,40
treatment_allocation_confounding,adversarial,fairness_gap_ses,stability_filtered,structural_causal,0.89990234375,1.0,0.89990234375,0.8989968777973301,1.0,0.8989968777973301,treatment_allocation_confounding::adversarial,40
treatment_allocation_confounding,degradation,success_rate_drop,stability_filtered,structural_causal,0.361328125,0.90234375,0.3737877155172414,0.3481064845080597,0.8014756491594062,0.36011015638764793,treatment_allocation_confounding::degradation,30
treatment_allocation_confounding,degradation,fairness_gap_increase,stability_filtered,structural_causal,0.62158203125,0.90234375,0.62158203125,0.6075532100237155,0.8014756491594062,0.6075532100237155,treatment_allocation_confounding::degradation,30
treatment_allocation_confounding,degradation,near_optimal_rate_drop,stability_filtered,structural_causal,0.115234375,0.4609375,0.12803819444444445,0.10243261040855309,0.40973044163421235,0.11381401156505898,treatment_allocation_confounding::degradation,30
treatment_allocation_confounding,overall,success_rate,stability_filtered,workflow,0.00048828125,0.01953125,0.0007512019230769231,5.156986701178277e-06,8.766877392003071e-05,8.59497783529713e-06,treatment_allocation_confounding::overall,40
treatment_allocation_confounding,overall,near_optimal_rate,stability_filtered,workflow,0.00048828125,0.01953125,0.0007512019230769231,7.085184871170881e-16,2.5506665536215172e-14,5.668147896936705e-15,treatment_allocation_confounding::overall,40
treatment_allocation_confounding,overall,avg_cost,stability_filtered,workflow,0.00048828125,0.01953125,0.0007512019230769231,1.7105977405552974e-05,0.0002736956384888476,2.7369563848884756e-05,treatment_allocation_confounding::overall,40
treatment_allocation_confounding,overall,fairness_gap_ses,stability_filtered,workflow,0.00048828125,0.01953125,0.0007512019230769231,3.216470067665044e-06,5.7896461217970794e-05,5.593860987243555e-06,treatment_allocation_confounding::overall,40
treatment_allocation_confounding,normal,success_rate,stability_filtered,workflow,0.00048828125,0.01953125,0.0008491847826086956,5.81840381417895e-06,0.00012218648009775795,1.16368076283579e-05,treatment_allocation_confounding::normal,40
treatment_allocation_confounding,normal,near_optimal_rate,stability_filtered,workflow,0.00048828125,0.01953125,0.0008491847826086956,2.162666370352331e-13,8.001865570303624e-12,2.162666370352331e-12,treatment_allocation_confounding::normal,40
treatment_allocation_confounding,normal,avg_cost,stability_filtered,workflow,0.00048828125,0.01953125,0.0008491847826086956,1.6045605573116588e-05,0.00030486650588921517,2.9173828314757435e-05,treatment_allocation_confounding::normal,40
treatment_allocation_confounding,normal,fairness_gap_ses,stability_filtered,workflow,0.00048828125,0.01953125,0.0008491847826086956,8.487600001019836e-05,0.0013671075584414047,0.00013580160001631738,treatment_allocation_confounding::normal,40
treatment_allocation_confounding,surface_shift,success_rate,stability_filtered,workflow,0.00048828125,0.01953125,0.0011488970588235295,5.4302522275490606e-05,0.001357563056887265,0.0001357563056887265,treatment_allocation_confounding::surface_shift,40
treatment_allocation_confounding,surface_shift,near_optimal_rate,stability_filtered,workflow,0.00048828125,0.01953125,0.0011488970588235295,4.288684901883126e-15,1.6297002627155878e-13,5.718246535844168e-14,treatment_allocation_confounding::surface_shift,40
treatment_allocation_confounding,surface_shift,avg_cost,stability_filtered,workflow,0.00048828125,0.01953125,0.0011488970588235295,0.0001365751010420461,0.0032778024250091063,0.0003213531789224614,treatment_allocation_confounding::surface_shift,40
treatment_allocation_confounding,surface_shift,fairness_gap_ses,stability_filtered,workflow,0.74755859375,1.0,0.8081714527027027,0.7503030120292533,1.0,0.8111383913829766,treatment_allocation_confounding::surface_shift,40
treatment_allocation_confounding,adversarial,success_rate,stability_filtered,workflow,0.00048828125,0.01953125,0.0006734913793103449,1.3651339560816027e-06,2.7105645888875518e-05,2.482061738330187e-06,treatment_allocation_confounding::adversarial,40
treatment_allocation_confounding,adversarial,near_optimal_rate,stability_filtered,workflow,0.00048828125,0.01953125,0.0006734913793103449,4.695288775660897e-14,1.6433510714813141e-12,3.1301925171072647e-13,treatment_allocation_confounding::adversarial,40
treatment_allocation_confounding,adversarial,avg_cost,stability_filtered,workflow,0.00048828125,0.01953125,0.0006734913793103449,3.4973965764183013e-06,5.595834522269282e-05,5.595834522269282e-06,treatment_allocation_confounding::adversarial,40
treatment_allocation_confounding,adversarial,fairness_gap_ses,stability_filtered,workflow,0.00048828125,0.01953125,0.0006734913793103449,2.0670006443224753e-06,3.7206011597804554e-05,3.5947837292564786e-06,treatment_allocation_confounding::adversarial,40
treatment_allocation_confounding,degradation,success_rate_drop,stability_filtered,workflow,0.00048828125,0.0146484375,0.0013316761363636363,0.0002795526017994149,0.005400731085197248,0.0006988815044985373,treatment_allocation_confounding::degradation,30
treatment_allocation_confounding,degradation,fairness_gap_increase,stability_filtered,workflow,0.00244140625,0.0341796875,0.004069010416666667,0.00097844782041994,0.0146767173062991,0.0018204781129166079,treatment_allocation_confounding::degradation,30
treatment_allocation_confounding,degradation,near_optimal_rate_drop,stability_filtered,workflow,0.00048828125,0.0146484375,0.0013316761363636363,5.4787285417714445e-08,1.4244694208605756e-06,3.287237125062867e-07,treatment_allocation_confounding::degradation,30
treatment_allocation_confounding,overall,success_rate,structural_causal,workflow,0.00048828125,0.01953125,0.0007512019230769231,3.62307679986412e-07,7.970768959701064e-06,7.627530104977096e-07,treatment_allocation_confounding::overall,40
treatment_allocation_confounding,overall,near_optimal_rate,structural_causal,workflow,0.00048828125,0.01953125,0.0007512019230769231,9.21241160466909e-16,3.224344061634181e-14,6.14160773644606e-15,treatment_allocation_confounding::overall,40
treatment_allocation_confounding,overall,avg_cost,structural_causal,workflow,0.00048828125,0.01953125,0.0007512019230769231,4.7618008883606167e-07,9.999781865557295e-06,9.523601776721232e-07,treatment_allocation_confounding::overall,40
treatment_allocation_confounding,overall,fairness_gap_ses,structural_causal,workflow,0.00048828125,0.01953125,0.0007512019230769231,1.1788220881136525e-06,2.2397619674159397e-05,2.1433128874793683e-06,treatment_allocation_confounding::overall,40
treatment_allocation_confounding,normal,success_rate,structural_causal,workflow,0.00048828125,0.01953125,0.0008491847826086956,7.899440988869695e-07,1.737877017551333e-05,1.6630402081830937e-06,treatment_allocation_confounding::normal,40
treatment_allocation_confounding,normal,near_optimal_rate,structural_causal,workflow,0.00048828125,0.01953125,0.0008491847826086956,4.683262465793093e-13,1.6859744876855136e-11,3.746609972634475e-12,treatment_allocation_confounding::normal,40
treatment_allocation_confounding,normal,avg_cost,structural_causal,workflow,0.00048828125,0.01953125,0.0008491847826086956,3.3554187306853356e-07,8.053004953644805e-06,7.895102895730202e-07,treatment_allocation_confounding::normal,40
treatment_allocation_confounding,normal,fairness_gap_ses,structural_causal,workflow,0.00341796875,0.0478515625,0.005063657407407407,0.0014435050180060974,0.020209070252085362,0.0021385259526016257,treatment_allocation_confounding::normal,40
treatment_allocation_confounding,surface_shift,success_rate,structural_causal,workflow,0.00048828125,0.01953125,0.0011488970588235295,4.373245742916132e-06,0.00011370438931581944,1.1661988647776353e-05,treatment_allocation_confounding::surface_shift,40
treatment_allocation_confounding,surface_shift,near_optimal_rate,structural_causal,workflow,0.00048828125,0.01953125,0.0011488970588235295,7.60260968018709e-15,2.8129655816692236e-13,7.60260968018709e-14,treatment_allocation_confounding::surface_shift,40
treatment_allocation_confounding,surface_shift,avg_cost,structural_causal,workflow,0.00048828125,0.01953125,0.0011488970588235295,3.816607305956283e-06,0.00010304839726081964,1.0904592302732237e-05,treatment_allocation_confounding::surface_shift,40
treatment_allocation_confounding,surface_shift,fairness_gap_ses,structural_causal,workflow,0.25048828125,1.0,0.3455010775862069,0.2397570751423429,1.0,0.3380067656303948,treatment_allocation_confounding::surface_shift,40
treatment_allocation_confounding,adversarial,success_rate,structural_causal,workflow,0.00048828125,0.01953125,0.0006734913793103449,7.887716510397654e-08,1.9719291275994135e-06,1.9719291275994135e-07,treatment_allocation_confounding::adversarial,40
treatment_allocation_confounding,adversarial,near_optimal_rate,structural_causal,workflow,0.00048828125,0.01953125,0.0006734913793103449,2.5006130440839264e-14,9.252268263110529e-13,2.500613044083926e-13,treatment_allocation_confounding::adversarial,40
treatment_allocation_confounding,adversarial,avg_cost,structural_causal,workflow,0.00048828125,0.01953125,0.0006734913793103449,1.6686849101944755e-07,3.837975293447294e-06,3.595507381837636e-07,treatment_allocation_confounding::adversarial,40
treatment_allocation_confounding,adversarial,fairness_gap_ses,structural_causal,workflow,0.00048828125,0.01953125,0.0006734913793103449,2.0651147933280767e-07,4.336741065988961e-06,4.1302295866561534e-07,treatment_allocation_confounding::adversarial,40
treatment_allocation_confounding,degradation,success_rate_drop,structural_causal,workflow,0.00048828125,0.0146484375,0.0013316761363636363,9.344149815685458e-05,0.002055712959450801,0.0003114716605228486,treatment_allocation_confounding::degradation,30
treatment_allocation_confounding,degradation,fairness_gap_increase,structural_causal,workflow,0.0048828125,0.0537109375,0.00732421875,0.005050429459199667,0.06060515351039601,0.007974362303999474,treatment_allocation_confounding::degradation,30
treatment_allocation_confounding,degradation,near_optimal_rate_drop,structural_causal,workflow,0.00048828125,0.0146484375,0.0013316761363636363,1.0078401117788147e-07,2.5196002794470367e-06,5.039200558894073e-07,treatment_allocation_confounding::degradation,30
missing_data_bias,overall,success_rate,baseline,causal_light,0.00048828125,0.01953125,0.0008877840909090909,1.4009922376430067e-13,5.183671279279125e-12,1.4009922376430067e-12,missing_data_bias::overall,40
missing_data_bias,overall,near_optimal_rate,baseline,causal_light,0.00048828125,0.01953125,0.0008877840909090909,1.0628875434836823e-11,3.8263951565412563e-10,7.1330803223848e-11,missing_data_bias::overall,40
missing_data_bias,overall,avg_cost,baseline,causal_light,0.00048828125,0.01953125,0.0008877840909090909,2.443345560502791e-15,9.529047685960885e-14,4.8866911210055817e-14,missing_data_bias::overall,40
missing_data_bias,overall,fairness_gap_ses,baseline,causal_light,0.00146484375,0.02197265625,0.002170138888888889,0.00023291492891041503,0.003959553791477055,0.0003766078373844685,missing_data_bias::overall,40
missing_data_bias,normal,success_rate,baseline,causal_light,0.00048828125,0.01953125,0.0011488970588235295,9.315276939656907e-11,3.4466524676730557e-09,9.315276939656906e-10,missing_data_bias::normal,40
missing_data_bias,normal,near_optimal_rate,baseline,causal_light,0.00048828125,0.01953125,0.0011488970588235295,1.5437655768033629e-09,5.5575560764921063e-08,1.2350124614426905e-08,missing_data_bias::normal,40
missing_data_bias,normal,avg_cost,baseline,causal_light,0.00048828125,0.01953125,0.0011488970588235295,1.2566501005807221e-11,4.775270382206744e-10,1.6755334674409628e-10,missing_data_bias::normal,40
missing_data_bias,normal,fairness_gap_ses,baseline,causal_light,0.0810546875,0.97265625,0.11179956896551724,0.08000832615063312,0.9600999138075974,0.11035631193190776,missing_data_bias::normal,40
missing_data_bias,surface_shift,success_rate,baseline,causal_light,0.00048828125,0.01953125,0.0010279605263157894,4.2242346068825127e-10,1.6052091506153547e-08,5.632312809176683e-09,missing_data_bias::surface_shift,40
missing_data_bias,surface_shift,near_optimal_rate,baseline,causal_light,0.00048828125,0.01953125,0.0010279605263157894,1.022112328383514e-09,3.6796043821806504e-08,6.989173769537968e-09,missing_data_bias::surface_shift,40
missing_data_bias,surface_shift,avg_cost,baseline,causal_light,0.00048828125,0.01953125,0.0010279605263157894,1.2196931850485e-13,4.8787727401939994e-12,3.281047657674149e-12,missing_data_bias::surface_shift,40
missing_data_bias,surface_shift,fairness_gap_ses,baseline,causal_light,0.0634765625,0.6982421875,0.08463541666666667,0.06454275536336816,0.6454275536336816,0.08328097466241054,missing_data_bias::surface_shift,40
missing_data_bias,adversarial,success_rate,baseline,causal_light,0.00048828125,0.01953125,0.0009300595238095238,1.3760313866200177e-12,5.0913161304940654e-11,1.3760313866200177e-11,missing_data_bias::adversarial,40
missing_data_bias,adversarial,near_optimal_rate,baseline,causal_light,0.00048828125,0.01953125,0.0009300595238095238,6.998827583352367e-12,2.519577930006852e-10,5.5990620666818934e-11,missing_data_bias::adversarial,40
missing_data_bias,adversarial,avg_cost,baseline,causal_light,0.00048828125,0.01953125,0.0009300595238095238,1.0319905680142978e-15,4.024763215255761e-14,2.0639811360285956e-14,missing_data_bias::adversarial,40
missing_data_bias,adversarial,fairness_gap_ses,baseline,causal_light,0.2119140625,1.0,0.2734375,0.20463468303978036,1.0,0.25579335379972545,missing_data_bias::adversarial,40
missing_data_bias,degradation,success_rate_drop,baseline,causal_light,0.00048828125,0.0146484375,0.0013316761363636363,8.551208192652996e-06,0.0002052289966236719,3.4300097769542544e-05,missing_data_bias::degradation,30
missing_data_bias,degradation,fairness_gap_increase,baseline,causal_light,0.998046875,1.0,0.998046875,0.9969730505180858,1.0,0.9969730505180858,missing_data_bias::degradation,30
missing_data_bias,degradation,near_optimal_rate_drop,baseline,causal_light,0.00048828125,0.0146484375,0.0013316761363636363,1.438116602144497e-08,4.314349806433491e-07,4.314349806433491e-07,missing_data_bias::degradation,30
missing_data_bias,overall,success_rate,baseline,stability_filtered,0.00048828125,0.01953125,0.0008877840909090909,3.025997498727658e-07,8.170193246564677e-06,8.645707139221881e-07,missing_data_bias::overall,40
missing_data_bias,overall,near_optimal_rate,baseline,stability_filtered,0.00048828125,0.01953125,0.0008877840909090909,1.1015254196561423e-11,3.855338968796498e-10,7.1330803223848e-11,missing_data_bias::overall,40
missing_data_bias,overall,avg_cost,baseline,stability_filtered,0.00048828125,0.01953125,0.0008877840909090909,8.204991587943634e-07,2.133297812865345e-05,2.187997756784969e-06,missing_data_bias::overall,40
missing_data_bias,overall,fairness_gap_ses,baseline,stability_filtered,0.00048828125,0.01953125,0.0008877840909090909,0.00034212347255805817,0.005131852088370872,0.0005263438039354742,missing_data_bias::overall,40
missing_data_bias,normal,success_rate,baseline,stability_filtered,0.00048828125,0.01953125,0.0011488970588235295,4.8553168682578314e-06,0.0001359488723112193,1.4939436517716405e-05,missing_data_bias::normal,40
missing_data_bias,normal,near_optimal_rate,baseline,stability_filtered,0.00048828125,0.01953125,0.0011488970588235295,3.672624835130556e-09,1.2854186922956948e-07,2.4484165567537038e-08,missing_data_bias::normal,40
missing_data_bias,normal,avg_cost,baseline,stability_filtered,0.00048828125,0.01953125,0.0011488970588235295,3.22145111569402e-06,9.342208235512658e-05,1.0738170385646733e-05,missing_data_bias::normal,40
missing_data_bias,normal,fairness_gap_ses,baseline,stability_filtered,0.02587890625,0.3623046875,0.03833912037037037,0.02110906139988093,0.295526859598333,0.031272683555379155,missing_data_bias::normal,40
missing_data_bias,surface_shift,success_rate,baseline,stability_filtered,0.00048828125,0.01953125,0.0010279605263157894,3.7683927721081205e-07,1.1305178316324362e-05,1.370324644402953e-06,missing_data_bias::surface_shift,40
missing_data_bias,surface_shift,near_optimal_rate,baseline,stability_filtered,0.00048828125,0.01953125,0.0010279605263157894,2.2711537127301015e-09,7.721922623282345e-08,1.297802121560058e-08,missing_data_bias::surface_shift,40
missing_data_bias,surface_shift,avg_cost,baseline,stability_filtered,0.00048828125,0.01953125,0.0010279605263157894,9.152455468163275e-07,2.562687531085717e-05,2.8161401440502383e-06,missing_data_bias::surface_shift,40
missing_data_bias,surface_shift,fairness_gap_ses,baseline,stability_filtered,0.0205078125,0.2529296875,0.028286637931034482,0.039501763781655375,0.4740211653798645,0.05448519142297293,missing_data_bias::surface_shift,40
missing_data_bias,adversarial,success_rate,baseline,stability_filtered,0.00048828125,0.01953125,0.0009300595238095238,7.316658347077598e-08,1.9754977537109514e-06,2.0904738134507425e-07,missing_data_bias::adversarial,40
missing_data_bias,adversarial,near_optimal_rate,baseline,stability_filtered,0.00048828125,0.01953125,0.0009300595238095238,1.4748896473702924e-11,5.014624801058994e-10,8.427940842115956e-11,missing_data_bias::adversarial,40
missing_data_bias,adversarial,avg_cost,baseline,stability_filtered,0.00048828125,0.01953125,0.0009300595238095238,2.444401184267271e-07,6.111002960668177e-06,6.111002960668177e-07,missing_data_bias::adversarial,40
missing_data_bias,adversarial,fairness_gap_ses,baseline,stability_filtered,0.078125,1.0,0.11574074074074074,0.07619062429085674,1.0,0.1128749989494174,missing_data_bias::adversarial,40
missing_data_bias,degradation,success_rate_drop,baseline,stability_filtered,0.00048828125,0.0146484375,0.0013316761363636363,1.0290029330862762e-05,0.00022638064527898079,3.4300097769542544e-05,missing_data_bias::degradation,30
missing_data_bias,degradation,fairness_gap_increase,baseline,stability_filtered,0.89501953125,1.0,0.9944661458333334,0.8926999520806764,1.0,0.991888835645196,missing_data_bias::degradation,30
missing_data_bias,degradation,near_optimal_rate_drop,baseline,stability_filtered,0.00048828125,0.0146484375,0.0013316761363636363,1.1384819426613066e-07,3.073901245185528e-06,8.538614569959799e-07,missing_data_bias::degradation,30
missing_data_bias,overall,success_rate,baseline,structural_causal,0.00048828125,0.01953125,0.0008877840909090909,1.0807761112158862e-06,2.7019402780397156e-05,2.7019402780397154e-06,missing_data_bias::overall,40
missing_data_bias,overall,near_optimal_rate,baseline,structural_causal,0.00048828125,0.01953125,0.0008877840909090909,1.24828905641734e-11,4.2441827918189564e-10,7.1330803223848e-11,missing_data_bias::overall,40
missing_data_bias,overall,avg_cost,baseline,structural_causal,0.00048828125,0.01953125,0.0008877840909090909,1.6159815784343913e-06,3.8783557882425394e-05,3.8023095963162144e-06,missing_data_bias::overall,40
missing_data_bias,overall,fairness_gap_ses,baseline,structural_causal,0.0009765625,0.01953125,0.0015625,0.00019471468693457898,0.0035048643648224217,0.0003386342381470939,missing_data_bias::overall,40
missing_data_bias,normal,success_rate,baseline,structural_causal,0.00048828125,0.01953125,0.0011488970588235295,1.0392908646683624e-05,0.00027021562481377426,2.7714423057823e-05,missing_data_bias::normal,40
missing_data_bias,normal,near_optimal_rate,baseline,structural_causal,0.00048828125,0.01953125,0.0011488970588235295,3.088921408264966e-08,1.0502332788100885e-06,1.7650979475799804e-07,missing_data_bias::normal,40
missing_data_bias,normal,avg_cost,baseline,structural_causal,0.00048828125,0.01953125,0.0011488970588235295,9.015398485365518e-06,0.000243415759104869,2.5758281386758623e-05,missing_data_bias::normal,40
missing_data_bias,normal,fairness_gap_ses,baseline,structural_causal,0.44677734375,1.0,0.4964192708333333,0.45351711977411346,1.0,0.5039079108601261,missing_data_bias::normal,40
missing_data_bias,surface_shift,success_rate,baseline,structural_causal,0.00048828125,0.01953125,0.0010279605263157894,4.821554310600773e-06,0.00011571730345441854,1.1344833672001819e-05,missing_data_bias::surface_shift,40
missing_data_bias,surface_shift,near_optimal_rate,baseline,structural_causal,0.00048828125,0.01953125,0.0010279605263157894,6.672759896152856e-10,2.4689211615765564e-08,6.672759896152856e-09,missing_data_bias::surface_shift,40
missing_data_bias,surface_shift,avg_cost,baseline,structural_causal,0.00048828125,0.01953125,0.0010279605263157894,2.422914860582054e-06,6.057287151455135e-05,6.0572871514551355e-06,missing_data_bias::surface_shift,40
missing_data_bias,surface_shift,fairness_gap_ses,baseline,structural_causal,0.0126953125,0.1953125,0.01953125,0.011222746787585298,0.17956394860136476,0.017956394860136476,missing_data_bias::surface_shift,40
missing_data_bias,adversarial,success_rate,baseline,structural_causal,0.00048828125,0.01953125,0.0009300595238095238,1.8192381213084575e-07,4.7300191154019896e-06,4.851301656822554e-07,missing_data_bias::adversarial,40
missing_data_bias,adversarial,near_optimal_rate,baseline,structural_causal,0.00048828125,0.01953125,0.0009300595238095238,1.4191412082501021e-11,4.966994228875357e-10,8.427940842115956e-11,missing_data_bias::adversarial,40
missing_data_bias,adversarial,avg_cost,baseline,structural_causal,0.00048828125,0.01953125,0.0009300595238095238,4.1155959365990804e-07,9.877430247837793e-06,9.683755144939013e-07,missing_data_bias::adversarial,40
missing_data_bias,adversarial,fairness_gap_ses,baseline,structural_causal,0.251953125,1.0,0.3053977272727273,0.25404340563735167,1.0,0.3079314007725475,missing_data_bias::adversarial,40
missing_data_bias,degradation,success_rate_drop,baseline,structural_causal,0.00048828125,0.0146484375,0.0013316761363636363,4.984899496873701e-05,0.0010468288943434772,0.00012908676027047794,missing_data_bias::degradation,30
missing_data_bias,degradation,fairness_gap_increase,baseline,structural_causal,0.64697265625,1.0,0.9088689630681818,0.6496764090244214,1.0,0.8960101804584505,missing_data_bias::degradation,30
missing_data_bias,degradation,near_optimal_rate_drop,baseline,structural_causal,0.00048828125,0.0146484375,0.0013316761363636363,5.154009548401502e-08,1.4946627690364355e-06,6.3546539349176e-07,missing_data_bias::degradation,30
missing_data_bias,overall,success_rate,baseline,workflow,0.00048828125,0.01953125,0.0008877840909090909,1.5986409625496648e-09,4.476194695139061e-08,4.918895269383584e-09,missing_data_bias::overall,40
missing_data_bias,overall,near_optimal_rate,baseline,workflow,0.00048828125,0.01953125,0.0008877840909090909,9.705718895439677e-10,2.8146584796775065e-08,3.2352396318132253e-09,missing_data_bias::overall,40
missing_data_bias,overall,avg_cost,baseline,workflow,0.00048828125,0.01953125,0.0008877840909090909,1.8286874233720594e-10,5.486062270116178e-09,6.649772448625671e-10,missing_data_bias::overall,40
missing_data_bias,overall,fairness_gap_ses,baseline,workflow,0.96923828125,1.0,0.96923828125,0.9717587549438531,1.0,0.971758754943853,missing_data_bias::overall,40
missing_data_bias,normal,success_rate,baseline,workflow,0.00048828125,0.01953125,0.0011488970588235295,1.2395999963706978e-06,3.718799989112093e-05,4.507636350438901e-06,missing_data_bias::normal,40
missing_data_bias,normal,near_optimal_rate,baseline,workflow,0.00048828125,0.01953125,0.0011488970588235295,1.5051085173630073e-05,0.0003762771293407518,3.762771293407518e-05,missing_data_bias::normal,40
missing_data_bias,normal,avg_cost,baseline,workflow,0.00048828125,0.01953125,0.0011488970588235295,2.2567223336782542e-07,6.995839234402588e-06,9.026889334713018e-07,missing_data_bias::normal,40
missing_data_bias,normal,fairness_gap_ses,baseline,workflow,0.751953125,1.0,0.7915296052631579,0.7548658282650659,1.0,0.7945956087000694,missing_data_bias::normal,40
missing_data_bias,surface_shift,success_rate,baseline,workflow,0.00048828125,0.01953125,0.0010279605263157894,1.613459439374062e-07,5.001724262059592e-06,6.453837757496248e-07,missing_data_bias::surface_shift,40
missing_data_bias,surface_shift,near_optimal_rate,baseline,workflow,0.00048828125,0.01953125,0.0010279605263157894,8.53716956071446e-08,2.731894259428627e-06,3.79429758253976e-07,missing_data_bias::surface_shift,40
missing_data_bias,surface_shift,avg_cost,baseline,workflow,0.00048828125,0.01953125,0.0010279605263157894,4.6856534859891165e-09,1.5462656503764086e-07,2.342826742994558e-08,missing_data_bias::surface_shift,40
missing_data_bias,surface_shift,fairness_gap_ses,baseline,workflow,0.97119140625,1.0,0.97119140625,0.9716998975463151,1.0,0.9716998975463152,missing_data_bias::surface_shift,40
missing_data_bias,adversarial,success_rate,baseline,workflow,0.00048828125,0.01953125,0.0009300595238095238,3.7325829800320134e-08,1.0451232344089638e-06,1.148487070779081e-07,missing_data_bias::adversarial,40
missing_data_bias,adversarial,near_optimal_rate,baseline,workflow,0.00048828125,0.01953125,0.0009300595238095238,2.4000781148298334e-08,6.960226533006517e-07,8.000260382766113e-08,missing_data_bias::adversarial,40
missing_data_bias,adversarial,avg_cost,baseline,workflow,0.00048828125,0.01953125,0.0009300595238095238,1.7270626020356993e-10,5.6993065867178075e-09,8.635313010178497e-10,missing_data_bias::adversarial,40
missing_data_bias,adversarial,fairness_gap_ses,baseline,workflow,0.6962890625,1.0,0.7736545138888888,0.7008773965952777,1.0,0.7787526628836419,missing_data_bias::adversarial,40
missing_data_bias,degradation,success_rate_drop,baseline,workflow,0.0673828125,1.0,0.134765625,0.06234723028599393,0.9975556845759029,0.12469446057198787,missing_data_bias::degradation,30
missing_data_bias,degradation,fairness_gap_increase,baseline,workflow,0.96240234375,1.0,0.998046875,0.9654399739989353,1.0,0.9969730505180858,missing_data_bias::degradation,30
missing_data_bias,degradation,near_optimal_rate_drop,baseline,workflow,0.00146484375,0.0263671875,0.003380408653846154,0.0005060488644611612,0.009108879560300901,0.001167805071833449,missing_data_bias::degradation,30
missing_data_bias,overall,success_rate,causal_light,stability_filtered,0.3037109375,1.0,0.3681344696969697,0.3154219443407027,1.0,0.38232962950388205,missing_data_bias::overall,40
missing_data_bias,overall,near_optimal_rate,causal_light,stability_filtered,0.00048828125,0.01953125,0.0008877840909090909,7.444630120968565e-05,0.0014144797229840274,0.00013535691129033754,missing_data_bias::overall,40
missing_data_bias,overall,avg_cost,causal_light,stability_filtered,0.01318359375,0.14501953125,0.017578125,0.007790819360038971,0.08569901296042869,0.010387759146718628,missing_data_bias::overall,40
missing_data_bias,overall,fairness_gap_ses,causal_light,stability_filtered,0.787109375,1.0,0.8745659722222222,0.7906714255195992,1.0,0.878523806132888,missing_data_bias::overall,40
missing_data_bias,normal,success_rate,causal_light,stability_filtered,0.24658203125,1.0,0.30303030303030304,0.25283381422921275,1.0,0.30646522936874276,missing_data_bias::normal,40
missing_data_bias,normal,near_optimal_rate,causal_light,stability_filtered,0.001953125,0.04296875,0.0035511363636363635,0.0010430677288466247,0.01981828684808587,0.0018964867797211357,missing_data_bias::normal,40
missing_data_bias,normal,avg_cost,causal_light,stability_filtered,0.00830078125,0.14111328125,0.013834635416666666,0.0047940575335587,0.0862930356040566,0.008337491362710782,missing_data_bias::normal,40
missing_data_bias,normal,fairness_gap_ses,causal_light,stability_filtered,0.841796875,1.0,0.8633814102564102,0.8419195895213631,1.0,0.8635072713039622,missing_data_bias::normal,40
missing_data_bias,surface_shift,success_rate,causal_light,stability_filtered,0.3046875,1.0,0.3482142857142857,0.307280502896437,1.0,0.351177717595928,missing_data_bias::surface_shift,40
missing_data_bias,surface_shift,near_optimal_rate,causal_light,stability_filtered,0.0703125,0.703125,0.0907258064516129,0.0555796439729355,0.6113760837022905,0.074106191963914,missing_data_bias::surface_shift,40
missing_data_bias,surface_shift,avg_cost,causal_light,stability_filtered,0.00830078125,0.14111328125,0.013834635416666666,0.005321279459656066,0.09578303027380919,0.009254399060271418,missing_data_bias::surface_shift,40
missing_data_bias,surface_shift,fairness_gap_ses,causal_light,stability_filtered,0.3525390625,1.0,0.3917100694444444,0.33132072939728585,1.0,0.36813414377476206,missing_data_bias::surface_shift,40
missing_data_bias,adversarial,success_rate,causal_light,stability_filtered,0.412109375,1.0,0.48483455882352944,0.41274317058613263,1.0,0.4855802006895678,missing_data_bias::adversarial,40
missing_data_bias,adversarial,near_optimal_rate,causal_light,stability_filtered,0.00341796875,0.06494140625,0.006214488636363636,0.004758944556506172,0.09041994657361727,0.008652626466374859,missing_data_bias::adversarial,40
missing_data_bias,adversarial,avg_cost,causal_light,stability_filtered,0.02685546875,0.4833984375,0.044759114583333336,0.019618165870272042,0.35312698566489675,0.03300692007679772,missing_data_bias::adversarial,40
missing_data_bias,adversarial,fairness_gap_ses,causal_light,stability_filtered,0.98828125,1.0,0.98828125,0.9926989769675181,1.0,0.9926989769675181,missing_data_bias::adversarial,40
missing_data_bias,degradation,success_rate_drop,causal_light,stability_filtered,0.7470703125,1.0,0.933837890625,0.7346214932128723,1.0,0.9182768665160904,missing_data_bias::degradation,30
missing_data_bias,degradation,fairness_gap_increase,causal_light,stability_filtered,0.89404296875,1.0,0.9944661458333334,0.8918062598256673,1.0,0.991888835645196,missing_data_bias::degradation,30
missing_data_bias,degradation,near_optimal_rate_drop,causal_light,stability_filtered,0.154296875,1.0,0.289306640625,0.13240751458276576,1.0,0.2482640898426858,missing_data_bias::degradation,30
missing_data_bias,overall,success_rate,causal_light,structural_causal,0.8388671875,1.0,0.9068834459459459,0.8365656321363149,1.0,0.8793290365311984,missing_data_bias::overall,40
missing_data_bias,overall,near_optimal_rate,causal_light,structural_causal,0.00439453125,0.052734375,0.006061422413793103,0.005352571052557737,0.06423085263069285,0.007382856624217568,missing_data_bias::overall,40
missing_data_bias,overall,avg_cost,causal_light,structural_causal,0.02001953125,0.2001953125,0.025831653225806453,0.01164859292938302,0.1164859292938302,0.015030442489526476,missing_data_bias::overall,40
missing_data_bias,overall,fairness_gap_ses,causal_light,structural_causal,0.53564453125,1.0,0.6301700367647058,0.543900259580077,1.0,0.6398826583295024,missing_data_bias::overall,40
missing_data_bias,normal,success_rate,causal_light,structural_causal,0.658203125,1.0,0.7115709459459459,0.6573995436010396,1.0,0.7107022092984212,missing_data_bias::normal,40
missing_data_bias,normal,near_optimal_rate,causal_light,structural_causal,0.00390625,0.0703125,0.006793478260869565,0.0070759180371455606,0.12029060663147453,0.011793196728575935,missing_data_bias::normal,40
missing_data_bias,normal,avg_cost,causal_light,structural_causal,0.01416015625,0.21875,0.021784855769230768,0.008605547186158387,0.1376887549785342,0.013768875497853418,missing_data_bias::normal,40
missing_data_bias,normal,fairness_gap_ses,causal_light,structural_causal,0.43310546875,1.0,0.49497767857142855,0.43158500636612984,1.0,0.493240007275577,missing_data_bias::normal,40
missing_data_bias,surface_shift,success_rate,causal_light,structural_causal,0.87939453125,1.0,0.9019431089743589,0.8726569592101161,1.0,0.8950327786770421,missing_data_bias::surface_shift,40
missing_data_bias,surface_shift,near_optimal_rate,causal_light,structural_causal,0.0009765625,0.0205078125,0.001953125,0.004891764876948577,0.09294353266202296,0.008894117958088322,missing_data_bias::surface_shift,40
missing_data_bias,surface_shift,avg_cost,causal_light,structural_causal,0.01806640625,0.2529296875,0.026765046296296297,0.01177778296047993,0.17956394860136476,0.018119666093046046,missing_data_bias::surface_shift,40
missing_data_bias,surface_shift,fairness_gap_ses,causal_light,structural_causal,0.078125,0.703125,0.09765625,0.07565921742074336,0.6809329567866902,0.09457402177592919,missing_data_bias::surface_shift,40
missing_data_bias,adversarial,success_rate,causal_light,structural_causal,0.9794921875,1.0,0.98828125,0.9761008917314133,1.0,0.9926989769675181,missing_data_bias::adversarial,40
missing_data_bias,adversarial,near_optimal_rate,causal_light,structural_causal,0.2421875,1.0,0.302734375,0.19766313009102776,1.0,0.2550492001174552,missing_data_bias::adversarial,40
missing_data_bias,adversarial,avg_cost,causal_light,structural_causal,0.02685546875,0.4833984375,0.044759114583333336,0.019804152046078636,0.35312698566489675,0.03300692007679772,missing_data_bias::adversarial,40
missing_data_bias,adversarial,fairness_gap_ses,causal_light,structural_causal,0.7216796875,1.0,0.7801942567567568,0.721654790718612,1.0,0.7801673413174184,missing_data_bias::adversarial,40
missing_data_bias,degradation,success_rate_drop,causal_light,structural_causal,0.4150390625,1.0,0.6917317708333334,0.4129984170816632,1.0,0.6883306951361052,missing_data_bias::degradation,30
missing_data_bias,degradation,fairness_gap_increase,causal_light,structural_causal,0.70751953125,1.0,0.9228515625,0.6869411383514787,1.0,0.8960101804584505,missing_data_bias::degradation,30
missing_data_bias,degradation,near_optimal_rate_drop,causal_light,structural_causal,0.1796875,1.0,0.3170955882352941,0.1594392279264579,1.0,0.2813633433996316,missing_data_bias::degradation,30
missing_data_bias,overall,success_rate,causal_light,workflow,0.00048828125,0.01953125,0.0008877840909090909,2.3491854757323827e-14,8.926904807783055e-13,3.1322473009765103e-13,missing_data_bias::overall,40
missing_data_bias,overall,near_optimal_rate,causal_light,workflow,0.00048828125,0.01953125,0.0008877840909090909,1.1180005278364891e-10,3.689401741860414e-09,5.590002639182445e-10,missing_data_bias::overall,40
missing_data_bias,overall,avg_cost,causal_light,workflow,0.00048828125,0.01953125,0.0008877840909090909,4.158449532082581e-18,1.6633798128330322e-16,1.6633798128330322e-16,missing_data_bias::overall,40
missing_data_bias,overall,fairness_gap_ses,causal_light,workflow,0.001953125,0.025390625,0.0027901785714285715,0.0006219517452073838,0.008704405204545542,0.0008885024931534054,missing_data_bias::overall,40
missing_data_bias,normal,success_rate,causal_light,workflow,0.00048828125,0.01953125,0.0011488970588235295,2.4913605089530405e-12,9.716305984916858e-11,4.982721017906081e-11,missing_data_bias::normal,40
missing_data_bias,normal,near_optimal_rate,causal_light,workflow,0.00048828125,0.01953125,0.0011488970588235295,1.7615819470544652e-07,5.807012253551726e-06,7.829253098019845e-07,missing_data_bias::normal,40
missing_data_bias,normal,avg_cost,causal_light,workflow,0.00048828125,0.01953125,0.0011488970588235295,4.855293062921357e-14,1.9421172251685427e-12,1.9421172251685427e-12,missing_data_bias::normal,40
missing_data_bias,normal,fairness_gap_ses,causal_light,workflow,0.013671875,0.21875,0.021784855769230768,0.015228700113225527,0.22843050169838292,0.02342876940496235,missing_data_bias::normal,40
missing_data_bias,surface_shift,success_rate,causal_light,workflow,0.00048828125,0.01953125,0.0010279605263157894,1.0483760654306952e-09,3.6796043821806504e-08,6.989173769537968e-09,missing_data_bias::surface_shift,40
missing_data_bias,surface_shift,near_optimal_rate,causal_light,workflow,0.00048828125,0.01953125,0.0010279605263157894,6.540286832362622e-07,1.8966831813851605e-05,2.180095610787541e-06,missing_data_bias::surface_shift,40
missing_data_bias,surface_shift,avg_cost,causal_light,workflow,0.00048828125,0.01953125,0.0010279605263157894,1.6405238288370746e-13,6.398042932464591e-12,3.281047657674149e-12,missing_data_bias::surface_shift,40
missing_data_bias,surface_shift,fairness_gap_ses,causal_light,workflow,0.01904296875,0.2529296875,0.027204241071428572,0.01628999380480907,0.22805991326732697,0.024133324155272695,missing_data_bias::surface_shift,40
missing_data_bias,adversarial,success_rate,causal_light,workflow,0.00048828125,0.01953125,0.0009300595238095238,1.0232182963808352e-12,3.8882295262471736e-11,1.3642910618411136e-11,missing_data_bias::adversarial,40
missing_data_bias,adversarial,near_optimal_rate,causal_light,workflow,0.00048828125,0.01953125,0.0009300595238095238,6.449986896354477e-09,1.9994959378698879e-07,2.5799947585417907e-08,missing_data_bias::adversarial,40
missing_data_bias,adversarial,avg_cost,causal_light,workflow,0.00048828125,0.01953125,0.0009300595238095238,2.339034260503058e-16,9.356137042012233e-15,9.356137042012233e-15,missing_data_bias::adversarial,40
missing_data_bias,adversarial,fairness_gap_ses,causal_light,workflow,0.15869140625,1.0,0.21888469827586207,0.15977614748067734,1.0,0.22038089307679634,missing_data_bias::adversarial,40
missing_data_bias,degradation,success_rate_drop,causal_light,workflow,0.00048828125,0.0146484375,0.0013316761363636363,6.354653934917601e-08,1.7793031017769282e-06,6.3546539349176e-07,missing_data_bias::degradation,30
missing_data_bias,degradation,fairness_gap_increase,causal_light,workflow,0.97412109375,1.0,0.998046875,0.9719672806510369,1.0,0.9969730505180858,missing_data_bias::degradation,30
missing_data_bias,degradation,near_optimal_rate_drop,causal_light,workflow,0.0009765625,0.0185546875,0.00244140625,5.163470410819117e-05,0.0010468288943434772,0.00012908676027047794,missing_data_bias::degradation,30
missing_data_bias,overall,success_rate,stability_filtered,structural_causal,0.17822265625,1.0,0.2227783203125,0.16976506395173757,1.0,0.21220632993967198,missing_data_bias::overall,40
missing_data_bias,overall,near_optimal_rate,stability_filtered,structural_causal,0.87548828125,1.0,0.9215666118421053,0.849469659669717,1.0,0.8793290365311984,missing_data_bias::overall,40
missing_data_bias,overall,avg_cost,stability_filtered,structural_causal,0.951171875,1.0,0.96923828125,0.8573458106179185,1.0,0.8793290365311984,missing_data_bias::overall,40
missing_data_bias,overall,fairness_gap_ses,stability_filtered,structural_causal,0.6533203125,1.0,0.7466517857142857,0.643086757234457,1.0,0.7349562939822365,missing_data_bias::overall,40
missing_data_bias,normal,success_rate,stability_filtered,structural_causal,0.208984375,1.0,0.2786458333333333,0.20059200402734134,1.0,0.2588283922933437,missing_data_bias::normal,40
missing_data_bias,normal,near_optimal_rate,stability_filtered,structural_causal,0.25,1.0,0.30303030303030304,0.1887104749199329,1.0,0.25161396655991053,missing_data_bias::normal,40
missing_data_bias,normal,avg_cost,stability_filtered,structural_causal,0.94970703125,1.0,0.94970703125,0.9011811343619354,1.0,0.9011811343619354,missing_data_bias::normal,40
missing_data_bias,normal,fairness_gap_ses,stability_filtered,structural_causal,0.2431640625,1.0,0.30303030303030304,0.2490967356756031,1.0,0.30646522936874276,missing_data_bias::normal,40
missing_data_bias,surface_shift,success_rate,stability_filtered,structural_causal,0.228515625,1.0,0.2688419117647059,0.20996707216026278,1.0,0.25450554201243974,missing_data_bias::surface_shift,40
missing_data_bias,surface_shift,near_optimal_rate,stability_filtered,structural_causal,0.52001953125,1.0,0.562183277027027,0.4694029854326348,1.0,0.5074626869541998,missing_data_bias::surface_shift,40
missing_data_bias,surface_shift,avg_cost,stability_filtered,structural_causal,0.70947265625,1.0,0.746813322368421,0.6099113757165814,1.0,0.6420119744385067,missing_data_bias::surface_shift,40
missing_data_bias,surface_shift,fairness_gap_ses,stability_filtered,structural_causal,0.22119140625,1.0,0.26811079545454547,0.2180253754162206,1.0,0.2565004416661419,missing_data_bias::surface_shift,40
missing_data_bias,adversarial,success_rate,stability_filtered,structural_causal,0.1962890625,1.0,0.26171875,0.1741143076910685,1.0,0.232152410254758,missing_data_bias::adversarial,40
missing_data_bias,adversarial,near_optimal_rate,stability_filtered,structural_causal,0.0546875,0.8203125,0.08413461538461539,0.04532280999943998,0.6798421499915998,0.06972739999913843,missing_data_bias::adversarial,40
missing_data_bias,adversarial,avg_cost,stability_filtered,structural_causal,0.986328125,1.0,0.98828125,0.9090116782886328,1.0,0.9568543981985609,missing_data_bias::adversarial,40
missing_data_bias,adversarial,fairness_gap_ses,stability_filtered,structural_causal,0.55712890625,1.0,0.63671875,0.561019627689101,1.0,0.641165288787544,missing_data_bias::adversarial,40
missing_data_bias,degradation,success_rate_drop,stability_filtered,structural_causal,0.654296875,1.0,0.9088689630681818,0.6103201476827769,1.0,0.8960101804584505,missing_data_bias::degradation,30
missing_data_bias,degradation,fairness_gap_increase,stability_filtered,structural_causal,0.619140625,1.0,0.9088689630681818,0.6266542564124754,1.0,0.8960101804584505,missing_data_bias::degradation,30
missing_data_bias,degradation,near_optimal_rate_drop,stability_filtered,structural_causal,0.03564453125,0.60595703125,0.07638113839285714,0.024982947737195806,0.4247101115323287,0.05353488800827673,missing_data_bias::degradation,30
missing_data_bias,overall,success_rate,stability_filtered,workflow,0.00048828125,0.01953125,0.0008877840909090909,1.909924812356706e-05,0.000411855608644625,3.819849624713412e-05,missing_data_bias::overall,40
missing_data_bias,overall,near_optimal_rate,stability_filtered,workflow,0.00048828125,0.01953125,0.0008877840909090909,1.7597590223411778e-10,5.455252969257651e-09,6.649772448625671e-10,missing_data_bias::overall,40
missing_data_bias,overall,avg_cost,stability_filtered,workflow,0.00048828125,0.01953125,0.0008877840909090909,1.2211728578087578e-05,0.0002808697572960143,2.7137174617972396e-05,missing_data_bias::overall,40
missing_data_bias,overall,fairness_gap_ses,stability_filtered,workflow,0.0009765625,0.01953125,0.0015625,0.0006217432288961102,0.008704405204545542,0.0008885024931534054,missing_data_bias::overall,40
missing_data_bias,normal,success_rate,stability_filtered,workflow,0.001953125,0.04296875,0.0035511363636363635,0.0001692784194509485,0.0035548468084699186,0.000338556838901897,missing_data_bias::normal,40
missing_data_bias,normal,near_optimal_rate,stability_filtered,workflow,0.00048828125,0.01953125,0.0011488970588235295,1.7597006828944623e-07,5.807012253551726e-06,7.829253098019845e-07,missing_data_bias::normal,40
missing_data_bias,normal,avg_cost,stability_filtered,workflow,0.00048828125,0.01953125,0.0011488970588235295,3.827711066787772e-05,0.0008803735453611876,8.506024592861715e-05,missing_data_bias::normal,40
missing_data_bias,normal,fairness_gap_ses,stability_filtered,workflow,0.04296875,0.55859375,0.06138392857142857,0.045949597860872236,0.5973447721913391,0.06564228265838891,missing_data_bias::normal,40
missing_data_bias,surface_shift,success_rate,stability_filtered,workflow,0.00048828125,0.01953125,0.0010279605263157894,1.7743297727496e-05,0.000390352550004912,3.735431100525474e-05,missing_data_bias::surface_shift,40
missing_data_bias,surface_shift,near_optimal_rate,stability_filtered,workflow,0.00048828125,0.01953125,0.0010279605263157894,1.0787293426262499e-06,2.9125692250908746e-05,2.994410008909386e-06,missing_data_bias::surface_shift,40
missing_data_bias,surface_shift,avg_cost,stability_filtered,workflow,0.00048828125,0.01953125,0.0010279605263157894,1.1916647276856424e-05,0.00027408288736769775,2.6481438393014276e-05,missing_data_bias::surface_shift,40
missing_data_bias,surface_shift,fairness_gap_ses,stability_filtered,workflow,0.01220703125,0.1953125,0.01953125,0.02286537557809842,0.29724988251527945,0.032664822254426316,missing_data_bias::surface_shift,40
missing_data_bias,adversarial,success_rate,stability_filtered,workflow,0.00048828125,0.01953125,0.0009300595238095238,5.687466102450064e-06,0.0001251242542539014,1.1973612847263292e-05,missing_data_bias::adversarial,40
missing_data_bias,adversarial,near_optimal_rate,stability_filtered,workflow,0.00048828125,0.01953125,0.0009300595238095238,1.277402687677534e-09,4.087688600568109e-08,5.677345278566818e-09,missing_data_bias::adversarial,40
missing_data_bias,adversarial,avg_cost,stability_filtered,workflow,0.00048828125,0.01953125,0.0009300595238095238,4.715182428899555e-06,0.00010844919586468977,1.0478183175332345e-05,missing_data_bias::adversarial,40
missing_data_bias,adversarial,fairness_gap_ses,stability_filtered,workflow,0.033203125,0.53125,0.053125,0.031278034184557525,0.5004485469529204,0.05004485469529204,missing_data_bias::adversarial,40
missing_data_bias,degradation,success_rate_drop,stability_filtered,workflow,0.00048828125,0.0146484375,0.0013316761363636363,1.498876658655379e-06,3.8970793125039855e-05,8.993259951932274e-06,missing_data_bias::degradation,30
missing_data_bias,degradation,fairness_gap_increase,stability_filtered,workflow,0.86376953125,1.0,0.9944661458333334,0.8700652428935309,1.0,0.991888835645196,missing_data_bias::degradation,30
missing_data_bias,degradation,near_optimal_rate_drop,stability_filtered,workflow,0.00048828125,0.0146484375,0.0013316761363636363,9.296548428908119e-06,0.00021382061386488675,3.4300097769542544e-05,missing_data_bias::degradation,30
missing_data_bias,overall,success_rate,structural_causal,workflow,0.00146484375,0.02197265625,0.002170138888888889,5.09758610585911e-05,0.001019517221171822,9.709687820684018e-05,missing_data_bias::overall,40
missing_data_bias,overall,near_optimal_rate,structural_causal,workflow,0.00048828125,0.01953125,0.0008877840909090909,1.3738683481623158e-10,4.396378714119411e-09,6.10608154738807e-10,missing_data_bias::overall,40
missing_data_bias,overall,avg_cost,structural_causal,workflow,0.00048828125,0.01953125,0.0008877840909090909,1.872070948384659e-05,0.000411855608644625,3.819849624713412e-05,missing_data_bias::overall,40
missing_data_bias,overall,fairness_gap_ses,structural_causal,workflow,0.0009765625,0.01953125,0.0015625,0.00023537989836529283,0.003959553791477055,0.0003766078373844685,missing_data_bias::overall,40
missing_data_bias,normal,success_rate,structural_causal,workflow,0.001953125,0.04296875,0.0035511363636363635,0.00034163652732654114,0.006832730546530823,0.0006507362425267451,missing_data_bias::normal,40
missing_data_bias,normal,near_optimal_rate,structural_causal,workflow,0.0009765625,0.0224609375,0.002170138888888889,1.777812087955318e-05,0.0004266749011092763,4.183087265777219e-05,missing_data_bias::normal,40
missing_data_bias,normal,avg_cost,structural_causal,workflow,0.001953125,0.04296875,0.0035511363636363635,6.393480242699311e-05,0.0014065656533938484,0.0001345995840568276,missing_data_bias::normal,40
missing_data_bias,normal,fairness_gap_ses,structural_causal,workflow,0.28564453125,1.0,0.33605238970588236,0.28822605449200767,1.0,0.3390894758729502,missing_data_bias::normal,40
missing_data_bias,surface_shift,success_rate,structural_causal,workflow,0.001953125,0.037109375,0.0035511363636363635,0.00017989945724227935,0.003597989144845587,0.00034266563284243685,missing_data_bias::surface_shift,40
missing_data_bias,surface_shift,near_optimal_rate,structural_causal,workflow,0.00048828125,0.01953125,0.0010279605263157894,1.1229037533410197e-06,2.9195497586866514e-05,2.994410008909386e-06,missing_data_bias::surface_shift,40
missing_data_bias,surface_shift,avg_cost,structural_causal,workflow,0.00146484375,0.029296875,0.0027901785714285715,2.9597594609376376e-05,0.0006215494867969039,5.9195189218752745e-05,missing_data_bias::surface_shift,40
missing_data_bias,surface_shift,fairness_gap_ses,structural_causal,workflow,0.005859375,0.10546875,0.010190217391304348,0.0098321403015263,0.1671463851259471,0.016386900502543832,missing_data_bias::surface_shift,40
missing_data_bias,adversarial,success_rate,structural_causal,workflow,0.00048828125,0.01953125,0.0009300595238095238,7.798827563646185e-06,0.0001559765512729237,1.4854909645040354e-05,missing_data_bias::adversarial,40
missing_data_bias,adversarial,near_optimal_rate,structural_causal,workflow,0.00048828125,0.01953125,0.0009300595238095238,7.831756044573643e-09,2.349526813372093e-07,2.8479112889358703e-08,missing_data_bias::adversarial,40
missing_data_bias,adversarial,avg_cost,structural_causal,workflow,0.00048828125,0.01953125,0.0009300595238095238,6.472272408096134e-06,0.00013591772057001882,1.2944544816192267e-05,missing_data_bias::adversarial,40
missing_data_bias,adversarial,fairness_gap_ses,structural_causal,workflow,0.09423828125,1.0,0.13462611607142858,0.09355934318455504,1.0,0.13365620454936436,missing_data_bias::adversarial,40
missing_data_bias,degradation,success_rate_drop,structural_causal,workflow,0.00048828125,0.0146484375,0.0013316761363636363,2.573717455461512e-06,6.434293638653781e-05,1.286858727730756e-05,missing_data_bias::degradation,30
missing_data_bias,degradation,fairness_gap_increase,structural_causal,workflow,0.66650390625,1.0,0.9088689630681818,0.6647021110721067,1.0,0.8960101804584505,missing_data_bias::degradation,30
missing_data_bias,degradation,near_optimal_rate_drop,structural_causal,workflow,0.00048828125,0.0146484375,0.0013316761363636363,5.04026416468794e-05,0.0010468288943434772,0.00012908676027047794,missing_data_bias::degradation,30
historical_bias_feedback,overall,success_rate,baseline,causal_light,0.00048828125,0.01953125,0.0006510416666666666,3.03811052025061e-14,9.721953664801952e-13,1.3502713423336046e-13,historical_bias_feedback::overall,40
historical_bias_feedback,overall,near_optimal_rate,baseline,causal_light,0.00048828125,0.01953125,0.0006510416666666666,4.2042217371714446e-15,1.4714776080100056e-13,2.80281449144763e-14,historical_bias_feedback::overall,40
historical_bias_feedback,overall,avg_cost,baseline,causal_light,0.00048828125,0.01953125,0.0006510416666666666,1.9656643498744907e-15,7.076391659548167e-14,1.5725314798995926e-14,historical_bias_feedback::overall,40
historical_bias_feedback,overall,fairness_gap_ses,baseline,causal_light,0.00048828125,0.01953125,0.0006510416666666666,3.603623136321215e-11,9.729782468067281e-10,1.0296066103774901e-10,historical_bias_feedback::overall,40
historical_bias_feedback,normal,success_rate,baseline,causal_light,0.00048828125,0.01953125,0.00078125,1.0768365522213475e-09,3.3381933118861774e-08,4.30734620888539e-09,historical_bias_feedback::normal,40
historical_bias_feedback,normal,near_optimal_rate,baseline,causal_light,0.00048828125,0.01953125,0.00078125,1.3083087235614793e-10,4.3174187877528815e-09,6.541543617807396e-10,historical_bias_feedback::normal,40
historical_bias_feedback,normal,avg_cost,baseline,causal_light,0.00048828125,0.01953125,0.00078125,4.004817962751091e-11,1.4016862869628819e-09,2.669878641834061e-10,historical_bias_feedback::normal,40
historical_bias_feedback,normal,fairness_gap_ses,baseline,causal_light,0.00048828125,0.01953125,0.00078125,2.307211193461458e-08,5.537306864307499e-07,5.4287322199093134e-08,historical_bias_feedback::normal,40
historical_bias_feedback,surface_shift,success_rate,baseline,causal_light,0.00048828125,0.01953125,0.00078125,8.243417994611443e-07,1.895986138760632e-05,1.8318706654692096e-06,historical_bias_feedback::surface_shift,40
historical_bias_feedback,surface_shift,near_optimal_rate,baseline,causal_light,0.00048828125,0.01953125,0.00078125,2.288548919550698e-09,7.552211434517303e-08,1.144274459775349e-08,historical_bias_feedback::surface_shift,40
historical_bias_feedback,surface_shift,avg_cost,baseline,causal_light,0.00048828125,0.01953125,0.00078125,2.066232824726807e-09,7.025191604071143e-08,1.144274459775349e-08,historical_bias_feedback::surface_shift,40
historical_bias_feedback,surface_shift,fairness_gap_ses,baseline,causal_light,0.00048828125,0.01953125,0.00078125,4.6597127748460474e-06,8.957682797831572e-05,8.47220504517463e-06,historical_bias_feedback::surface_shift,40
historical_bias_feedback,adversarial,success_rate,baseline,causal_light,0.00048828125,0.01953125,0.0006975446428571429,5.094522689631332e-14,1.884973395163593e-12,5.094522689631332e-13,historical_bias_feedback::adversarial,40
historical_bias_feedback,adversarial,near_optimal_rate,baseline,causal_light,0.00048828125,0.01953125,0.0006975446428571429,1.6413798726655543e-13,5.908967541595996e-12,1.3131038981324434e-12,historical_bias_feedback::adversarial,40
historical_bias_feedback,adversarial,avg_cost,baseline,causal_light,0.00048828125,0.01953125,0.0006975446428571429,6.249561466055322e-15,2.3748333571010224e-13,8.332748621407096e-14,historical_bias_feedback::adversarial,40
historical_bias_feedback,adversarial,fairness_gap_ses,baseline,causal_light,0.00048828125,0.01953125,0.0006975446428571429,4.6689179918527034e-11,1.307297037718757e-09,1.4365901513392933e-10,historical_bias_feedback::adversarial,40
historical_bias_feedback,degradation,success_rate_drop,baseline,causal_light,0.00048828125,0.0146484375,0.0009765625,1.5644579207831276e-07,4.2240363861144445e-06,1.1733434405873457e-06,historical_bias_feedback::degradation,30
historical_bias_feedback,degradation,fairness_gap_increase,baseline,causal_light,0.00048828125,0.0146484375,0.0009765625,7.258510525055633e-06,0.00015968723155122393,2.4195035083518777e-05,historical_bias_feedback::degradation,30
historical_bias_feedback,degradation,near_optimal_rate_drop,baseline,causal_light,0.00048828125,0.0146484375,0.0009765625,1.137641950189367e-09,3.185397460530228e-08,1.1376419501893671e-08,historical_bias_feedback::degradation,30
historical_bias_feedback,overall,success_rate,baseline,stability_filtered,0.00048828125,0.01953125,0.0006510416666666666,0.00015710996564637615,0.001885319587756514,0.00020990847032067658,historical_bias_feedback::overall,40
historical_bias_feedback,overall,near_optimal_rate,baseline,stability_filtered,0.00048828125,0.01953125,0.0006510416666666666,2.585455625411807e-14,8.532003563858963e-13,1.2927278127059033e-13,historical_bias_feedback::overall,40
historical_bias_feedback,overall,avg_cost,baseline,stability_filtered,0.00048828125,0.01953125,0.0006510416666666666,0.00015795923488689997,0.001885319587756514,0.00020990847032067658,historical_bias_feedback::overall,40
historical_bias_feedback,overall,fairness_gap_ses,baseline,stability_filtered,0.00048828125,0.01953125,0.0006510416666666666,9.205112151711987e-12,2.577431402479356e-10,2.8323422005267654e-11,historical_bias_feedback::overall,40
historical_bias_feedback,normal,success_rate,baseline,stability_filtered,0.001953125,0.0234375,0.0026041666666666665,0.005236349875435069,0.05236349875435069,0.006692120108696912,historical_bias_feedback::normal,40
historical_bias_feedback,normal,near_optimal_rate,baseline,stability_filtered,0.00048828125,0.01953125,0.00078125,1.0119067199365244e-10,3.440482847784183e-09,5.782324113922996e-10,historical_bias_feedback::normal,40
historical_bias_feedback,normal,avg_cost,baseline,stability_filtered,0.00048828125,0.01953125,0.00078125,0.002940879579190588,0.03529055495028705,0.004056385626469776,historical_bias_feedback::normal,40
historical_bias_feedback,normal,fairness_gap_ses,baseline,stability_filtered,0.00048828125,0.01953125,0.00078125,4.50401957408611e-08,1.0359245020398053e-06,1.0008932386858022e-07,historical_bias_feedback::normal,40
historical_bias_feedback,surface_shift,success_rate,baseline,stability_filtered,0.00244140625,0.03173828125,0.003367456896551724,0.003174535335723265,0.038094424028679186,0.004378669428583814,historical_bias_feedback::surface_shift,40
historical_bias_feedback,surface_shift,near_optimal_rate,baseline,stability_filtered,0.00048828125,0.01953125,0.00078125,5.014835627264676e-10,1.7551924695426364e-08,3.3432237515097836e-09,historical_bias_feedback::surface_shift,40
historical_bias_feedback,surface_shift,avg_cost,baseline,stability_filtered,0.00048828125,0.01953125,0.00078125,0.0009858966217977112,0.013802552705167956,0.001460587587848461,historical_bias_feedback::surface_shift,40
historical_bias_feedback,surface_shift,fairness_gap_ses,baseline,stability_filtered,0.00048828125,0.01953125,0.00078125,1.176043879340353e-06,2.4696921466147413e-05,2.352087758680706e-06,historical_bias_feedback::surface_shift,40
historical_bias_feedback,adversarial,success_rate,baseline,stability_filtered,0.00048828125,0.01953125,0.0006975446428571429,5.880539839434453e-07,9.408863743095124e-06,9.408863743095124e-07,historical_bias_feedback::adversarial,40
historical_bias_feedback,adversarial,near_optimal_rate,baseline,stability_filtered,0.00048828125,0.01953125,0.0006975446428571429,6.235573796442824e-13,2.057739352826132e-11,2.9642424468186413e-12,historical_bias_feedback::adversarial,40
historical_bias_feedback,adversarial,avg_cost,baseline,stability_filtered,0.00048828125,0.01953125,0.0006975446428571429,1.9974927635132148e-06,2.5967405925671793e-05,2.8535610907331644e-06,historical_bias_feedback::adversarial,40
historical_bias_feedback,adversarial,fairness_gap_ses,baseline,stability_filtered,0.00048828125,0.01953125,0.0006975446428571429,3.370778301132709e-12,1.0112334903398126e-10,1.2257375640482577e-11,historical_bias_feedback::adversarial,40
historical_bias_feedback,degradation,success_rate_drop,baseline,stability_filtered,0.00048828125,0.0146484375,0.0009765625,3.155590365536593e-07,8.204534950395143e-06,1.8933542193219557e-06,historical_bias_feedback::degradation,30
historical_bias_feedback,degradation,fairness_gap_increase,baseline,stability_filtered,0.00048828125,0.0146484375,0.0009765625,1.2051523797167356e-05,0.0002410304759433471,3.286779217409279e-05,historical_bias_feedback::degradation,30
historical_bias_feedback,degradation,near_optimal_rate_drop,baseline,stability_filtered,0.00048828125,0.0146484375,0.0009765625,4.0758421492327617e-10,1.181994223277501e-08,6.113763223849142e-09,historical_bias_feedback::degradation,30
historical_bias_feedback,overall,success_rate,baseline,structural_causal,0.00048828125,0.01953125,0.0006510416666666666,8.905431917402246e-08,1.4248691067843594e-06,1.4248691067843592e-07,historical_bias_feedback::overall,40
historical_bias_feedback,overall,near_optimal_rate,baseline,structural_causal,0.00048828125,0.01953125,0.0006510416666666666,1.3916540183848731e-13,4.3141274569931065e-12,5.566616073539493e-13,historical_bias_feedback::overall,40
historical_bias_feedback,overall,avg_cost,baseline,structural_causal,0.00048828125,0.01953125,0.0006510416666666666,5.762685563100584e-08,9.796565457270992e-07,9.604475938500973e-08,historical_bias_feedback::overall,40
historical_bias_feedback,overall,fairness_gap_ses,baseline,structural_causal,0.00048828125,0.01953125,0.0006510416666666666,6.9831599858095105e-12,2.025116395884758e-10,2.327719995269837e-11,historical_bias_feedback::overall,40
historical_bias_feedback,normal,success_rate,baseline,structural_causal,0.0009765625,0.01953125,0.0014467592592592592,3.794673152614387e-05,0.000607147704418302,6.0714770441830195e-05,historical_bias_feedback::normal,40
historical_bias_feedback,normal,near_optimal_rate,baseline,structural_causal,0.00048828125,0.01953125,0.00078125,5.166458240374139e-10,1.6532666369197246e-08,2.296203662388506e-09,historical_bias_feedback::normal,40
historical_bias_feedback,normal,avg_cost,baseline,structural_causal,0.00048828125,0.01953125,0.00078125,2.9689811744867284e-07,6.5317585838708025e-06,6.250486683129955e-07,historical_bias_feedback::normal,40
historical_bias_feedback,normal,fairness_gap_ses,baseline,structural_causal,0.00048828125,0.01953125,0.00078125,2.296899284075678e-09,6.201628067004331e-08,6.562569383073366e-09,historical_bias_feedback::normal,40
historical_bias_feedback,surface_shift,success_rate,baseline,structural_causal,0.00048828125,0.01953125,0.00078125,6.580566249546421e-07,1.579335899891141e-05,1.5483685293050402e-06,historical_bias_feedback::surface_shift,40
historical_bias_feedback,surface_shift,near_optimal_rate,baseline,structural_causal,0.00048828125,0.01953125,0.00078125,1.5185994425225216e-08,4.707658271819817e-07,6.074397770090086e-08,historical_bias_feedback::surface_shift,40
historical_bias_feedback,surface_shift,avg_cost,baseline,structural_causal,0.00048828125,0.01953125,0.00078125,7.490964930558958e-08,1.947650881945329e-06,1.9975906481490552e-07,historical_bias_feedback::surface_shift,40
historical_bias_feedback,surface_shift,fairness_gap_ses,baseline,structural_causal,0.00048828125,0.01953125,0.00078125,1.4556441286471788e-08,4.6580612116709723e-07,6.074397770090086e-08,historical_bias_feedback::surface_shift,40
historical_bias_feedback,adversarial,success_rate,baseline,structural_causal,0.00048828125,0.01953125,0.0006975446428571429,8.929028571545994e-09,2.2322571428864983e-07,2.2322571428864983e-08,historical_bias_feedback::adversarial,40
historical_bias_feedback,adversarial,near_optimal_rate,baseline,structural_causal,0.00048828125,0.01953125,0.0006975446428571429,6.669545505341943e-13,2.1342545617094217e-11,2.9642424468186413e-12,historical_bias_feedback::adversarial,40
historical_bias_feedback,adversarial,avg_cost,baseline,structural_causal,0.00048828125,0.01953125,0.0006975446428571429,2.3153750154061218e-08,5.556900036974692e-07,5.447941212720286e-08,historical_bias_feedback::adversarial,40
historical_bias_feedback,adversarial,fairness_gap_ses,baseline,structural_causal,0.00048828125,0.01953125,0.0006975446428571429,7.217705396111347e-12,2.0931345648722906e-10,2.4059017987037825e-11,historical_bias_feedback::adversarial,40
historical_bias_feedback,degradation,success_rate_drop,baseline,structural_causal,0.00048828125,0.0146484375,0.0009765625,6.802562184931975e-07,1.7006405462329936e-05,3.4012810924659875e-06,historical_bias_feedback::degradation,30
historical_bias_feedback,degradation,fairness_gap_increase,baseline,structural_causal,0.00048828125,0.0146484375,0.0009765625,0.00015183990244892957,0.002125758634285014,0.00026795276902752277,historical_bias_feedback::degradation,30
historical_bias_feedback,degradation,near_optimal_rate_drop,baseline,structural_causal,0.00048828125,0.0146484375,0.0009765625,3.1905297875969875e-10,9.571589362790962e-09,6.113763223849142e-09,historical_bias_feedback::degradation,30
historical_bias_feedback,overall,success_rate,baseline,workflow,0.00048828125,0.01953125,0.0006510416666666666,6.69934771569645e-12,2.009804314708935e-10,2.327719995269837e-11,historical_bias_feedback::overall,40
historical_bias_feedback,overall,near_optimal_rate,baseline,workflow,0.00048828125,0.01953125,0.0006510416666666666,5.27594571464151e-10,1.2662269715139623e-08,1.2413989916803553e-09,historical_bias_feedback::overall,40
historical_bias_feedback,overall,avg_cost,baseline,workflow,0.00048828125,0.01953125,0.0006510416666666666,3.932167846097278e-11,1.0223636399852924e-09,1.0485780922926075e-10,historical_bias_feedback::overall,40
historical_bias_feedback,overall,fairness_gap_ses,baseline,workflow,0.00048828125,0.01953125,0.0006510416666666666,1.5378692346684185e-10,3.844673086671046e-09,3.844673086671046e-10,historical_bias_feedback::overall,40
historical_bias_feedback,normal,success_rate,baseline,workflow,0.00048828125,0.01953125,0.00078125,2.21274708516002e-09,6.195691838448056e-08,6.562569383073366e-09,historical_bias_feedback::normal,40
historical_bias_feedback,normal,near_optimal_rate,baseline,workflow,0.00048828125,0.01953125,0.00078125,1.3482674348541393e-09,4.044802304562418e-08,4.584180065001968e-09,historical_bias_feedback::normal,40
historical_bias_feedback,normal,avg_cost,baseline,workflow,0.00048828125,0.01953125,0.00078125,1.3752540195005904e-09,4.044802304562418e-08,4.584180065001968e-09,historical_bias_feedback::normal,40
historical_bias_feedback,normal,fairness_gap_ses,baseline,workflow,0.00048828125,0.01953125,0.00078125,8.074006592391281e-07,1.695541384402169e-05,1.6148013184782563e-06,historical_bias_feedback::normal,40
historical_bias_feedback,surface_shift,success_rate,baseline,workflow,0.00048828125,0.01953125,0.00078125,2.258223913136141e-07,5.645559782840352e-06,5.645559782840352e-07,historical_bias_feedback::surface_shift,40
historical_bias_feedback,surface_shift,near_optimal_rate,baseline,workflow,0.00048828125,0.01953125,0.00078125,1.828493464275366e-08,5.485480392826098e-07,6.649067142819513e-08,historical_bias_feedback::surface_shift,40
historical_bias_feedback,surface_shift,avg_cost,baseline,workflow,0.00048828125,0.01953125,0.00078125,2.9248386007282788e-08,8.482031942112008e-07,9.749462002427596e-08,historical_bias_feedback::surface_shift,40
historical_bias_feedback,surface_shift,fairness_gap_ses,baseline,workflow,0.00048828125,0.01953125,0.00078125,1.1168935074787073e-06,2.4571657164531562e-05,2.3513547525867522e-06,historical_bias_feedback::surface_shift,40
historical_bias_feedback,adversarial,success_rate,baseline,workflow,0.00048828125,0.01953125,0.0006975446428571429,1.6304455013529236e-06,2.282623701894093e-05,2.415474816819146e-06,historical_bias_feedback::adversarial,40
historical_bias_feedback,adversarial,near_optimal_rate,baseline,workflow,0.0078125,0.0703125,0.009765625,0.004157953431838775,0.03742158088654897,0.0051974417897984685,historical_bias_feedback::adversarial,40
historical_bias_feedback,adversarial,avg_cost,baseline,workflow,0.00048828125,0.01953125,0.0006975446428571429,1.742376014241468e-07,3.484752028482936e-06,3.318811455698034e-07,historical_bias_feedback::adversarial,40
historical_bias_feedback,adversarial,fairness_gap_ses,baseline,workflow,0.00048828125,0.01953125,0.0006975446428571429,8.594157479927567e-08,1.8907146455840648e-06,1.8092963115636983e-07,historical_bias_feedback::adversarial,40
historical_bias_feedback,degradation,success_rate_drop,baseline,workflow,0.0009765625,0.0146484375,0.001723345588235294,1.1464700317824374e-05,0.00024075870667431186,3.286779217409279e-05,historical_bias_feedback::degradation,30
historical_bias_feedback,degradation,fairness_gap_increase,baseline,workflow,0.06103515625,0.3662109375,0.0732421875,0.06158698521879497,0.36952191131276985,0.07390438226255397,historical_bias_feedback::degradation,30
historical_bias_feedback,degradation,near_optimal_rate_drop,baseline,workflow,0.00048828125,0.0146484375,0.0009765625,2.6380993423971345e-06,6.331438421753123e-05,1.1306140038844863e-05,historical_bias_feedback::degradation,30
historical_bias_feedback,overall,success_rate,causal_light,stability_filtered,0.98193359375,1.0,0.98193359375,0.9801823975187682,1.0,0.9801823975187682,historical_bias_feedback::overall,40
historical_bias_feedback,overall,near_optimal_rate,causal_light,stability_filtered,0.89404296875,1.0,0.9169671474358975,0.8998232470713914,1.0,0.9228956380219399,historical_bias_feedback::overall,40
historical_bias_feedback,overall,avg_cost,causal_light,stability_filtered,0.11865234375,0.59326171875,0.1318359375,0.12442855950048193,0.6221427975024096,0.13825395500053547,historical_bias_feedback::overall,40
historical_bias_feedback,overall,fairness_gap_ses,causal_light,stability_filtered,0.00048828125,0.01953125,0.0006510416666666666,1.9669054748748862e-08,3.737120402262284e-07,3.576191772499793e-08,historical_bias_feedback::overall,40
historical_bias_feedback,normal,success_rate,causal_light,stability_filtered,0.5791015625,1.0,0.5939503205128205,0.5900589833641736,1.0,0.6051887008863319,historical_bias_feedback::normal,40
historical_bias_feedback,normal,near_optimal_rate,causal_light,stability_filtered,0.40625,1.0,0.4391891891891892,0.3456840002325883,1.0,0.3737124326838792,historical_bias_feedback::normal,40
historical_bias_feedback,normal,avg_cost,causal_light,stability_filtered,0.28125,1.0,0.3125,0.28391394802561787,1.0,0.3154599422506865,historical_bias_feedback::normal,40
historical_bias_feedback,normal,fairness_gap_ses,causal_light,stability_filtered,0.001953125,0.0234375,0.0026041666666666665,0.0011620670152558466,0.015106871198326006,0.0016600957360797808,historical_bias_feedback::normal,40
historical_bias_feedback,surface_shift,success_rate,causal_light,stability_filtered,0.935546875,1.0,0.935546875,0.9341297166360955,1.0,0.9341297166360955,historical_bias_feedback::surface_shift,40
historical_bias_feedback,surface_shift,near_optimal_rate,causal_light,stability_filtered,0.484375,1.0,0.5098684210526315,0.4222178571319096,1.0,0.44443984961253646,historical_bias_feedback::surface_shift,40
historical_bias_feedback,surface_shift,avg_cost,causal_light,stability_filtered,0.14794921875,1.0,0.17405790441176472,0.153162279420622,1.0,0.18019091696543765,historical_bias_feedback::surface_shift,40
historical_bias_feedback,surface_shift,fairness_gap_ses,causal_light,stability_filtered,0.00244140625,0.03173828125,0.003367456896551724,0.0010466641936763114,0.013802552705167956,0.0014952345623947306,historical_bias_feedback::surface_shift,40
historical_bias_feedback,adversarial,success_rate,causal_light,stability_filtered,0.56689453125,1.0,0.56689453125,0.5652103728808366,1.0,0.5652103728808366,historical_bias_feedback::adversarial,40
historical_bias_feedback,adversarial,near_optimal_rate,causal_light,stability_filtered,0.05224609375,0.41796875,0.06332859848484848,0.04069277437344291,0.2938693734860093,0.04787385220405048,historical_bias_feedback::adversarial,40
historical_bias_feedback,adversarial,avg_cost,causal_light,stability_filtered,0.060546875,0.41796875,0.06919642857142858,0.03673367168575116,0.2938693734860093,0.044525662649395344,historical_bias_feedback::adversarial,40
historical_bias_feedback,adversarial,fairness_gap_ses,causal_light,stability_filtered,0.00048828125,0.01953125,0.0006975446428571429,1.0940633399180367e-07,2.297533013827877e-06,2.1881266798360735e-07,historical_bias_feedback::adversarial,40
historical_bias_feedback,degradation,success_rate_drop,causal_light,stability_filtered,0.01318359375,0.11865234375,0.017832880434782608,0.008989988109866134,0.08090989298879521,0.012259074695272003,historical_bias_feedback::degradation,30
historical_bias_feedback,degradation,fairness_gap_increase,causal_light,stability_filtered,0.005859375,0.064453125,0.0087890625,0.002901793652927357,0.03191973018220093,0.004352690479391035,historical_bias_feedback::degradation,30
historical_bias_feedback,degradation,near_optimal_rate_drop,causal_light,stability_filtered,0.00537109375,0.064453125,0.008480674342105263,0.0020747012445613516,0.024896414934736218,0.003275844070360029,historical_bias_feedback::degradation,30
historical_bias_feedback,overall,success_rate,causal_light,structural_causal,0.2724609375,1.0,0.29455236486486486,0.2737785954551376,1.0,0.29597685995150014,historical_bias_feedback::overall,40
historical_bias_feedback,overall,near_optimal_rate,causal_light,structural_causal,0.0126953125,0.1015625,0.015388257575757576,0.008208359163717514,0.06566687330974011,0.00994952625905153,historical_bias_feedback::overall,40
historical_bias_feedback,overall,avg_cost,causal_light,structural_causal,0.0009765625,0.01953125,0.0012600806451612903,5.426768565917686e-05,0.0007054799135692993,7.752526522739552e-05,historical_bias_feedback::overall,40
historical_bias_feedback,overall,fairness_gap_ses,causal_light,structural_causal,0.00048828125,0.01953125,0.0006510416666666666,2.2355808674143034e-08,4.024045561345746e-07,3.887966725937919e-08,historical_bias_feedback::overall,40
historical_bias_feedback,normal,success_rate,causal_light,structural_causal,0.837890625,1.0,0.837890625,0.8147895169138686,1.0,0.8147895169138686,historical_bias_feedback::normal,40
historical_bias_feedback,normal,near_optimal_rate,causal_light,structural_causal,0.0185546875,0.1484375,0.022490530303030304,0.015971017606062433,0.12776814084849947,0.019358809219469614,historical_bias_feedback::normal,40
historical_bias_feedback,normal,avg_cost,causal_light,structural_causal,0.0009765625,0.01953125,0.0014467592592592592,6.336653474472829e-05,0.0009504980211709243,9.748697653035122e-05,historical_bias_feedback::normal,40
historical_bias_feedback,normal,fairness_gap_ses,causal_light,structural_causal,0.00048828125,0.01953125,0.00078125,1.859459029092209e-05,0.0003347026252365976,3.233841789725581e-05,historical_bias_feedback::normal,40
historical_bias_feedback,surface_shift,success_rate,causal_light,structural_causal,0.42041015625,1.0,0.45449746621621623,0.41097575963623134,1.0,0.4442981185256555,historical_bias_feedback::surface_shift,40
historical_bias_feedback,surface_shift,near_optimal_rate,causal_light,structural_causal,0.0078125,0.0859375,0.010416666666666666,0.004461497651254519,0.04907647416379971,0.005948663535006025,historical_bias_feedback::surface_shift,40
historical_bias_feedback,surface_shift,avg_cost,causal_light,structural_causal,0.00146484375,0.02197265625,0.002170138888888889,9.637241539825256e-05,0.0016383310617702936,0.00016062069233042093,historical_bias_feedback::surface_shift,40
historical_bias_feedback,surface_shift,fairness_gap_ses,causal_light,structural_causal,0.00048828125,0.01953125,0.00078125,0.00012869300027992946,0.0020590880044788714,0.00020590880044788713,historical_bias_feedback::surface_shift,40
historical_bias_feedback,adversarial,success_rate,causal_light,structural_causal,0.0703125,0.41796875,0.078125,0.05804155273167377,0.3205419872277177,0.06449061414630419,historical_bias_feedback::adversarial,40
historical_bias_feedback,adversarial,near_optimal_rate,causal_light,structural_causal,0.10546875,0.421875,0.11402027027027027,0.09217996107296805,0.3687198442918722,0.09965401197077628,historical_bias_feedback::adversarial,40
historical_bias_feedback,adversarial,avg_cost,causal_light,structural_causal,0.0009765625,0.01953125,0.0013469827586206897,3.9980528870029164e-05,0.00047976634644035,5.514555706210919e-05,historical_bias_feedback::adversarial,40
historical_bias_feedback,adversarial,fairness_gap_ses,causal_light,structural_causal,0.00048828125,0.01953125,0.0006975446428571429,3.1604847975028295e-07,5.37282415575481e-06,5.267474662504716e-07,historical_bias_feedback::adversarial,40
historical_bias_feedback,degradation,success_rate_drop,causal_light,structural_causal,0.0087890625,0.087890625,0.012555803571428572,0.007527517486345333,0.07527517486345334,0.010753596409064762,historical_bias_feedback::degradation,30
historical_bias_feedback,degradation,fairness_gap_increase,causal_light,structural_causal,0.130859375,0.5234375,0.14539930555555555,0.1334239104563181,0.5336956418252724,0.14744631387219728,historical_bias_feedback::degradation,30
historical_bias_feedback,degradation,near_optimal_rate_drop,causal_light,structural_causal,0.154296875,0.5234375,0.16531808035714285,0.13761655961405078,0.5336956418252724,0.14744631387219728,historical_bias_feedback::degradation,30
historical_bias_feedback,overall,success_rate,causal_light,workflow,0.00048828125,0.01953125,0.0006510416666666666,7.469617779883702e-19,2.987847111953481e-17,2.987847111953481e-17,historical_bias_feedback::overall,40
historical_bias_feedback,overall,near_optimal_rate,causal_light,workflow,0.00048828125,0.01953125,0.0006510416666666666,2.229324851525236e-16,8.471434435795896e-15,2.9724331353669815e-15,historical_bias_feedback::overall,40
historical_bias_feedback,overall,avg_cost,causal_light,workflow,0.00048828125,0.01953125,0.0006510416666666666,1.6648442738499088e-18,6.492892668014645e-17,3.3296885476998175e-17,historical_bias_feedback::overall,40
historical_bias_feedback,overall,fairness_gap_ses,causal_light,workflow,0.00244140625,0.02197265625,0.0030517578125,0.0015491340790086557,0.013942206711077902,0.0019364175987608197,historical_bias_feedback::overall,40
historical_bias_feedback,normal,success_rate,causal_light,workflow,0.00048828125,0.01953125,0.00078125,2.60048316899076e-16,1.0141884359063964e-14,5.20096633798152e-15,historical_bias_feedback::normal,40
historical_bias_feedback,normal,near_optimal_rate,causal_light,workflow,0.00048828125,0.01953125,0.00078125,7.834862358407138e-13,2.8988990726106412e-11,7.834862358407138e-12,historical_bias_feedback::normal,40
historical_bias_feedback,normal,avg_cost,causal_light,workflow,0.00048828125,0.01953125,0.00078125,1.0079300375602307e-16,4.031720150240923e-15,4.031720150240923e-15,historical_bias_feedback::normal,40
historical_bias_feedback,normal,fairness_gap_ses,causal_light,workflow,0.02490234375,0.17431640625,0.029296875,0.019895717162912673,0.13927002014038872,0.02340672607401491,historical_bias_feedback::normal,40
historical_bias_feedback,surface_shift,success_rate,causal_light,workflow,0.00048828125,0.01953125,0.00078125,7.251077816737409e-14,2.8279203485275896e-12,1.1889000688226761e-12,historical_bias_feedback::surface_shift,40
historical_bias_feedback,surface_shift,near_optimal_rate,causal_light,workflow,0.00048828125,0.01953125,0.00078125,8.916750516170071e-14,3.388365196144627e-12,1.1889000688226761e-12,historical_bias_feedback::surface_shift,40
historical_bias_feedback,surface_shift,avg_cost,causal_light,workflow,0.00048828125,0.01953125,0.00078125,3.769097531269344e-16,1.5076390125077374e-14,1.5076390125077374e-14,historical_bias_feedback::surface_shift,40
historical_bias_feedback,surface_shift,fairness_gap_ses,causal_light,workflow,0.28173828125,1.0,0.3130425347222222,0.2794850858380538,1.0,0.3105389842645042,historical_bias_feedback::surface_shift,40
historical_bias_feedback,adversarial,success_rate,causal_light,workflow,0.00048828125,0.01953125,0.0006975446428571429,2.857217673824714e-16,1.1143148927916386e-14,5.714435347649429e-15,historical_bias_feedback::adversarial,40
historical_bias_feedback,adversarial,near_optimal_rate,causal_light,workflow,0.00048828125,0.01953125,0.0006975446428571429,4.0640541715518564e-13,1.3817784183276312e-11,2.322316669458204e-12,historical_bias_feedback::adversarial,40
historical_bias_feedback,adversarial,avg_cost,causal_light,workflow,0.00048828125,0.01953125,0.0006975446428571429,1.1468401799984297e-16,4.587360719993719e-15,4.587360719993719e-15,historical_bias_feedback::adversarial,40
historical_bias_feedback,adversarial,fairness_gap_ses,causal_light,workflow,0.00244140625,0.02685546875,0.0032552083333333335,0.0007673296042834002,0.008440625647117402,0.0010231061390445335,historical_bias_feedback::adversarial,40
historical_bias_feedback,degradation,success_rate_drop,causal_light,workflow,0.0009765625,0.0146484375,0.001723345588235294,7.67135018132133e-05,0.0011507025271981996,0.00014383781589977495,historical_bias_feedback::degradation,30
historical_bias_feedback,degradation,fairness_gap_increase,causal_light,workflow,0.04443359375,0.31103515625,0.0555419921875,0.04009966680945084,0.2806976676661559,0.05012458351181354,historical_bias_feedback::degradation,30
historical_bias_feedback,degradation,near_optimal_rate_drop,causal_light,workflow,0.00048828125,0.0146484375,0.0009765625,2.3492328532844563e-05,0.0004228619135912021,5.4213065845025915e-05,historical_bias_feedback::degradation,30
historical_bias_feedback,overall,success_rate,stability_filtered,structural_causal,0.5634765625,1.0,0.5931332236842105,0.5668116465108191,1.0,0.5966438384324411,historical_bias_feedback::overall,40
historical_bias_feedback,overall,near_optimal_rate,stability_filtered,structural_causal,0.00048828125,0.01953125,0.0006510416666666666,0.00016267906449852435,0.001885319587756514,0.00020990847032067658,historical_bias_feedback::overall,40
historical_bias_feedback,overall,avg_cost,stability_filtered,structural_causal,0.0361328125,0.2529296875,0.04250919117647059,0.03616709942289937,0.2531696959602956,0.042549528732822785,historical_bias_feedback::overall,40
historical_bias_feedback,overall,fairness_gap_ses,stability_filtered,structural_causal,0.072265625,0.43359375,0.08258928571428571,0.06979733433717653,0.41878400602305915,0.0797683820996303,historical_bias_feedback::overall,40
historical_bias_feedback,normal,success_rate,stability_filtered,structural_causal,0.525390625,1.0,0.5530427631578947,0.526841221490713,1.0,0.5545697068323294,historical_bias_feedback::normal,40
historical_bias_feedback,normal,near_optimal_rate,stability_filtered,structural_causal,0.0078125,0.0732421875,0.009765625,0.0053536960869575295,0.05236349875435069,0.006692120108696912,historical_bias_feedback::normal,40
historical_bias_feedback,normal,avg_cost,stability_filtered,structural_causal,0.029296875,0.17578125,0.033482142857142856,0.023757138945318168,0.142542833671909,0.02715101593750648,historical_bias_feedback::normal,40
historical_bias_feedback,normal,fairness_gap_ses,stability_filtered,structural_causal,0.00732421875,0.0732421875,0.009450604838709678,0.004552475932765888,0.05007723526042477,0.006069967910354518,historical_bias_feedback::normal,40
historical_bias_feedback,surface_shift,success_rate,stability_filtered,structural_causal,0.6787109375,1.0,0.696113782051282,0.6853260516519135,1.0,0.7028985145147831,historical_bias_feedback::surface_shift,40
historical_bias_feedback,surface_shift,near_optimal_rate,stability_filtered,structural_causal,0.01318359375,0.1318359375,0.017011088709677418,0.010133267884732662,0.09595204639631835,0.012666584855915828,historical_bias_feedback::surface_shift,40
historical_bias_feedback,surface_shift,avg_cost,stability_filtered,structural_causal,0.0390625,0.3125,0.04734848484848485,0.039949852883112986,0.3195988230649039,0.048424064100743014,historical_bias_feedback::surface_shift,40
historical_bias_feedback,surface_shift,fairness_gap_ses,stability_filtered,structural_causal,0.1572265625,1.0,0.1796875,0.16656646404702155,1.0,0.19036167319659605,historical_bias_feedback::surface_shift,40
historical_bias_feedback,adversarial,success_rate,stability_filtered,structural_causal,0.51416015625,1.0,0.52734375,0.522288864936407,1.0,0.5356808871142636,historical_bias_feedback::adversarial,40
historical_bias_feedback,adversarial,near_optimal_rate,stability_filtered,structural_causal,0.0029296875,0.029296875,0.003780241935483871,0.0009322716194742646,0.009322716194742646,0.0012029311219022769,historical_bias_feedback::adversarial,40
historical_bias_feedback,adversarial,avg_cost,stability_filtered,structural_causal,0.0595703125,0.41796875,0.06919642857142858,0.05342366453795295,0.3205419872277177,0.061055616614803375,historical_bias_feedback::adversarial,40
historical_bias_feedback,adversarial,fairness_gap_ses,stability_filtered,structural_causal,0.361328125,1.0,0.3803453947368421,0.3681505128001479,1.0,0.38752685557910305,historical_bias_feedback::adversarial,40
historical_bias_feedback,degradation,success_rate_drop,stability_filtered,structural_causal,0.92724609375,0.92724609375,0.92724609375,0.9150352549115321,0.9150352549115321,0.9150352549115321,historical_bias_feedback::degradation,30
historical_bias_feedback,degradation,fairness_gap_increase,stability_filtered,structural_causal,0.07568359375,0.37841796875,0.0873272235576923,0.07659680672744033,0.3829840336372017,0.08838093083935424,historical_bias_feedback::degradation,30
historical_bias_feedback,degradation,near_optimal_rate_drop,stability_filtered,structural_causal,0.19580078125,0.5234375,0.20255253232758622,0.18355527592859236,0.5336956418252724,0.18988476820199207,historical_bias_feedback::degradation,30
historical_bias_feedback,overall,success_rate,stability_filtered,workflow,0.00048828125,0.01953125,0.0006510416666666666,1.55364248654814e-06,2.33046372982221e-05,2.3902192100740616e-06,historical_bias_feedback::overall,40
historical_bias_feedback,overall,near_optimal_rate,stability_filtered,workflow,0.00048828125,0.01953125,0.0006510416666666666,1.282640053146145e-15,4.745768196640736e-14,1.282640053146145e-14,historical_bias_feedback::overall,40
historical_bias_feedback,overall,avg_cost,stability_filtered,workflow,0.00048828125,0.01953125,0.0006510416666666666,5.766176931242102e-06,8.072647703738942e-05,8.542484342580893e-06,historical_bias_feedback::overall,40
historical_bias_feedback,overall,fairness_gap_ses,stability_filtered,workflow,0.00048828125,0.01953125,0.0006510416666666666,1.8303691572941894e-08,3.660738314588379e-07,3.486417442465123e-08,historical_bias_feedback::overall,40
historical_bias_feedback,normal,success_rate,stability_filtered,workflow,0.00048828125,0.01953125,0.00078125,6.384523754636153e-06,0.00012130595133808691,1.1608225008429369e-05,historical_bias_feedback::normal,40
historical_bias_feedback,normal,near_optimal_rate,stability_filtered,workflow,0.00048828125,0.01953125,0.00078125,4.3705282284228847e-13,1.6608007268006962e-11,5.827370971230512e-12,historical_bias_feedback::normal,40
historical_bias_feedback,normal,avg_cost,stability_filtered,workflow,0.00048828125,0.01953125,0.00078125,2.0026438871442942e-05,0.00034044946081453003,3.337739811907157e-05,historical_bias_feedback::normal,40
historical_bias_feedback,normal,fairness_gap_ses,stability_filtered,workflow,0.00146484375,0.01953125,0.0020926339285714285,0.0007598107451864355,0.010637350432610097,0.0011256455484243489,historical_bias_feedback::normal,40
historical_bias_feedback,surface_shift,success_rate,stability_filtered,workflow,0.00048828125,0.01953125,0.00078125,4.4788413989157864e-06,8.957682797831572e-05,8.47220504517463e-06,historical_bias_feedback::surface_shift,40
historical_bias_feedback,surface_shift,near_optimal_rate,stability_filtered,workflow,0.00048828125,0.01953125,0.00078125,4.269947322557733e-13,1.5798805093463614e-11,4.269947322557733e-12,historical_bias_feedback::surface_shift,40
historical_bias_feedback,surface_shift,avg_cost,stability_filtered,workflow,0.00048828125,0.01953125,0.00078125,1.178602788065059e-05,0.0002121485018517106,2.0497439792435807e-05,historical_bias_feedback::surface_shift,40
historical_bias_feedback,surface_shift,fairness_gap_ses,stability_filtered,workflow,0.0146484375,0.1318359375,0.018310546875,0.009595204639631835,0.09595204639631835,0.012380909212428175,historical_bias_feedback::surface_shift,40
historical_bias_feedback,adversarial,success_rate,stability_filtered,workflow,0.00048828125,0.01953125,0.0006975446428571429,2.1639616279875893e-07,3.9017596974379926e-06,3.763411526934938e-07,historical_bias_feedback::adversarial,40
historical_bias_feedback,adversarial,near_optimal_rate,stability_filtered,workflow,0.00048828125,0.01953125,0.0006975446428571429,2.6248821231588386e-13,9.187087431055935e-12,1.7499214154392256e-12,historical_bias_feedback::adversarial,40
historical_bias_feedback,adversarial,avg_cost,stability_filtered,workflow,0.00048828125,0.01953125,0.0006975446428571429,9.787730025751658e-07,1.4681595038627487e-05,1.505804619346409e-06,historical_bias_feedback::adversarial,40
historical_bias_feedback,adversarial,fairness_gap_ses,stability_filtered,workflow,0.00048828125,0.01953125,0.0006975446428571429,2.0535577354936805e-07,3.9017596974379926e-06,3.733741337261237e-07,historical_bias_feedback::adversarial,40
historical_bias_feedback,degradation,success_rate_drop,stability_filtered,workflow,0.00048828125,0.0146484375,0.0009765625,4.6856409250567395e-05,0.0007497025480090783,9.371281850113479e-05,historical_bias_feedback::degradation,30
historical_bias_feedback,degradation,fairness_gap_increase,stability_filtered,workflow,0.00244140625,0.03173828125,0.004069010416666667,0.001249824808487979,0.016247722510343725,0.002083041347479965,historical_bias_feedback::degradation,30
historical_bias_feedback,degradation,near_optimal_rate_drop,stability_filtered,workflow,0.00048828125,0.0146484375,0.0009765625,5.468007321992089e-06,0.00012576416840581804,2.0505027457470333e-05,historical_bias_feedback::degradation,30
historical_bias_feedback,overall,success_rate,structural_causal,workflow,0.00048828125,0.01953125,0.0006510416666666666,5.1221450854300575e-09,1.1780933696489132e-07,1.1382544634289016e-08,historical_bias_feedback::overall,40
historical_bias_feedback,overall,near_optimal_rate,structural_causal,workflow,0.00048828125,0.01953125,0.0006510416666666666,6.759569335930009e-15,2.298253574216203e-13,3.8626110491028624e-14,historical_bias_feedback::overall,40
historical_bias_feedback,overall,avg_cost,structural_causal,workflow,0.00048828125,0.01953125,0.0006510416666666666,1.0865807090475413e-08,2.390477559904591e-07,2.2875383348369293e-08,historical_bias_feedback::overall,40
historical_bias_feedback,overall,fairness_gap_ses,structural_causal,workflow,0.00048828125,0.01953125,0.0006510416666666666,1.2127719425734928e-08,2.546821079404335e-07,2.4255438851469857e-08,historical_bias_feedback::overall,40
historical_bias_feedback,normal,success_rate,structural_causal,workflow,0.00048828125,0.01953125,0.00078125,1.9287786021053995e-08,4.821946505263499e-07,4.821946505263499e-08,historical_bias_feedback::normal,40
historical_bias_feedback,normal,near_optimal_rate,structural_causal,workflow,0.00048828125,0.01953125,0.00078125,1.7954518313644464e-12,6.463626592912007e-11,1.4363614650915571e-11,historical_bias_feedback::normal,40
historical_bias_feedback,normal,avg_cost,structural_causal,workflow,0.00048828125,0.01953125,0.00078125,1.2265091492932384e-08,3.18892378816242e-07,3.270691064781969e-08,historical_bias_feedback::normal,40
historical_bias_feedback,normal,fairness_gap_ses,structural_causal,workflow,0.00048828125,0.01953125,0.00078125,5.438298065888684e-06,0.00010876596131777368,1.0358662982645113e-05,historical_bias_feedback::normal,40
historical_bias_feedback,surface_shift,success_rate,structural_causal,workflow,0.00048828125,0.01953125,0.00078125,5.515012887784291e-08,1.4890534797017587e-06,1.575717967938369e-07,historical_bias_feedback::surface_shift,40
historical_bias_feedback,surface_shift,near_optimal_rate,structural_causal,workflow,0.00048828125,0.01953125,0.00078125,1.0412232153850867e-12,3.748403575386312e-11,8.329785723080694e-12,historical_bias_feedback::surface_shift,40
historical_bias_feedback,surface_shift,avg_cost,structural_causal,workflow,0.00048828125,0.01953125,0.00078125,3.302430584676368e-08,9.246805637093831e-07,1.0161324875927287e-07,historical_bias_feedback::surface_shift,40
historical_bias_feedback,surface_shift,fairness_gap_ses,structural_causal,workflow,0.00146484375,0.02197265625,0.002170138888888889,0.0002661658131186584,0.0039924871967798765,0.00040948586633639755,historical_bias_feedback::surface_shift,40
historical_bias_feedback,adversarial,success_rate,structural_causal,workflow,0.00048828125,0.01953125,0.0006975446428571429,1.1877807591315684e-09,3.207008049655235e-08,3.3936593118044813e-09,historical_bias_feedback::adversarial,40
historical_bias_feedback,adversarial,near_optimal_rate,structural_causal,workflow,0.00048828125,0.01953125,0.0006975446428571429,1.0883381489708208e-12,3.373848261809544e-11,4.353352595883283e-12,historical_bias_feedback::adversarial,40
historical_bias_feedback,adversarial,avg_cost,structural_causal,workflow,0.00048828125,0.01953125,0.0006975446428571429,5.2695743154034e-09,1.370089322004884e-07,1.4052198174409068e-08,historical_bias_feedback::adversarial,40
historical_bias_feedback,adversarial,fairness_gap_ses,structural_causal,workflow,0.00048828125,0.01953125,0.0006975446428571429,6.435575769619299e-08,1.4801824270124388e-06,1.4301279488042887e-07,historical_bias_feedback::adversarial,40
historical_bias_feedback,degradation,success_rate_drop,structural_causal,workflow,0.00048828125,0.0146484375,0.0009765625,2.6236304874446283e-05,0.0004460171828655868,5.6220653302384894e-05,historical_bias_feedback::degradation,30
historical_bias_feedback,degradation,fairness_gap_increase,structural_causal,workflow,0.013671875,0.11865234375,0.017832880434782608,0.010402912244488692,0.08322329795590953,0.013569015971072207,historical_bias_feedback::degradation,30
historical_bias_feedback,degradation,near_optimal_rate_drop,structural_causal,workflow,0.00048828125,0.0146484375,0.0009765625,2.156071426254009e-05,0.0004096535709882617,5.390178565635023e-05,historical_bias_feedback::degradation,30
