scenario,slice,metric,agent_a,agent_b,mean_a,mean_b,paired_mean_difference,ci_lower,ci_upper,p_raw,cohen_dz,n_seeds
treatment_allocation_confounding,overall,success_rate,baseline,causal_light,0.6441666666666667,0.7066666666666666,-0.06250000000000001,-0.06778858264494413,-0.057211417355055895,0.00048828125,-7.508742535388292,12
treatment_allocation_confounding,overall,near_optimal_rate,baseline,causal_light,0.9325555555555556,0.9951944444444444,-0.06263888888888887,-0.06532765518393324,-0.059950122593844496,0.00048828125,-14.801900530093516,12
treatment_allocation_confounding,overall,avg_cost,baseline,causal_light,0.4325097222222221,0.3613125,0.0711972222222222,0.06635856606147204,0.07603587838297236,0.00048828125,9.348991810765822,12
treatment_allocation_confounding,overall,fairness_gap_ses,baseline,causal_light,0.06571667773088827,0.029540538523128174,0.0361761392077601,0.03311132871975491,0.03924094969576528,0.00048828125,7.499720569063313,12
treatment_allocation_confounding,normal,success_rate,baseline,causal_light,0.6503333333333333,0.7098333333333334,-0.05949999999999996,-0.06903824365149211,-0.049961756348507816,0.00048828125,-3.9634651595537407,12
treatment_allocation_confounding,normal,near_optimal_rate,baseline,causal_light,0.9474166666666665,0.9958333333333332,-0.04841666666666671,-0.05179460837034582,-0.0450387249629876,0.00048828125,-9.106871894196757,12
treatment_allocation_confounding,normal,avg_cost,baseline,causal_light,0.4185583333333333,0.35870833333333324,0.059850000000000014,0.052931429056000734,0.0667685709439993,0.00048828125,5.496348320251118,12
treatment_allocation_confounding,normal,fairness_gap_ses,baseline,causal_light,0.07637281643608342,0.044166135760856096,0.03220668067522733,0.02590880138064656,0.03850455996980809,0.00048828125,3.249212579876594,12
treatment_allocation_confounding,surface_shift,success_rate,baseline,causal_light,0.67625,0.7141666666666665,-0.037916666666666606,-0.04475690207090082,-0.03107643126243239,0.00048828125,-3.5219695260213064,12
treatment_allocation_confounding,surface_shift,near_optimal_rate,baseline,causal_light,0.9688333333333333,0.99825,-0.02941666666666669,-0.034041897212788115,-0.024791436120545268,0.00048828125,-4.0409787395158325,12
treatment_allocation_confounding,surface_shift,avg_cost,baseline,causal_light,0.3836583333333332,0.3458249999999999,0.03783333333333332,0.02924871810574549,0.04641794856092116,0.00048828125,2.8001433416993535,12
treatment_allocation_confounding,surface_shift,fairness_gap_ses,baseline,causal_light,0.01819440050903006,0.016862288114299528,0.0013321123947305318,-0.0034208104048301198,0.006085035194291184,0.54345703125,0.17807649554167038,12
treatment_allocation_confounding,adversarial,success_rate,baseline,causal_light,0.6059166666666665,0.6960000000000001,-0.09008333333333333,-0.09982697644219582,-0.08033969022447085,0.00048828125,-5.874211390338759,12
treatment_allocation_confounding,adversarial,near_optimal_rate,baseline,causal_light,0.8814166666666668,0.9915000000000003,-0.11008333333333331,-0.11549811424723268,-0.10466855241943394,0.00048828125,-12.917163998361955,12
treatment_allocation_confounding,adversarial,avg_cost,baseline,causal_light,0.4953124999999999,0.3794041666666666,0.11590833333333332,0.10733145405712909,0.12448521260953756,0.00048828125,8.586414608055064,12
treatment_allocation_confounding,adversarial,fairness_gap_ses,baseline,causal_light,0.10854271358594247,0.050582978451983375,0.05795973513395911,0.05154392649046048,0.06437554377745774,0.00048828125,5.739862398639622,12
treatment_allocation_confounding,degradation,success_rate_drop,baseline,causal_light,0.044416666666666695,0.013833333333333336,0.03058333333333336,0.015347803822904186,0.045818862843762534,0.00341796875,1.2754215679967298,12
treatment_allocation_confounding,degradation,fairness_gap_increase,baseline,causal_light,0.032169897149859066,0.006416842691127276,0.02575305445873179,0.014684017761987628,0.03682209115547595,0.00048828125,1.4782415676697203,12
treatment_allocation_confounding,degradation,near_optimal_rate_drop,baseline,causal_light,0.06599999999999995,0.0043333333333333375,0.06166666666666661,0.05431505806585515,0.06901827526747807,0.00048828125,5.329599662615781,12
treatment_allocation_confounding,overall,success_rate,baseline,stability_filtered,0.6441666666666667,0.6809999999999999,-0.03683333333333333,-0.06610641367453499,-0.007560252992131672,0.01318359375,-0.7994643273094008,12
treatment_allocation_confounding,overall,near_optimal_rate,baseline,stability_filtered,0.9325555555555556,0.9951111111111111,-0.06255555555555554,-0.06623089760111463,-0.058880213509996455,0.00048828125,-10.814205394024706,12
treatment_allocation_confounding,overall,avg_cost,baseline,stability_filtered,0.4325097222222221,0.3573333333333333,0.07517638888888885,0.01786596296485323,0.13248681481292446,0.00048828125,0.8334399532486995,12
treatment_allocation_confounding,overall,fairness_gap_ses,baseline,stability_filtered,0.06571667773088827,0.009468123617313754,0.056248554113574524,0.049814180333401376,0.06268292789374767,0.00048828125,5.554328589042516,12
treatment_allocation_confounding,normal,success_rate,baseline,stability_filtered,0.6503333333333333,0.6785000000000001,-0.028166666666666663,-0.05641654046739492,8.320713406159697e-05,0.0537109375,-0.6334982704458785,12
treatment_allocation_confounding,normal,near_optimal_rate,baseline,stability_filtered,0.9474166666666665,0.9951666666666666,-0.04775000000000004,-0.052731771317083745,-0.04276822868291634,0.00048828125,-6.089982987753539,12
treatment_allocation_confounding,normal,avg_cost,baseline,stability_filtered,0.4185583333333333,0.361475,0.057083333333333285,0.0017120285419848502,0.11245463812468172,0.06298828125,0.6550147190556065,12
treatment_allocation_confounding,normal,fairness_gap_ses,baseline,stability_filtered,0.07637281643608342,0.021093769598970316,0.05527904683711312,0.045493280590910345,0.0650648130833159,0.00048828125,3.589154882819983,12
treatment_allocation_confounding,surface_shift,success_rate,baseline,stability_filtered,0.67625,0.6831666666666666,-0.006916666666666654,-0.03588823024908325,0.022054896915749942,0.61083984375,-0.1516880621527825,12
treatment_allocation_confounding,surface_shift,near_optimal_rate,baseline,stability_filtered,0.9688333333333333,0.9974166666666666,-0.02858333333333336,-0.03309611199503301,-0.024070554671633708,0.00048828125,-4.024346178758913,12
treatment_allocation_confounding,surface_shift,avg_cost,baseline,stability_filtered,0.3836583333333332,0.35131249999999997,0.03234583333333329,-0.025626016631700117,0.0903176832983667,0.22705078125,0.35450933554412695,12
treatment_allocation_confounding,surface_shift,fairness_gap_ses,baseline,stability_filtered,0.01819440050903006,0.01710513497191832,0.0010892655371117377,-0.0035650047487967634,0.005743535823020239,0.615234375,0.1486992076561149,12
treatment_allocation_confounding,adversarial,success_rate,baseline,stability_filtered,0.6059166666666665,0.6813333333333333,-0.0754166666666667,-0.10981791849532903,-0.041015414838004374,0.00048828125,-1.3928988444369979,12
treatment_allocation_confounding,adversarial,near_optimal_rate,baseline,stability_filtered,0.8814166666666668,0.9927499999999999,-0.11133333333333333,-0.11827409892434249,-0.10439256774232417,0.00048828125,-10.191645901545792,12
treatment_allocation_confounding,adversarial,avg_cost,baseline,stability_filtered,0.4953124999999999,0.3592125,0.13609999999999992,0.07566278016816963,0.1965372198318302,0.00048828125,1.4308039761917655,12
treatment_allocation_confounding,adversarial,fairness_gap_ses,baseline,stability_filtered,0.10854271358594247,0.013753279935111365,0.09478943365083113,0.08250762433080766,0.1070712429708546,0.00048828125,4.9037019914118085,12
treatment_allocation_confounding,degradation,success_rate_drop,baseline,stability_filtered,0.044416666666666695,-0.0028333333333333357,0.047250000000000035,0.027587806797290015,0.06691219320271005,0.001953125,1.5268499000465738,12
treatment_allocation_confounding,degradation,fairness_gap_increase,baseline,stability_filtered,0.032169897149859066,-0.00734048966385895,0.03951038681371802,0.022315192879462042,0.056705580747973994,0.00146484375,1.4599255008130123,12
treatment_allocation_confounding,degradation,near_optimal_rate_drop,baseline,stability_filtered,0.06599999999999995,0.002416666666666669,0.06358333333333328,0.054378111092375093,0.07278855557429148,0.00048828125,4.388696064232676,12
treatment_allocation_confounding,overall,success_rate,baseline,structural_causal,0.6441666666666667,0.7071666666666666,-0.06300000000000001,-0.08645597542917621,-0.03954402457082382,0.00146484375,-1.7065284887654795,12
treatment_allocation_confounding,overall,near_optimal_rate,baseline,structural_causal,0.9325555555555556,0.9945277777777778,-0.061972222222222206,-0.0638567267919261,-0.06008771765251831,0.00048828125,-20.894229756391443,12
treatment_allocation_confounding,overall,avg_cost,baseline,structural_causal,0.4325097222222221,0.2769111111111111,0.15559861111111106,0.10155870327785457,0.20963851894436755,0.00146484375,1.8294376296015338,12
treatment_allocation_confounding,overall,fairness_gap_ses,baseline,structural_causal,0.06571667773088827,0.008826340589847057,0.05689033714104121,0.051141660957557865,0.06263901332452457,0.00048828125,6.287777319089278,12
treatment_allocation_confounding,normal,success_rate,baseline,structural_causal,0.6503333333333333,0.703,-0.05266666666666664,-0.07828759464149748,-0.027045738691835804,0.00244140625,-1.306073049558847,12
treatment_allocation_confounding,normal,near_optimal_rate,baseline,structural_causal,0.9474166666666665,0.9942500000000001,-0.04683333333333337,-0.05068227733855472,-0.04298438932811203,0.00048828125,-7.731076450103605,12
treatment_allocation_confounding,normal,avg_cost,baseline,structural_causal,0.4185583333333333,0.2642,0.1543583333333333,0.10087465669302803,0.20784200997363855,0.001953125,1.8337296937544951,12
treatment_allocation_confounding,normal,fairness_gap_ses,baseline,structural_causal,0.07637281643608342,0.018206603800395637,0.058166212635687796,0.045643343306126995,0.07068908196524859,0.00048828125,2.951164574412651,12
treatment_allocation_confounding,surface_shift,success_rate,baseline,structural_causal,0.67625,0.7045833333333333,-0.028333333333333304,-0.05690806385943763,0.00024139719277101526,0.05517578125,-0.630002131586785,12
treatment_allocation_confounding,surface_shift,near_optimal_rate,baseline,structural_causal,0.9688333333333333,0.9950833333333332,-0.026250000000000023,-0.030158474402712906,-0.02234152559728714,0.00048828125,-4.267254323269174,12
treatment_allocation_confounding,surface_shift,avg_cost,baseline,structural_causal,0.3836583333333332,0.27990833333333337,0.10374999999999995,0.04590014585251722,0.16159985414748268,0.0048828125,1.1394947494982055,12
treatment_allocation_confounding,surface_shift,fairness_gap_ses,baseline,structural_causal,0.01819440050903006,0.012886349081679826,0.005308051427350236,0.0010464542082027767,0.009569648646497696,0.0244140625,0.7913875484440666,12
treatment_allocation_confounding,adversarial,success_rate,baseline,structural_causal,0.6059166666666665,0.7139166666666666,-0.10800000000000003,-0.12807936369504289,-0.08792063630495717,0.00048828125,-3.4174352969351753,12
treatment_allocation_confounding,adversarial,near_optimal_rate,baseline,structural_causal,0.8814166666666668,0.99425,-0.11283333333333333,-0.11790062311300625,-0.1077660435536604,0.00048828125,-14.147775800739408,12
treatment_allocation_confounding,adversarial,avg_cost,baseline,structural_causal,0.4953124999999999,0.28662499999999996,0.20868749999999994,0.15315009284095402,0.2642249071590459,0.00048828125,2.387466725707458,12
treatment_allocation_confounding,adversarial,fairness_gap_ses,baseline,structural_causal,0.10854271358594247,0.01421730465675002,0.09432540892919249,0.0832603083378012,0.10539050952058378,0.00048828125,5.416263962847852,12
treatment_allocation_confounding,degradation,success_rate_drop,baseline,structural_causal,0.044416666666666695,-0.010916666666666686,0.05533333333333338,0.03839182644736698,0.07227484021929978,0.00048828125,2.0752063518001393,12
treatment_allocation_confounding,degradation,fairness_gap_increase,baseline,structural_causal,0.032169897149859066,-0.003989299143645619,0.03615919629350468,0.01862679350275986,0.0536915990842495,0.00146484375,1.3103998075590968,12
treatment_allocation_confounding,degradation,near_optimal_rate_drop,baseline,structural_causal,0.06599999999999995,0.0,0.06599999999999995,0.05754912716388618,0.07445087283611372,0.00048828125,4.962138252093335,12
treatment_allocation_confounding,overall,success_rate,baseline,workflow,0.6441666666666667,0.5816666666666667,0.06249999999999999,0.05654141462556095,0.06845858537443904,0.00048828125,6.6644350903081016,12
treatment_allocation_confounding,overall,near_optimal_rate,baseline,workflow,0.9325555555555556,0.8769722222222222,0.05558333333333334,0.05103634771145928,0.060130318955207394,0.00048828125,7.766896150003593,12
treatment_allocation_confounding,overall,avg_cost,baseline,workflow,0.4325097222222221,0.5379777777777778,-0.10546805555555556,-0.1107722989073014,-0.10016381220380972,0.00048828125,-12.633508879147323,12
treatment_allocation_confounding,overall,fairness_gap_ses,baseline,workflow,0.06571667773088827,0.030707268327268483,0.03500940940361979,0.03120597216613785,0.038812846641101725,0.00048828125,5.84837243720288,12
treatment_allocation_confounding,normal,success_rate,baseline,workflow,0.6503333333333333,0.5863333333333333,0.06400000000000004,0.05542411384006831,0.07257588615993177,0.00048828125,4.741627772414848,12
treatment_allocation_confounding,normal,near_optimal_rate,baseline,workflow,0.9474166666666665,0.8853333333333332,0.062083333333333275,0.05639745500311898,0.06776921166354756,0.00048828125,6.937515331391459,12
treatment_allocation_confounding,normal,avg_cost,baseline,workflow,0.4185583333333333,0.5310749999999999,-0.11251666666666667,-0.1199338527341305,-0.10509948059920284,0.00048828125,-9.638382894666705,12
treatment_allocation_confounding,normal,fairness_gap_ses,baseline,workflow,0.07637281643608342,0.03909311696198698,0.037279699474096456,0.03021257317625504,0.044346825771937874,0.00048828125,3.351629785614293,12
treatment_allocation_confounding,surface_shift,success_rate,baseline,workflow,0.67625,0.6024999999999999,0.07375000000000005,0.06780126020824107,0.07969873979175904,0.00048828125,7.87704893486256,12
treatment_allocation_confounding,surface_shift,near_optimal_rate,baseline,workflow,0.9688333333333333,0.8971666666666667,0.07166666666666661,0.0650785493073743,0.07825478402595892,0.00048828125,6.911660055300023,12
treatment_allocation_confounding,surface_shift,avg_cost,baseline,workflow,0.3836583333333332,0.5014,-0.11774166666666669,-0.12609872515315398,-0.1093846081801794,0.00048828125,-8.951652792241925,12
treatment_allocation_confounding,surface_shift,fairness_gap_ses,baseline,workflow,0.01819440050903006,0.016275822475081157,0.0019185780339489005,-0.0038016602744516985,0.0076388163423495,0.46533203125,0.2131041155670964,12
treatment_allocation_confounding,adversarial,success_rate,baseline,workflow,0.6059166666666665,0.5561666666666667,0.04974999999999997,0.037525042309011214,0.06197495769098872,0.00048828125,2.585664731410445,12
treatment_allocation_confounding,adversarial,near_optimal_rate,baseline,workflow,0.8814166666666668,0.8484166666666667,0.03300000000000003,0.025279895816349943,0.040720104183650116,0.00048828125,2.7159218558518203,12
treatment_allocation_confounding,adversarial,avg_cost,baseline,workflow,0.4953124999999999,0.5814583333333333,-0.08614583333333332,-0.09608681235406423,-0.07620485431260242,0.00048828125,-5.505941726210077,12
treatment_allocation_confounding,adversarial,fairness_gap_ses,baseline,workflow,0.10854271358594247,0.05436669204382455,0.054176021542117925,0.04734103799977262,0.06101100508446323,0.00048828125,5.03612066578383,12
treatment_allocation_confounding,degradation,success_rate_drop,baseline,workflow,0.044416666666666695,0.03016666666666663,0.014250000000000068,0.0016816318684470238,0.02681836813155311,0.0341796875,0.7203813533831561,12
treatment_allocation_confounding,degradation,fairness_gap_increase,baseline,workflow,0.032169897149859066,0.015273575081837583,0.016896322068021486,0.00554790373400855,0.028244740402034424,0.00146484375,0.9459830042728117,12
treatment_allocation_confounding,degradation,near_optimal_rate_drop,baseline,workflow,0.06599999999999995,0.0369166666666667,0.02908333333333325,0.020922049289922875,0.03724461737674362,0.00048828125,2.264186408434086,12
treatment_allocation_confounding,overall,success_rate,causal_light,stability_filtered,0.7066666666666666,0.6809999999999999,0.02566666666666669,-0.0024926298807629588,0.053825963214096335,0.07373046875,0.5791274631909774,12
treatment_allocation_confounding,overall,near_optimal_rate,causal_light,stability_filtered,0.9951944444444444,0.9951111111111111,8.333333333333341e-05,-0.002249198071834949,0.0024158647385016155,0.9658203125,0.02269957601715165,12
treatment_allocation_confounding,overall,avg_cost,causal_light,stability_filtered,0.3613125,0.3573333333333333,0.003979166666666642,-0.05245030717269516,0.06040864050602845,0.85986328125,0.04480356999293793,12
treatment_allocation_confounding,overall,fairness_gap_ses,causal_light,stability_filtered,0.029540538523128174,0.009468123617313754,0.02007241490581442,0.015634012065024218,0.024510817746604623,0.00048828125,2.873421913265819,12
treatment_allocation_confounding,normal,success_rate,causal_light,stability_filtered,0.7098333333333334,0.6785000000000001,0.031333333333333296,0.004515650417221663,0.05815101624944493,0.0302734375,0.7423553431227844,12
treatment_allocation_confounding,normal,near_optimal_rate,causal_light,stability_filtered,0.9958333333333332,0.9951666666666666,0.0006666666666666673,-0.002329855890870595,0.00366318922420393,0.6796875,0.14135711759841155,12
treatment_allocation_confounding,normal,avg_cost,causal_light,stability_filtered,0.35870833333333324,0.361475,-0.002766666666666716,-0.05819884006119245,0.05266550672785902,0.92333984375,-0.03171183858208224,12
treatment_allocation_confounding,normal,fairness_gap_ses,causal_light,stability_filtered,0.044166135760856096,0.021093769598970316,0.023072366161885783,0.016583188530364612,0.029561543793406954,0.00048828125,2.259066234061633,12
treatment_allocation_confounding,surface_shift,success_rate,causal_light,stability_filtered,0.7141666666666665,0.6831666666666666,0.030999999999999955,0.0010511086997987765,0.06094889130020113,0.04833984375,0.6576690973211328,12
treatment_allocation_confounding,surface_shift,near_optimal_rate,causal_light,stability_filtered,0.99825,0.9974166666666666,0.000833333333333334,-0.0009603567027953601,0.0026270233694620283,0.37890625,0.29518742300808587,12
treatment_allocation_confounding,surface_shift,avg_cost,causal_light,stability_filtered,0.3458249999999999,0.35131249999999997,-0.005487500000000037,-0.06310539791344756,0.052130397913447486,0.83984375,-0.060512293670460376,12
treatment_allocation_confounding,surface_shift,fairness_gap_ses,causal_light,stability_filtered,0.016862288114299528,0.01710513497191832,-0.00024284685761879424,-0.004002841502844464,0.003517147787606876,0.8837890625,-0.04103663609994629,12
treatment_allocation_confounding,adversarial,success_rate,causal_light,stability_filtered,0.6960000000000001,0.6813333333333333,0.014666666666666625,-0.015263020469135842,0.04459635380246909,0.31884765625,0.31135492235061224,12
treatment_allocation_confounding,adversarial,near_optimal_rate,causal_light,stability_filtered,0.9915000000000003,0.9927499999999999,-0.0012500000000000011,-0.00496593751953861,0.0024659375195386075,0.4990234375,-0.2137312871877292,12
treatment_allocation_confounding,adversarial,avg_cost,causal_light,stability_filtered,0.3794041666666666,0.3592125,0.020191666666666615,-0.03684065138559755,0.07722398471893077,0.45458984375,0.22494566896048684,12
treatment_allocation_confounding,adversarial,fairness_gap_ses,causal_light,stability_filtered,0.050582978451983375,0.013753279935111365,0.036829698516872005,0.02675144763244479,0.04690794940129922,0.00048828125,2.3218784985014036,12
treatment_allocation_confounding,degradation,success_rate_drop,causal_light,stability_filtered,0.013833333333333336,-0.0028333333333333357,0.016666666666666673,0.003915066470901767,0.02941826686243158,0.013671875,0.830444385506942,12
treatment_allocation_confounding,degradation,fairness_gap_increase,causal_light,stability_filtered,0.006416842691127276,-0.00734048966385895,0.01375733235498623,0.0014062192671498892,0.02610844544282257,0.037109375,0.7077088432997275,12
treatment_allocation_confounding,degradation,near_optimal_rate_drop,causal_light,stability_filtered,0.0043333333333333375,0.002416666666666669,0.0019166666666666683,-0.0016923870475022281,0.005525720380835565,0.30078125,0.33742692604748026,12
treatment_allocation_confounding,overall,success_rate,causal_light,structural_causal,0.7066666666666666,0.7071666666666666,-0.0004999999999999912,-0.024245639403319183,0.023245639403319203,0.96484375,-0.01337866032024615,12
treatment_allocation_confounding,overall,near_optimal_rate,causal_light,structural_causal,0.9951944444444444,0.9945277777777778,0.0006666666666666673,-0.0013364509169918556,0.0026697842503251904,0.517578125,0.2114602732299197,12
treatment_allocation_confounding,overall,avg_cost,causal_light,structural_causal,0.3613125,0.2769111111111111,0.08440138888888886,0.030884824346274257,0.13791795343150345,0.0087890625,1.0020464603196175,12
treatment_allocation_confounding,overall,fairness_gap_ses,causal_light,structural_causal,0.029540538523128174,0.008826340589847057,0.02071419793328112,0.016572537895629905,0.024855857970932333,0.00048828125,3.1777532063171727,12
treatment_allocation_confounding,normal,success_rate,causal_light,structural_causal,0.7098333333333334,0.703,0.006833333333333321,-0.015383691951159868,0.029050358617826507,0.5078125,0.1954218806439068,12
treatment_allocation_confounding,normal,near_optimal_rate,causal_light,structural_causal,0.9958333333333332,0.9942500000000001,0.0015833333333333348,-0.0015930337261643769,0.004759700392831047,0.35791015625,0.3167146573719004,12
treatment_allocation_confounding,normal,avg_cost,causal_light,structural_causal,0.35870833333333324,0.2642,0.0945083333333333,0.0414259988106796,0.147590667855987,0.00537109375,1.1312187140954864,12
treatment_allocation_confounding,normal,fairness_gap_ses,causal_light,structural_causal,0.044166135760856096,0.018206603800395637,0.025959531960460466,0.01655108812678742,0.03536797579413351,0.00146484375,1.753095410515215,12
treatment_allocation_confounding,surface_shift,success_rate,causal_light,structural_causal,0.7141666666666665,0.7045833333333333,0.009583333333333305,-0.017478368708663705,0.036645035375330315,0.45751953125,0.22500282850324022,12
treatment_allocation_confounding,surface_shift,near_optimal_rate,causal_light,structural_causal,0.99825,0.9950833333333332,0.0031666666666666696,0.0009026660912430312,0.005430667242090308,0.0126953125,0.8886941247777431,12
treatment_allocation_confounding,surface_shift,avg_cost,causal_light,structural_causal,0.3458249999999999,0.27990833333333337,0.06591666666666662,0.008569101627924881,0.12326423170540837,0.03369140625,0.7303091571790217,12
treatment_allocation_confounding,surface_shift,fairness_gap_ses,causal_light,structural_causal,0.016862288114299528,0.012886349081679826,0.0039759390326197025,-0.00026190837946015073,0.008213786444699556,0.06494140625,0.5961024299247921,12
treatment_allocation_confounding,adversarial,success_rate,causal_light,structural_causal,0.6960000000000001,0.7139166666666666,-0.017916666666666702,-0.042205380263268685,0.006372046929935281,0.13232421875,-0.46868298943402925,12
treatment_allocation_confounding,adversarial,near_optimal_rate,causal_light,structural_causal,0.9915000000000003,0.99425,-0.0027500000000000024,-0.004815506802230077,-0.0006844931977699276,0.01953125,-0.8459263548616169,12
treatment_allocation_confounding,adversarial,avg_cost,causal_light,structural_causal,0.3794041666666666,0.28662499999999996,0.09277916666666662,0.03989749839772266,0.14566083493561058,0.00537109375,1.1147354469939026,12
treatment_allocation_confounding,adversarial,fairness_gap_ses,causal_light,structural_causal,0.050582978451983375,0.01421730465675002,0.03636567379523336,0.029441108893305444,0.043290238697161275,0.00048828125,3.3367651420699693,12
treatment_allocation_confounding,degradation,success_rate_drop,causal_light,structural_causal,0.013833333333333336,-0.010916666666666686,0.024750000000000022,0.012266598790622222,0.03723340120937782,0.0009765625,1.2597047469369165,12
treatment_allocation_confounding,degradation,fairness_gap_increase,causal_light,structural_causal,0.006416842691127276,-0.003989299143645619,0.010406141834772894,0.0004442860964516907,0.0203679975730941,0.04443359375,0.6637063673204793,12
treatment_allocation_confounding,degradation,near_optimal_rate_drop,causal_light,structural_causal,0.0043333333333333375,0.0,0.0043333333333333375,0.0009458985663363855,0.0077207681003302895,0.015625,0.8127886836118807,12
treatment_allocation_confounding,overall,success_rate,causal_light,workflow,0.7066666666666666,0.5816666666666667,0.125,0.12182893291198413,0.12817106708801587,0.00048828125,25.045578889253306,12
treatment_allocation_confounding,overall,near_optimal_rate,causal_light,workflow,0.9951944444444444,0.8769722222222222,0.11822222222222219,0.1152649670844989,0.12117947735994547,0.00048828125,25.400181205331915,12
treatment_allocation_confounding,overall,avg_cost,causal_light,workflow,0.3613125,0.5379777777777778,-0.17666527777777777,-0.18014126218159313,-0.1731892933739624,0.00048828125,-32.29236649629302,12
treatment_allocation_confounding,overall,fairness_gap_ses,causal_light,workflow,0.029540538523128174,0.030707268327268483,-0.0011667298041403093,-0.003978594740085339,0.0016451351318047204,0.42138671875,-0.26363455135297864,12
treatment_allocation_confounding,normal,success_rate,causal_light,workflow,0.7098333333333334,0.5863333333333333,0.12349999999999998,0.11736673003154971,0.12963326996845026,0.00048828125,12.793853325985449,12
treatment_allocation_confounding,normal,near_optimal_rate,causal_light,workflow,0.9958333333333332,0.8853333333333332,0.11049999999999999,0.10537748581530473,0.11562251418469524,0.00048828125,13.705838172107521,12
treatment_allocation_confounding,normal,avg_cost,causal_light,workflow,0.35870833333333324,0.5310749999999999,-0.17236666666666667,-0.17753779909523285,-0.1671955342381005,0.00048828125,-21.178447200617985,12
treatment_allocation_confounding,normal,fairness_gap_ses,causal_light,workflow,0.044166135760856096,0.03909311696198698,0.005073018798869126,0.0007197262720265492,0.009426311325711702,0.029296875,0.7404148350179928,12
treatment_allocation_confounding,surface_shift,success_rate,causal_light,workflow,0.7141666666666665,0.6024999999999999,0.11166666666666665,0.1059046508898437,0.1174286824434896,0.00048828125,12.313332318589168,12
treatment_allocation_confounding,surface_shift,near_optimal_rate,causal_light,workflow,0.99825,0.8971666666666667,0.10108333333333334,0.09764082199628323,0.10452584467038346,0.00048828125,18.656521244493465,12
treatment_allocation_confounding,surface_shift,avg_cost,causal_light,workflow,0.3458249999999999,0.5014,-0.155575,-0.15992780934162812,-0.15122219065837186,0.00048828125,-22.70892918758094,12
treatment_allocation_confounding,surface_shift,fairness_gap_ses,causal_light,workflow,0.016862288114299528,0.016275822475081157,0.0005864656392183691,-0.005795336311009383,0.006968267589446121,0.84326171875,0.05838828793575608,12
treatment_allocation_confounding,adversarial,success_rate,causal_light,workflow,0.6960000000000001,0.5561666666666667,0.13983333333333334,0.13375818094068403,0.14590848572598264,0.00048828125,14.624466274385176,12
treatment_allocation_confounding,adversarial,near_optimal_rate,causal_light,workflow,0.9915000000000003,0.8484166666666667,0.14308333333333334,0.1369622922321468,0.1492043744345199,0.00048828125,14.852181395129612,12
treatment_allocation_confounding,adversarial,avg_cost,causal_light,workflow,0.3794041666666666,0.5814583333333333,-0.20205416666666665,-0.2084663867690472,-0.1956419465642861,0.00048828125,-20.02100530683365,12
treatment_allocation_confounding,adversarial,fairness_gap_ses,causal_light,workflow,0.050582978451983375,0.05436669204382455,-0.003783713591841183,-0.008966286336234978,0.0013988591525526126,0.134765625,-0.46387326147768987,12
treatment_allocation_confounding,degradation,success_rate_drop,causal_light,workflow,0.013833333333333336,0.03016666666666663,-0.016333333333333293,-0.023172898049539068,-0.009493768617127519,0.00244140625,-1.5173048759136696,12
treatment_allocation_confounding,degradation,fairness_gap_increase,causal_light,workflow,0.006416842691127276,0.015273575081837583,-0.008856732390710309,-0.014923922654865016,-0.0027895421265556027,0.0068359375,-0.9274967562960623,12
treatment_allocation_confounding,degradation,near_optimal_rate_drop,causal_light,workflow,0.0043333333333333375,0.0369166666666667,-0.03258333333333336,-0.038052066692032406,-0.027114599974634314,0.00048828125,-3.785604628021795,12
treatment_allocation_confounding,overall,success_rate,stability_filtered,structural_causal,0.6809999999999999,0.7071666666666666,-0.026166666666666682,-0.06859750626966878,0.01626417293633541,0.21044921875,-0.39182601555787133,12
treatment_allocation_confounding,overall,near_optimal_rate,stability_filtered,structural_causal,0.9951111111111111,0.9945277777777778,0.0005833333333333338,-0.001856850252739196,0.0030235169194058635,0.6318359375,0.15188706281096195,12
treatment_allocation_confounding,overall,avg_cost,stability_filtered,structural_causal,0.3573333333333333,0.2769111111111111,0.0804222222222222,-0.005420906404208378,0.1662653508486528,0.06689453125,0.5952467367531858,12
treatment_allocation_confounding,overall,fairness_gap_ses,stability_filtered,structural_causal,0.009468123617313754,0.008826340589847057,0.0006417830274666962,-0.003072677118226122,0.004356243173159514,0.705078125,0.10977893569994392,12
treatment_allocation_confounding,normal,success_rate,stability_filtered,structural_causal,0.6785000000000001,0.703,-0.024499999999999977,-0.06753363928118708,0.01853363928118713,0.22802734375,-0.3617299768170986,12
treatment_allocation_confounding,normal,near_optimal_rate,stability_filtered,structural_causal,0.9951666666666666,0.9942500000000001,0.0009166666666666675,-0.0024175339949530092,0.0042508673282863445,0.642578125,0.1746812122282987,12
treatment_allocation_confounding,normal,avg_cost,stability_filtered,structural_causal,0.361475,0.2642,0.09727500000000001,0.013356255717591525,0.1811937442824085,0.037109375,0.736493221667522,12
treatment_allocation_confounding,normal,fairness_gap_ses,stability_filtered,structural_causal,0.021093769598970316,0.018206603800395637,0.0028871657985746787,-0.006083330537455025,0.011857662134604383,0.49169921875,0.2044945521394384,12
treatment_allocation_confounding,surface_shift,success_rate,stability_filtered,structural_causal,0.6831666666666666,0.7045833333333333,-0.02141666666666665,-0.06458395403192566,0.021750620698592352,0.291015625,-0.31522714615980485,12
treatment_allocation_confounding,surface_shift,near_optimal_rate,stability_filtered,structural_causal,0.9974166666666666,0.9950833333333332,0.0023333333333333353,0.00028194093101201493,0.004384725735654656,0.01171875,0.7226941411865924,12
treatment_allocation_confounding,surface_shift,avg_cost,stability_filtered,structural_causal,0.35131249999999997,0.27990833333333337,0.07140416666666664,-0.019512020874451363,0.16232035420778465,0.11083984375,0.4990095193818754,12
treatment_allocation_confounding,surface_shift,fairness_gap_ses,stability_filtered,structural_causal,0.01710513497191832,0.012886349081679826,0.004218785890238497,0.00043369815462306234,0.008003873625853931,0.03173828125,0.7081708164287326,12
treatment_allocation_confounding,adversarial,success_rate,stability_filtered,structural_causal,0.6813333333333333,0.7139166666666666,-0.032583333333333325,-0.0764514229721976,0.011284756305530955,0.12255859375,-0.47192532162985346,12
treatment_allocation_confounding,adversarial,near_optimal_rate,stability_filtered,structural_causal,0.9927499999999999,0.99425,-0.0015000000000000013,-0.004535058102385843,0.0015350581023858396,0.359375,-0.314015250727163,12
treatment_allocation_confounding,adversarial,avg_cost,stability_filtered,structural_causal,0.3592125,0.28662499999999996,0.07258750000000001,-0.01244218181689849,0.15761718181689852,0.0849609375,0.5423976215534304,12
treatment_allocation_confounding,adversarial,fairness_gap_ses,stability_filtered,structural_causal,0.013753279935111365,0.01421730465675002,-0.000464024721638654,-0.008326813833333497,0.007398764390056189,0.89990234375,-0.03749652166831726,12
treatment_allocation_confounding,degradation,success_rate_drop,stability_filtered,structural_causal,-0.0028333333333333357,-0.010916666666666686,0.00808333333333335,-0.010069403819473863,0.026236070486140566,0.361328125,0.2829273034328508,12
treatment_allocation_confounding,degradation,fairness_gap_increase,stability_filtered,structural_causal,-0.00734048966385895,-0.003989299143645619,-0.0033511905202133333,-0.017303697296960702,0.010601316256534035,0.62158203125,-0.15260661808481957,12
treatment_allocation_confounding,degradation,near_optimal_rate_drop,stability_filtered,structural_causal,0.002416666666666669,0.0,0.002416666666666669,-0.000569120212972344,0.005402453546305682,0.115234375,0.5142620040456338,12
treatment_allocation_confounding,overall,success_rate,stability_filtered,workflow,0.6809999999999999,0.5816666666666667,0.09933333333333332,0.07267333737463191,0.12599332929203472,0.00048828125,2.367344280135263,12
treatment_allocation_confounding,overall,near_optimal_rate,stability_filtered,workflow,0.9951111111111111,0.8769722222222222,0.11813888888888886,0.11438329223415535,0.12189448554362238,0.00048828125,19.986669441730093,12
treatment_allocation_confounding,overall,avg_cost,stability_filtered,workflow,0.3573333333333333,0.5379777777777778,-0.1806444444444444,-0.23572114441051512,-0.1255677444783737,0.00048828125,-2.083930305463778,12
treatment_allocation_confounding,overall,fairness_gap_ses,stability_filtered,workflow,0.009468123617313754,0.030707268327268483,-0.021239144709954732,-0.02666678651447637,-0.015811502905433095,0.00048828125,-2.4862931673639097,12
treatment_allocation_confounding,normal,success_rate,stability_filtered,workflow,0.6785000000000001,0.5863333333333333,0.09216666666666669,0.0671157298816784,0.11721760345165498,0.00048828125,2.3376333861162415,12
treatment_allocation_confounding,normal,near_optimal_rate,stability_filtered,workflow,0.9951666666666666,0.8853333333333332,0.10983333333333334,0.10394842833773528,0.1157182383289314,0.00048828125,11.858266311929565,12
treatment_allocation_confounding,normal,avg_cost,stability_filtered,workflow,0.361475,0.5310749999999999,-0.16959999999999995,-0.2209523518056572,-0.11824764819434269,0.00048828125,-2.098417992201473,12
treatment_allocation_confounding,normal,fairness_gap_ses,stability_filtered,workflow,0.021093769598970316,0.03909311696198698,-0.017999347363016657,-0.024563621439509492,-0.011435073286523822,0.00048828125,-1.7421941212211656,12
treatment_allocation_confounding,surface_shift,success_rate,stability_filtered,workflow,0.6831666666666666,0.6024999999999999,0.0806666666666667,0.05271521424539979,0.10861811908793362,0.00048828125,1.8336490714452653,12
treatment_allocation_confounding,surface_shift,near_optimal_rate,stability_filtered,workflow,0.9974166666666666,0.8971666666666667,0.10024999999999996,0.0964947652868796,0.10400523471312033,0.00048828125,16.96187216530014,12
treatment_allocation_confounding,surface_shift,avg_cost,stability_filtered,workflow,0.35131249999999997,0.5014,-0.1500875,-0.20796109954102376,-0.09221390045897626,0.00048828125,-1.6477469641276434,12
treatment_allocation_confounding,surface_shift,fairness_gap_ses,stability_filtered,workflow,0.01710513497191832,0.016275822475081157,0.0008293124968371631,-0.0047642090039090364,0.0064228339975833625,0.74755859375,0.09420184077998925,12
treatment_allocation_confounding,adversarial,success_rate,stability_filtered,workflow,0.6813333333333333,0.5561666666666667,0.12516666666666668,0.09586337393839521,0.15446995939493813,0.00048828125,2.7139307040118945,12
treatment_allocation_confounding,adversarial,near_optimal_rate,stability_filtered,workflow,0.9927499999999999,0.8484166666666667,0.14433333333333334,0.1376073935496122,0.15105927311705447,0.00048828125,13.634529570571194,12
treatment_allocation_confounding,adversarial,avg_cost,stability_filtered,workflow,0.3592125,0.5814583333333333,-0.22224583333333325,-0.2795341086526337,-0.16495755801403283,0.00048828125,-2.46487199776822,12
treatment_allocation_confounding,adversarial,fairness_gap_ses,stability_filtered,workflow,0.013753279935111365,0.05436669204382455,-0.0406134121087132,-0.05053137370997073,-0.030695450507455667,0.00048828125,-2.6017978280506537,12
treatment_allocation_confounding,degradation,success_rate_drop,stability_filtered,workflow,-0.0028333333333333357,0.03016666666666663,-0.03299999999999997,-0.04687800571372473,-0.019121994286275205,0.00048828125,-1.5108222401935336,12
treatment_allocation_confounding,degradation,fairness_gap_increase,stability_filtered,workflow,-0.00734048966385895,0.015273575081837583,-0.022614064745696535,-0.03379867317222043,-0.011429456319172642,0.00244140625,-1.2846485722841614,12
treatment_allocation_confounding,degradation,near_optimal_rate_drop,stability_filtered,workflow,0.002416666666666669,0.0369166666666667,-0.03450000000000003,-0.04038282589113623,-0.028617174108863826,0.00048828125,-3.7261436286680385,12
treatment_allocation_confounding,overall,success_rate,structural_causal,workflow,0.7071666666666666,0.5816666666666667,0.12550000000000003,0.09976909256318597,0.15123090743681408,0.00048828125,3.0989538925314157,12
treatment_allocation_confounding,overall,near_optimal_rate,structural_causal,workflow,0.9945277777777778,0.8769722222222222,0.11755555555555557,0.11372803654595737,0.12138307456515376,0.00048828125,19.51426926677992,12
treatment_allocation_confounding,overall,avg_cost,structural_causal,workflow,0.2769111111111111,0.5379777777777778,-0.2610666666666666,-0.3160617387635336,-0.20607159456979962,0.00048828125,-3.0161583583276546,12
treatment_allocation_confounding,overall,fairness_gap_ses,structural_causal,workflow,0.008826340589847057,0.030707268327268483,-0.021880927737421427,-0.026928116921467418,-0.016833738553375437,0.00048828125,-2.754499129717623,12
treatment_allocation_confounding,normal,success_rate,structural_causal,workflow,0.703,0.5863333333333333,0.11666666666666668,0.09081757007990283,0.14251576325343052,0.00048828125,2.8676616713781833,12
treatment_allocation_confounding,normal,near_optimal_rate,structural_causal,workflow,0.9942500000000001,0.8853333333333332,0.10891666666666666,0.10265338312115543,0.11517995021217789,0.00048828125,11.048892795923027,12
treatment_allocation_confounding,normal,avg_cost,structural_causal,workflow,0.2642,0.5310749999999999,-0.266875,-0.32117825714708137,-0.21257174285291855,0.00048828125,-3.122543549209706,12
treatment_allocation_confounding,normal,fairness_gap_ses,structural_causal,workflow,0.018206603800395637,0.03909311696198698,-0.020886513161591343,-0.0317876881386033,-0.00998533818457939,0.00341796875,-1.2173602721578105,12
treatment_allocation_confounding,surface_shift,success_rate,structural_causal,workflow,0.7045833333333333,0.6024999999999999,0.10208333333333335,0.07515213560702345,0.12901453105964325,0.00048828125,2.4083836240988665,12
treatment_allocation_confounding,surface_shift,near_optimal_rate,structural_causal,workflow,0.9950833333333332,0.8971666666666667,0.09791666666666665,0.09405225941955002,0.10178107391378328,0.00048828125,16.09904906648552,12
treatment_allocation_confounding,surface_shift,avg_cost,structural_causal,workflow,0.27990833333333337,0.5014,-0.22149166666666664,-0.27910430588316015,-0.1638790274501731,0.00048828125,-2.4426773865880844,12
treatment_allocation_confounding,surface_shift,fairness_gap_ses,structural_causal,workflow,0.012886349081679826,0.016275822475081157,-0.003389473393401334,-0.009391864540555748,0.002612917753753079,0.25048828125,-0.358785123690811,12
treatment_allocation_confounding,adversarial,success_rate,structural_causal,workflow,0.7139166666666666,0.5561666666666667,0.15775,0.12988693006335367,0.18561306993664634,0.00048828125,3.5972191292599733,12
treatment_allocation_confounding,adversarial,near_optimal_rate,structural_causal,workflow,0.99425,0.8484166666666667,0.14583333333333334,0.13941736730585164,0.15224929936081505,0.00048828125,14.441797073914328,12
treatment_allocation_confounding,adversarial,avg_cost,structural_causal,workflow,0.28662499999999996,0.5814583333333333,-0.2948333333333332,-0.35084674367955615,-0.2388199229871103,0.00048828125,-3.344344892696619,12
treatment_allocation_confounding,adversarial,fairness_gap_ses,structural_causal,workflow,0.01421730465675002,0.05436669204382455,-0.04014938738707454,-0.04793793253309848,-0.032360842241050604,0.00048828125,-3.275284823066641,12
treatment_allocation_confounding,degradation,success_rate_drop,structural_causal,workflow,-0.010916666666666686,0.03016666666666663,-0.04108333333333331,-0.05623431988784358,-0.02593234677882304,0.00048828125,-1.7228650134750982,12
treatment_allocation_confounding,degradation,fairness_gap_increase,structural_causal,workflow,-0.003989299143645619,0.015273575081837583,-0.0192628742254832,-0.03140791714278812,-0.007117831308178281,0.0048828125,-1.0077400678632031,12
treatment_allocation_confounding,degradation,near_optimal_rate_drop,structural_causal,workflow,0.0,0.0369166666666667,-0.0369166666666667,-0.0435940051801778,-0.030239328153155606,0.00048828125,-3.5127365356325635,12
missing_data_bias,overall,success_rate,baseline,causal_light,0.5955833333333334,0.7030833333333333,-0.1075,-0.11303571071273105,-0.10196428928726894,0.00048828125,-12.338477375758137,12
missing_data_bias,overall,near_optimal_rate,baseline,causal_light,0.9499166666666667,0.9978333333333333,-0.047916666666666684,-0.051586225613464015,-0.04424710771986935,0.00048828125,-8.296582221244192,12
missing_data_bias,overall,avg_cost,baseline,causal_light,0.5123333333333334,0.35861805555555554,0.1537152777777778,0.14824518107175821,0.15918537448379738,0.00048828125,17.854534065503174,12
missing_data_bias,overall,fairness_gap_ses,baseline,causal_light,0.018172878607046427,0.008173068099359162,0.009999810507687263,0.005887831328715148,0.014111789686659378,0.00146484375,1.5451382896345405,12
missing_data_bias,normal,success_rate,baseline,causal_light,0.615,0.7009166666666666,-0.08591666666666664,-0.09395562079963919,-0.07787771253369409,0.00048828125,-6.790540751112613,12
missing_data_bias,normal,near_optimal_rate,baseline,causal_light,0.9665833333333333,0.9990833333333335,-0.03250000000000003,-0.03644934081748942,-0.02855065918251064,0.00048828125,-5.228597832508984,12
missing_data_bias,normal,avg_cost,baseline,causal_light,0.48451666666666665,0.3631624999999999,0.1213541666666667,0.11191625347889093,0.13079207985444247,0.00048828125,8.16968300056352,12
missing_data_bias,normal,fairness_gap_ses,baseline,causal_light,0.021084560048577023,0.015338338866074294,0.0057462211825027275,-0.0008123628100802742,0.01230480517508573,0.0810546875,0.5566711900272788,12
missing_data_bias,surface_shift,success_rate,baseline,causal_light,0.6039166666666665,0.7034166666666666,-0.09949999999999999,-0.11021258027636166,-0.08878741972363832,0.00048828125,-5.9014058479121445,12
missing_data_bias,surface_shift,near_optimal_rate,baseline,causal_light,0.9571666666666667,0.9985833333333334,-0.041416666666666706,-0.04625897296793892,-0.03657436036539449,0.00048828125,-5.4343721592456395,12
missing_data_bias,surface_shift,avg_cost,baseline,causal_light,0.5026583333333333,0.36164166666666664,0.14101666666666668,0.13384642200616714,0.14818691132716622,0.00048828125,12.495768226939878,12
missing_data_bias,surface_shift,fairness_gap_ses,baseline,causal_light,0.02530672075913273,0.017627668474903543,0.007679052284229191,-0.0005499976011104565,0.01590810216956884,0.0634765625,0.592904055363579,12
missing_data_bias,adversarial,success_rate,baseline,causal_light,0.5678333333333333,0.7049166666666666,-0.13708333333333333,-0.1457843698453827,-0.12838229682128396,0.00048828125,-10.010140115753108,12
missing_data_bias,adversarial,near_optimal_rate,baseline,causal_light,0.9260000000000002,0.9958333333333332,-0.0698333333333333,-0.07497967329395856,-0.06468699337270804,0.00048828125,-8.621658014153104,12
missing_data_bias,adversarial,avg_cost,baseline,causal_light,0.5498249999999999,0.3510499999999999,0.198775,0.19223574825068357,0.20531425174931645,0.00048828125,19.313464971256305,12
missing_data_bias,adversarial,fairness_gap_ses,baseline,causal_light,0.02088413566266431,0.015154837040244439,0.005729298622419871,-0.003622528507370832,0.015081125752210572,0.2119140625,0.3892525625008933,12
missing_data_bias,degradation,success_rate_drop,baseline,causal_light,0.04716666666666667,-0.0040000000000000036,0.05116666666666667,0.036683497767645235,0.06564983556568811,0.00048828125,2.2446571760838365,12
missing_data_bias,degradation,fairness_gap_increase,baseline,causal_light,-0.0002004243859127132,-0.0001835018258298576,-1.6922560082856773e-05,-0.009614464381173006,0.00958061926100729,0.998046875,-0.001120295374489437,12
missing_data_bias,degradation,near_optimal_rate_drop,baseline,causal_light,0.04058333333333328,0.003250000000000003,0.037333333333333274,0.03173281102037688,0.04293385564628967,0.00048828125,4.23540287877102,12
missing_data_bias,overall,success_rate,baseline,stability_filtered,0.5955833333333334,0.71625,-0.12066666666666664,-0.14497063207249886,-0.09636270126083443,0.00048828125,-3.1545445770149856,12
missing_data_bias,overall,near_optimal_rate,baseline,stability_filtered,0.9499166666666667,0.9952777777777779,-0.04536111111111112,-0.048846394297546544,-0.0418758279246757,0.00048828125,-8.269363905835181,12
missing_data_bias,overall,avg_cost,baseline,stability_filtered,0.5123333333333334,0.27853888888888895,0.2337944444444444,0.18179667215896794,0.28579221672992083,0.00048828125,2.856774368143676,12
missing_data_bias,overall,fairness_gap_ses,baseline,stability_filtered,0.018172878607046427,0.007705008785349241,0.010467869821697185,0.005953472672523502,0.014982266970870869,0.00048828125,1.4732791457704855,12
missing_data_bias,normal,success_rate,baseline,stability_filtered,0.615,0.7148333333333333,-0.09983333333333333,-0.1264594286713465,-0.07320723799532017,0.00048828125,-2.382289741686861,12
missing_data_bias,normal,near_optimal_rate,baseline,stability_filtered,0.9665833333333333,0.9971666666666666,-0.03058333333333336,-0.03461506073338906,-0.026551605933277662,0.00048828125,-4.819701584284586,12
missing_data_bias,normal,avg_cost,baseline,stability_filtered,0.48451666666666665,0.27889166666666665,0.20562500000000003,0.1530693457039568,0.25818065429604325,0.00048828125,2.485896022165651,12
missing_data_bias,normal,fairness_gap_ses,baseline,stability_filtered,0.021084560048577023,0.015878558010538137,0.005206002038038883,0.0009430339821214521,0.009468970093956315,0.02587890625,0.7759232168176596,12
missing_data_bias,surface_shift,success_rate,baseline,stability_filtered,0.6039166666666665,0.7169166666666668,-0.11299999999999999,-0.13625834940469977,-0.08974165059530022,0.00048828125,-3.086924760601067,12
missing_data_bias,surface_shift,near_optimal_rate,baseline,stability_filtered,0.9571666666666667,0.9968333333333331,-0.039666666666666704,-0.04466467976889972,-0.03466865356443369,0.00048828125,-5.0426033469358105,12
missing_data_bias,surface_shift,avg_cost,baseline,stability_filtered,0.5026583333333333,0.27335000000000004,0.22930833333333334,0.17774585301344928,0.2808708136532174,0.00048828125,2.8256120176505592,12
missing_data_bias,surface_shift,fairness_gap_ses,baseline,stability_filtered,0.02530672075913273,0.015168553589094913,0.010138167170037822,0.0005828935500183721,0.019693440790057273,0.0205078125,0.6741286917636319,12
missing_data_bias,adversarial,success_rate,baseline,stability_filtered,0.5678333333333333,0.7170000000000001,-0.1491666666666667,-0.17532273828247746,-0.12301059505085594,0.00048828125,-3.623479081716906,12
missing_data_bias,adversarial,near_optimal_rate,baseline,stability_filtered,0.9260000000000002,0.9918333333333335,-0.0658333333333333,-0.07102935182521436,-0.060637314841452246,0.00048828125,-8.050106919582174,12
missing_data_bias,adversarial,avg_cost,baseline,stability_filtered,0.5498249999999999,0.283375,0.26645,0.21389898697253507,0.319001013027465,0.00048828125,3.221522163618455,12
missing_data_bias,adversarial,fairness_gap_ses,baseline,stability_filtered,0.02088413566266431,0.01518857305367662,0.0056955626089876905,-0.0007097659300979824,0.012100891148073363,0.078125,0.5649652179350767,12
missing_data_bias,degradation,success_rate_drop,baseline,stability_filtered,0.04716666666666667,-0.0021666666666666687,0.04933333333333334,0.035091634928317794,0.06357503173834889,0.00048828125,2.2009246147085686,12
missing_data_bias,degradation,fairness_gap_increase,baseline,stability_filtered,-0.0002004243859127132,-0.0006899849568615203,0.0004895605709488072,-0.0073160154695232,0.008295136611420815,0.89501953125,0.03984996690559631,12
missing_data_bias,degradation,near_optimal_rate_drop,baseline,stability_filtered,0.04058333333333328,0.005333333333333338,0.03524999999999994,0.02879814582719568,0.0417018541728042,0.00048828125,3.4713713110136766,12
missing_data_bias,overall,success_rate,baseline,structural_causal,0.5955833333333334,0.7056388888888888,-0.11005555555555553,-0.13522023249313625,-0.08489087861797481,0.00048828125,-2.7787348152930273,12
missing_data_bias,overall,near_optimal_rate,baseline,structural_causal,0.9499166666666667,0.9954166666666667,-0.04550000000000002,-0.049036435829981205,-0.041963564170018834,0.00048828125,-8.174705314413623,12
missing_data_bias,overall,avg_cost,baseline,structural_causal,0.5123333333333334,0.28272499999999995,0.22960833333333333,0.17492595188000187,0.2842907147866648,0.00048828125,2.667882617410134,12
missing_data_bias,overall,fairness_gap_ses,baseline,structural_causal,0.018172878607046427,0.007226850780042354,0.010946027827004072,0.0065420197029343674,0.015350035951073777,0.0009765625,1.5791919728571606,12
missing_data_bias,normal,success_rate,baseline,structural_causal,0.615,0.7061666666666665,-0.09116666666666666,-0.11751286847684683,-0.06482046485648649,0.00048828125,-2.198591543178946,12
missing_data_bias,normal,near_optimal_rate,baseline,structural_causal,0.9665833333333333,0.9957499999999998,-0.02916666666666669,-0.03387349919959844,-0.02445983413373494,0.00048828125,-3.937173407115257,12
missing_data_bias,normal,avg_cost,baseline,structural_causal,0.48451666666666665,0.28177083333333336,0.20274583333333332,0.14503414920431584,0.2604575174623508,0.00048828125,2.232105312402611,12
missing_data_bias,normal,fairness_gap_ses,baseline,structural_causal,0.021084560048577023,0.018600658476664544,0.002483901571912478,-0.004551740584102314,0.00951954372792727,0.44677734375,0.22431438809756407,12
missing_data_bias,surface_shift,success_rate,baseline,structural_causal,0.6039166666666665,0.7054166666666667,-0.10149999999999999,-0.12855090725834403,-0.07444909274165595,0.00048828125,-2.3840244117473333,12
missing_data_bias,surface_shift,near_optimal_rate,baseline,structural_causal,0.9571666666666667,0.9960833333333333,-0.038916666666666704,-0.04328901018222866,-0.03454432315110475,0.00048828125,-5.655198463672209,12
missing_data_bias,surface_shift,avg_cost,baseline,structural_causal,0.5026583333333333,0.28575,0.21690833333333334,0.16307001645233277,0.2707466502143339,0.00048828125,2.559830765762689,12
missing_data_bias,surface_shift,fairness_gap_ses,baseline,structural_causal,0.02530672075913273,0.01276457815968487,0.012542142599447864,0.0034650760133999193,0.021619209185495807,0.0126953125,0.8779154748170238,12
missing_data_bias,adversarial,success_rate,baseline,structural_causal,0.5678333333333333,0.7053333333333334,-0.13749999999999998,-0.16384434444915208,-0.11115565555084789,0.00048828125,-3.3162082349872195,12
missing_data_bias,adversarial,near_optimal_rate,baseline,structural_causal,0.9260000000000002,0.9944166666666666,-0.06841666666666664,-0.0737974525961236,-0.06303588073720968,0.00048828125,-8.078722453918562,12
missing_data_bias,adversarial,avg_cost,baseline,structural_causal,0.5498249999999999,0.2806541666666667,0.2691708333333333,0.2132829260945271,0.3250587405721395,0.00048828125,3.0601072157180607,12
missing_data_bias,adversarial,fairness_gap_ses,baseline,structural_causal,0.02088413566266431,0.016398867694755917,0.004485267967908396,-0.003717469953584009,0.012688005889400802,0.251953125,0.3474209871908655,12
missing_data_bias,degradation,success_rate_drop,baseline,structural_causal,0.04716666666666667,0.0008333333333333156,0.04633333333333336,0.03043331101443707,0.06223335565222965,0.00048828125,1.8514939741866732,12
missing_data_bias,degradation,fairness_gap_increase,baseline,structural_causal,-0.0002004243859127132,-0.0022017907819086306,0.0020013663959959167,-0.007432963810512626,0.011435696602504458,0.64697265625,0.13478514249752455,12
missing_data_bias,degradation,near_optimal_rate_drop,baseline,structural_causal,0.04058333333333328,0.0013333333333333346,0.039249999999999945,0.032596520671053585,0.045903479328946305,0.00048828125,3.7481532585716044,12
missing_data_bias,overall,success_rate,baseline,workflow,0.5955833333333334,0.6311111111111111,-0.03552777777777777,-0.0398592055586458,-0.03119634999690974,0.00048828125,-5.2115085833443695,12
missing_data_bias,overall,near_optimal_rate,baseline,workflow,0.9499166666666667,0.9755277777777778,-0.02561111111111113,-0.02859103104786264,-0.02263119117435962,0.00048828125,-5.460725121538602,12
missing_data_bias,overall,avg_cost,baseline,workflow,0.5123333333333334,0.46299166666666663,0.04934166666666667,0.04442707996754344,0.0542562533657899,0.00048828125,6.379010330175226,12
missing_data_bias,overall,fairness_gap_ses,baseline,workflow,0.018172878607046427,0.018218300144678883,-4.542153763245641e-05,-0.002805838884643214,0.0027149958093783014,0.96923828125,-0.010454748154205213,12
missing_data_bias,normal,success_rate,baseline,workflow,0.615,0.6466666666666667,-0.0316666666666667,-0.03900828440179636,-0.024325048931537033,0.00048828125,-2.7405458612275218,12
missing_data_bias,normal,near_optimal_rate,baseline,workflow,0.9665833333333333,0.9843333333333332,-0.017750000000000016,-0.023087414797876002,-0.012412585202124028,0.00048828125,-2.1129727362696857,12
missing_data_bias,normal,avg_cost,baseline,workflow,0.48451666666666665,0.44236249999999994,0.04215416666666668,0.0339052262756678,0.05040310705766556,0.00048828125,3.2468994107174853,12
missing_data_bias,normal,fairness_gap_ses,baseline,workflow,0.021084560048577023,0.022022171704444888,-0.000937611655867862,-0.007383890396186378,0.005508667084450653,0.751953125,-0.09241456173744966,12
missing_data_bias,surface_shift,success_rate,baseline,workflow,0.6039166666666665,0.6369166666666667,-0.03300000000000002,-0.03924886241653251,-0.02675113758346753,0.00048828125,-3.355362669908659,12
missing_data_bias,surface_shift,near_optimal_rate,baseline,workflow,0.9571666666666667,0.9796666666666664,-0.02250000000000002,-0.026504708109831732,-0.018495291890168308,0.00048828125,-3.5697527941639944,12
missing_data_bias,surface_shift,avg_cost,baseline,workflow,0.5026583333333333,0.45685,0.045808333333333374,0.03962922268307645,0.0519874439835903,0.00048828125,4.710261407248408,12
missing_data_bias,surface_shift,fairness_gap_ses,baseline,workflow,0.02530672075913273,0.025198109637362357,0.00010861112177038001,-0.0064783122989073,0.00669553454244806,0.97119140625,0.010476547254667214,12
missing_data_bias,adversarial,success_rate,baseline,workflow,0.5678333333333333,0.6097499999999999,-0.041916666666666665,-0.0488050199977419,-0.03502831333559143,0.00048828125,-3.866320165908256,12
missing_data_bias,adversarial,near_optimal_rate,baseline,workflow,0.9260000000000002,0.9625833333333332,-0.03658333333333327,-0.0423461452069353,-0.03082052145973125,0.00048828125,-4.033437421043595,12
missing_data_bias,adversarial,avg_cost,baseline,workflow,0.5498249999999999,0.48976250000000005,0.06006250000000001,0.05411173818086596,0.06601326181913406,0.00048828125,6.412942242527726,12
missing_data_bias,adversarial,fairness_gap_ses,baseline,workflow,0.02088413566266431,0.022021686639026383,-0.0011375509763620736,-0.007486940127717286,0.005211838174993138,0.6962890625,-0.1138322744033911,12
missing_data_bias,degradation,success_rate_drop,baseline,workflow,0.04716666666666667,0.0369166666666667,0.010249999999999973,-0.0006278859980451967,0.021127885998045142,0.0673828125,0.5986953068163865,12
missing_data_bias,degradation,fairness_gap_increase,baseline,workflow,-0.0002004243859127132,-4.850654185009224e-07,-0.00019993932049421187,-0.010128112773079095,0.00972823413209067,0.96240234375,-0.012795443608404287,12
missing_data_bias,degradation,near_optimal_rate_drop,baseline,workflow,0.04058333333333328,0.02175000000000002,0.018833333333333258,0.010296764993021314,0.0273699016736452,0.00146484375,1.4017493487212163,12
missing_data_bias,overall,success_rate,causal_light,stability_filtered,0.7030833333333333,0.71625,-0.01316666666666666,-0.040717489984539446,0.01438415665120613,0.3037109375,-0.30364613015853936,12
missing_data_bias,overall,near_optimal_rate,causal_light,stability_filtered,0.9978333333333333,0.9952777777777779,0.002555555555555561,0.0016375525323421923,0.0034735585787689293,0.00048828125,1.7687551056197428,12
missing_data_bias,overall,avg_cost,causal_light,stability_filtered,0.35861805555555554,0.27853888888888895,0.0800791666666666,0.025780146804200987,0.13437818652913222,0.01318359375,0.9370311879546125,12
missing_data_bias,overall,fairness_gap_ses,causal_light,stability_filtered,0.008173068099359162,0.007705008785349241,0.0004680593140099221,-0.0033196296331619033,0.004255748261181747,0.787109375,0.07851507981286533,12
missing_data_bias,normal,success_rate,causal_light,stability_filtered,0.7009166666666666,0.7148333333333333,-0.013916666666666688,-0.039298882625030146,0.011465549291696773,0.24658203125,-0.3483631280718151,12
missing_data_bias,normal,near_optimal_rate,causal_light,stability_filtered,0.9990833333333335,0.9971666666666666,0.0019166666666666683,0.00096040858199869,0.0028729247513346466,0.001953125,1.2734971031749038,12
missing_data_bias,normal,avg_cost,causal_light,stability_filtered,0.3631624999999999,0.27889166666666665,0.0842708333333333,0.031585783157617064,0.13695588350904953,0.00830078125,1.0162870272933764,12
missing_data_bias,normal,fairness_gap_ses,causal_light,stability_filtered,0.015338338866074294,0.015878558010538137,-0.0005402191444638446,-0.006362767070337631,0.005282328781409942,0.841796875,-0.05894994309645872,12
missing_data_bias,surface_shift,success_rate,causal_light,stability_filtered,0.7034166666666666,0.7169166666666668,-0.01350000000000002,-0.041254028028786055,0.014254028028786015,0.3046875,-0.3090539063386888,12
missing_data_bias,surface_shift,near_optimal_rate,causal_light,stability_filtered,0.9985833333333334,0.9968333333333331,0.0017500000000000016,-4.9647741858318585e-05,0.0035496477418583217,0.0703125,0.6178414402787977,12
missing_data_bias,surface_shift,avg_cost,causal_light,stability_filtered,0.36164166666666664,0.27335000000000004,0.08829166666666662,0.03214784075374605,0.14443549257958718,0.00830078125,0.9991810805819978,12
missing_data_bias,surface_shift,fairness_gap_ses,causal_light,stability_filtered,0.017627668474903543,0.015168553589094913,0.00245911488580863,-0.0028665697891617574,0.007784799560779017,0.3525390625,0.29337956553142525,12
missing_data_bias,adversarial,success_rate,causal_light,stability_filtered,0.7049166666666666,0.7170000000000001,-0.012083333333333354,-0.04332348510372754,0.01915681843706083,0.412109375,-0.24575372675229243,12
missing_data_bias,adversarial,near_optimal_rate,causal_light,stability_filtered,0.9958333333333332,0.9918333333333335,0.0040000000000000036,0.0015022175520924396,0.0064977824479075675,0.00341796875,1.0174940381383366,12
missing_data_bias,adversarial,avg_cost,causal_light,stability_filtered,0.3510499999999999,0.283375,0.06767499999999997,0.013091221047912042,0.1222587789520879,0.02685546875,0.7877549780434627,12
missing_data_bias,adversarial,fairness_gap_ses,causal_light,stability_filtered,0.015154837040244439,0.01518857305367662,-3.373601343218136e-05,-0.007966114613207391,0.007898642586343027,0.98828125,-0.002702195821403448,12
missing_data_bias,degradation,success_rate_drop,causal_light,stability_filtered,-0.0040000000000000036,-0.0021666666666666687,-0.001833333333333335,-0.013438288240464542,0.009771621573797873,0.7470703125,-0.10037474820797868,12
missing_data_bias,degradation,fairness_gap_increase,causal_light,stability_filtered,-0.0001835018258298576,-0.0006899849568615203,0.0005064831310316632,-0.0075017377370828475,0.008514703999146174,0.89404296875,0.040184209938796005,12
missing_data_bias,degradation,near_optimal_rate_drop,causal_light,stability_filtered,0.003250000000000003,0.005333333333333338,-0.002083333333333335,-0.004904810953432219,0.0007381442867655497,0.154296875,-0.4691466766104927,12
missing_data_bias,overall,success_rate,causal_light,structural_causal,0.7030833333333333,0.7056388888888888,-0.002555555555555561,-0.02918330994130242,0.024072198830191297,0.8388671875,-0.06097857561552923,12
missing_data_bias,overall,near_optimal_rate,causal_light,structural_causal,0.9978333333333333,0.9954166666666667,0.0024166666666666594,0.0008784536978253296,0.00395487963550799,0.00439453125,0.9982211666911905,12
missing_data_bias,overall,avg_cost,causal_light,structural_causal,0.35861805555555554,0.28272499999999995,0.07589305555555552,0.020588230436483147,0.1311978806746279,0.02001953125,0.8718976486209091,12
missing_data_bias,overall,fairness_gap_ses,causal_light,structural_causal,0.008173068099359162,0.007226850780042354,0.0009462173193168101,-0.0023790796931454335,0.004271514331779054,0.53564453125,0.1807952192137033,12
missing_data_bias,normal,success_rate,causal_light,structural_causal,0.7009166666666666,0.7061666666666665,-0.005250000000000005,-0.030601351859068274,0.020101351859068264,0.658203125,-0.13157842141974382,12
missing_data_bias,normal,near_optimal_rate,causal_light,structural_causal,0.9990833333333335,0.9957499999999998,0.003333333333333336,0.001110227163562045,0.005556439503104627,0.00390625,0.952675579132743,12
missing_data_bias,normal,avg_cost,causal_light,structural_causal,0.3631624999999999,0.28177083333333336,0.08139166666666663,0.025235481221871518,0.13754785211146173,0.01416015625,0.9208922826845709,12
missing_data_bias,normal,fairness_gap_ses,causal_light,structural_causal,0.015338338866074294,0.018600658476664544,-0.0032623196105902503,-0.012057192185409649,0.005532552964229149,0.43310546875,-0.23568038914852857,12
missing_data_bias,surface_shift,success_rate,causal_light,structural_causal,0.7034166666666666,0.7054166666666667,-0.002000000000000011,-0.028830908313008857,0.024830908313008833,0.87939453125,-0.047361027059980555,12
missing_data_bias,surface_shift,near_optimal_rate,causal_light,structural_causal,0.9985833333333334,0.9960833333333333,0.0025000000000000022,0.0009319224030229383,0.0040680775969770665,0.0009765625,1.0129755194401664,12
missing_data_bias,surface_shift,avg_cost,causal_light,structural_causal,0.36164166666666664,0.28575,0.07589166666666664,0.020474601093614153,0.13130873223971912,0.01806640625,0.8701158031770305,12
missing_data_bias,surface_shift,fairness_gap_ses,causal_light,structural_causal,0.017627668474903543,0.01276457815968487,0.00486309031521867,-0.0005945787193991133,0.010320759349836454,0.078125,0.5661501555755919,12
missing_data_bias,adversarial,success_rate,causal_light,structural_causal,0.7049166666666666,0.7053333333333334,-0.00041666666666668556,-0.030341601935162804,0.02950826860182943,0.9794921875,-0.008846714866540496,12
missing_data_bias,adversarial,near_optimal_rate,causal_light,structural_causal,0.9958333333333332,0.9944166666666666,0.0014166666666666679,-0.0008574426087155447,0.00369077594204888,0.2421875,0.3958064226693347,12
missing_data_bias,adversarial,avg_cost,causal_light,structural_causal,0.3510499999999999,0.2806541666666667,0.07039583333333331,0.013507503955404655,0.12728416271126197,0.02685546875,0.7862311849072579,12
missing_data_bias,adversarial,fairness_gap_ses,causal_light,structural_causal,0.015154837040244439,0.016398867694755917,-0.0012440306545114773,-0.008734983352036492,0.006246922043013537,0.7216796875,-0.10551653439818402,12
missing_data_bias,degradation,success_rate_drop,causal_light,structural_causal,-0.0040000000000000036,0.0008333333333333156,-0.004833333333333319,-0.017336440582448154,0.007669773915781515,0.4150390625,-0.24561522408519965,12
missing_data_bias,degradation,fairness_gap_increase,causal_light,structural_causal,-0.0001835018258298576,-0.0022017907819086306,0.002018288956078772,-0.008715716237785396,0.012752294149942939,0.70751953125,0.1194670209116928,12
missing_data_bias,degradation,near_optimal_rate_drop,causal_light,structural_causal,0.003250000000000003,0.0013333333333333346,0.0019166666666666683,-0.000878675514527641,0.004712008847860978,0.1796875,0.43565038616916335,12
missing_data_bias,overall,success_rate,causal_light,workflow,0.7030833333333333,0.6311111111111111,0.07197222222222222,0.06882379303621973,0.0751206514082247,0.00048828125,14.524375689613477,12
missing_data_bias,overall,near_optimal_rate,causal_light,workflow,0.9978333333333333,0.9755277777777778,0.02230555555555555,0.0201829286917049,0.0244281824194062,0.00048828125,6.67676175232406,12
missing_data_bias,overall,avg_cost,causal_light,workflow,0.35861805555555554,0.46299166666666663,-0.10437361111111114,-0.10645206980395065,-0.10229515241827163,0.00048828125,-31.906252881252342,12
missing_data_bias,overall,fairness_gap_ses,causal_light,workflow,0.008173068099359162,0.018218300144678883,-0.01004523204531972,-0.014722083798686295,-0.0053683802919531455,0.001953125,-1.36468639169052,12
missing_data_bias,normal,success_rate,causal_light,workflow,0.7009166666666666,0.6466666666666667,0.05424999999999996,0.05061393076989777,0.057886069230102144,0.00048828125,9.479689014772246,12
missing_data_bias,normal,near_optimal_rate,causal_light,workflow,0.9990833333333335,0.9843333333333332,0.014750000000000013,0.011932861448397267,0.01756713855160276,0.00048828125,3.3266744664575083,12
missing_data_bias,normal,avg_cost,causal_light,workflow,0.3631624999999999,0.44236249999999994,-0.0792,-0.08290203538860173,-0.07549796461139828,0.00048828125,-13.592868234410519,12
missing_data_bias,normal,fairness_gap_ses,causal_light,workflow,0.015338338866074294,0.022022171704444888,-0.00668383283837059,-0.011808782550806406,-0.0015588831259347735,0.013671875,-0.8286334537808796,12
missing_data_bias,surface_shift,success_rate,causal_light,workflow,0.7034166666666666,0.6369166666666667,0.06649999999999996,0.05870656086828407,0.07429343913171585,0.00048828125,5.421494091789743,12
missing_data_bias,surface_shift,near_optimal_rate,causal_light,workflow,0.9985833333333334,0.9796666666666664,0.018916666666666682,0.014803831019967914,0.023029502313365452,0.00048828125,2.922333304258776,12
missing_data_bias,surface_shift,avg_cost,causal_light,workflow,0.36164166666666664,0.45685,-0.09520833333333334,-0.10018234201834597,-0.09023432464832071,0.00048828125,-12.16171760280691,12
missing_data_bias,surface_shift,fairness_gap_ses,causal_light,workflow,0.017627668474903543,0.025198109637362357,-0.007570441162458811,-0.01345238002020843,-0.0016885023047091916,0.01904296875,-0.8177624675561053,12
missing_data_bias,adversarial,success_rate,causal_light,workflow,0.7049166666666666,0.6097499999999999,0.09516666666666666,0.08928800119040102,0.1010453321429323,0.00048828125,10.285670359741388,12
missing_data_bias,adversarial,near_optimal_rate,causal_light,workflow,0.9958333333333332,0.9625833333333332,0.03325000000000003,0.02862741508861309,0.037872584911386974,0.00048828125,4.570179349571278,12
missing_data_bias,adversarial,avg_cost,causal_light,workflow,0.3510499999999999,0.48976250000000005,-0.1387125,-0.1426987255886459,-0.13472627441135407,0.00048828125,-22.10956600262095,12
missing_data_bias,adversarial,fairness_gap_ses,causal_light,workflow,0.015154837040244439,0.022021686639026383,-0.0068668495987819446,-0.01689059882939967,0.003156899631835782,0.15869140625,-0.43526508715726436,12
missing_data_bias,degradation,success_rate_drop,causal_light,workflow,-0.0040000000000000036,0.0369166666666667,-0.040916666666666705,-0.047994221083788494,-0.03383911224954492,0.00048828125,-3.6731910734049293,12
missing_data_bias,degradation,fairness_gap_increase,causal_light,workflow,-0.0001835018258298576,-4.850654185009224e-07,-0.00018301676041135596,-0.011388327736151288,0.011022294215328575,0.97412109375,-0.010377516705259673,12
missing_data_bias,degradation,near_optimal_rate_drop,causal_light,workflow,0.003250000000000003,0.02175000000000002,-0.018500000000000016,-0.02487388112113536,-0.012126118878864675,0.0009765625,-1.8441415822133667,12
missing_data_bias,overall,success_rate,stability_filtered,structural_causal,0.71625,0.7056388888888888,0.010611111111111099,-0.005284251497191812,0.02650647371941401,0.17822265625,0.4241475023255561,12
missing_data_bias,overall,near_optimal_rate,stability_filtered,structural_causal,0.9952777777777779,0.9954166666666667,-0.00013888888888890136,-0.001712050811377181,0.0014342730335993785,0.87548828125,-0.05609453715172173,12
missing_data_bias,overall,avg_cost,stability_filtered,structural_causal,0.27853888888888895,0.28272499999999995,-0.004186111111111096,-0.054254267822221564,0.045882045599999366,0.951171875,-0.05312214953575994,12
missing_data_bias,overall,fairness_gap_ses,stability_filtered,structural_causal,0.007705008785349241,0.007226850780042354,0.0004781580053068878,-0.001730780264504066,0.0026870962751178416,0.6533203125,0.1375353519278204,12
missing_data_bias,normal,success_rate,stability_filtered,structural_causal,0.7148333333333333,0.7061666666666665,0.008666666666666684,-0.005343810134671558,0.022677143468004923,0.208984375,0.39302997094654035,12
missing_data_bias,normal,near_optimal_rate,stability_filtered,structural_causal,0.9971666666666666,0.9957499999999998,0.0014166666666666679,-0.0008085020730578833,0.003641835406391219,0.25,0.4045118201505961,12
missing_data_bias,normal,avg_cost,stability_filtered,structural_causal,0.27889166666666665,0.28177083333333336,-0.002879166666666664,-0.052750892109836876,0.04699255877650355,0.94970703125,-0.03668080878513293,12
missing_data_bias,normal,fairness_gap_ses,stability_filtered,structural_causal,0.015878558010538137,0.018600658476664544,-0.0027221004661264043,-0.007645403097929307,0.002201202165676499,0.2431640625,-0.35129673135797856,12
missing_data_bias,surface_shift,success_rate,stability_filtered,structural_causal,0.7169166666666668,0.7054166666666667,0.01150000000000001,-0.007510000038016877,0.030510000038016898,0.228515625,0.3843635660000635,12
missing_data_bias,surface_shift,near_optimal_rate,stability_filtered,structural_causal,0.9968333333333331,0.9960833333333333,0.0007500000000000007,-0.001453068440397969,0.0029530684403979704,0.52001953125,0.2163016167623087,12
missing_data_bias,surface_shift,avg_cost,stability_filtered,structural_causal,0.27335000000000004,0.28575,-0.012399999999999987,-0.06437193054833287,0.039571930548332905,0.70947265625,-0.1515930626348753,12
missing_data_bias,surface_shift,fairness_gap_ses,stability_filtered,structural_causal,0.015168553589094913,0.01276457815968487,0.002403975429410041,-0.0016457333890575808,0.006453684247877662,0.22119140625,0.3771661582095497,12
missing_data_bias,adversarial,success_rate,stability_filtered,structural_causal,0.7170000000000001,0.7053333333333334,0.011666666666666667,-0.006004324259058369,0.0293376575923917,0.1962890625,0.4194810796586605,12
missing_data_bias,adversarial,near_optimal_rate,stability_filtered,structural_causal,0.9918333333333335,0.9944166666666666,-0.0025833333333333355,-0.00510245171134122,-6.421495532545063e-05,0.0546875,-0.6515659234570527,12
missing_data_bias,adversarial,avg_cost,stability_filtered,structural_causal,0.283375,0.2806541666666667,0.00272083333333333,-0.04848720874603956,0.053928875412706224,0.986328125,0.03375905334541791,12
missing_data_bias,adversarial,fairness_gap_ses,stability_filtered,structural_causal,0.01518857305367662,0.016398867694755917,-0.0012102946410792951,-0.005654135580927883,0.0032335462987692926,0.55712890625,-0.1730450162565147,12
missing_data_bias,degradation,success_rate_drop,stability_filtered,structural_causal,-0.0021666666666666687,0.0008333333333333156,-0.002999999999999984,-0.015588427057806184,0.009588427057806216,0.654296875,-0.15141757212648638,12
missing_data_bias,degradation,fairness_gap_increase,stability_filtered,structural_causal,-0.0006899849568615203,-0.0022017907819086306,0.0015118058250471092,-0.0051378114358465055,0.008161423085940724,0.619140625,0.14445276422299588,12
missing_data_bias,degradation,near_optimal_rate_drop,stability_filtered,structural_causal,0.005333333333333338,0.0013333333333333346,0.0040000000000000036,0.0006053502412996159,0.007394649758700391,0.03564453125,0.7486718601230631,12
missing_data_bias,overall,success_rate,stability_filtered,workflow,0.71625,0.6311111111111111,0.08513888888888888,0.05886833214283699,0.11140944563494076,0.00048828125,2.0591367642380676,12
missing_data_bias,overall,near_optimal_rate,stability_filtered,workflow,0.9952777777777779,0.9755277777777778,0.01974999999999999,0.01778983799334775,0.02171016200665223,0.00048828125,6.4017929549416435,12
missing_data_bias,overall,avg_cost,stability_filtered,workflow,0.27853888888888895,0.46299166666666663,-0.1844527777777778,-0.23868461373905533,-0.13022094181650026,0.00048828125,-2.1610130224459243,12
missing_data_bias,overall,fairness_gap_ses,stability_filtered,workflow,0.007705008785349241,0.018218300144678883,-0.010513291359329643,-0.015407846883098753,-0.005618735835560533,0.0009765625,-1.3647463209535597,12
missing_data_bias,normal,success_rate,stability_filtered,workflow,0.7148333333333333,0.6466666666666667,0.06816666666666664,0.04119955131726512,0.09513378201606816,0.001953125,1.6060684698766685,12
missing_data_bias,normal,near_optimal_rate,stability_filtered,workflow,0.9971666666666666,0.9843333333333332,0.012833333333333344,0.010382519813286008,0.01528414685338068,0.00048828125,3.327022199232931,12
missing_data_bias,normal,avg_cost,stability_filtered,workflow,0.27889166666666665,0.44236249999999994,-0.16347083333333332,-0.2179283548097299,-0.10901331185693672,0.00048828125,-1.9072555901628157,12
missing_data_bias,normal,fairness_gap_ses,stability_filtered,workflow,0.015878558010538137,0.022022171704444888,-0.006143613693906744,-0.012155373770857326,-0.00013185361695616186,0.04296875,-0.6493050058215821,12
missing_data_bias,surface_shift,success_rate,stability_filtered,workflow,0.7169166666666668,0.6369166666666667,0.07999999999999999,0.05551183883316302,0.10448816116683696,0.00048828125,2.075679535100672,12
missing_data_bias,surface_shift,near_optimal_rate,stability_filtered,workflow,0.9968333333333331,0.9796666666666664,0.01716666666666668,0.013242184260240562,0.0210911490730928,0.00048828125,2.7792657739034237,12
missing_data_bias,surface_shift,avg_cost,stability_filtered,workflow,0.27335000000000004,0.45685,-0.18349999999999997,-0.23731051182535873,-0.1296894881746412,0.00048828125,-2.1666833053568473,12
missing_data_bias,surface_shift,fairness_gap_ses,stability_filtered,workflow,0.015168553589094913,0.025198109637362357,-0.010029556048267442,-0.018381382192618943,-0.0016777299039159432,0.01220703125,-0.7630038964277865,12
missing_data_bias,adversarial,success_rate,stability_filtered,workflow,0.7170000000000001,0.6097499999999999,0.10725000000000003,0.07816885928516484,0.1363311407148352,0.00048828125,2.3432161631534636,12
missing_data_bias,adversarial,near_optimal_rate,stability_filtered,workflow,0.9918333333333335,0.9625833333333332,0.029250000000000026,0.025758093201299216,0.032741906798700836,0.00048828125,5.3221819555041865,12
missing_data_bias,adversarial,avg_cost,stability_filtered,workflow,0.283375,0.48976250000000005,-0.20638749999999995,-0.2612643212859642,-0.1515106787140357,0.00048828125,-2.389576478201993,12
missing_data_bias,adversarial,fairness_gap_ses,stability_filtered,workflow,0.01518857305367662,0.022021686639026383,-0.006833113585349764,-0.012928990657000119,-0.0007372365136994108,0.033203125,-0.7122114162032935,12
missing_data_bias,degradation,success_rate_drop,stability_filtered,workflow,-0.0021666666666666687,0.0369166666666667,-0.039083333333333366,-0.04832039502569258,-0.02984627164097415,0.00048828125,-2.6883403085076463,12
missing_data_bias,degradation,fairness_gap_increase,stability_filtered,workflow,-0.0006899849568615203,-4.850654185009224e-07,-0.0006894998914430197,-0.009753119129768301,0.008374119346882262,0.86376953125,-0.04833470150494525,12
missing_data_bias,degradation,near_optimal_rate_drop,stability_filtered,workflow,0.005333333333333338,0.02175000000000002,-0.01641666666666668,-0.021104944581615145,-0.011728388751718217,0.00048828125,-2.2248366151060015,12
missing_data_bias,overall,success_rate,structural_causal,workflow,0.7056388888888888,0.6311111111111111,0.07452777777777778,0.04888768530765403,0.10016787024790152,0.00146484375,1.8468221563203497,12
missing_data_bias,overall,near_optimal_rate,structural_causal,workflow,0.9954166666666667,0.9755277777777778,0.01988888888888889,0.01795974336952702,0.02181803440825076,0.00048828125,6.550463398332608,12
missing_data_bias,overall,avg_cost,structural_causal,workflow,0.28272499999999995,0.46299166666666663,-0.1802666666666667,-0.23576899020127687,-0.1247643431320565,0.00048828125,-2.0636248780514928,12
missing_data_bias,overall,fairness_gap_ses,structural_causal,workflow,0.007226850780042354,0.018218300144678883,-0.01099144936463653,-0.01551702360379284,-0.0064658751254802185,0.0009765625,-1.5431486430314383,12
missing_data_bias,normal,success_rate,structural_causal,workflow,0.7061666666666665,0.6466666666666667,0.05949999999999996,0.033844478955370565,0.08515552104462937,0.001953125,1.4735423354006518,12
missing_data_bias,normal,near_optimal_rate,structural_causal,workflow,0.9957499999999998,0.9843333333333332,0.011416666666666677,0.007921258331063323,0.014912075002270032,0.0009765625,2.075237921831356,12
missing_data_bias,normal,avg_cost,structural_causal,workflow,0.28177083333333336,0.44236249999999994,-0.16059166666666663,-0.21728135278597083,-0.10390198054736244,0.001953125,-1.7998878459614198,12
missing_data_bias,normal,fairness_gap_ses,structural_causal,workflow,0.018600658476664544,0.022022171704444888,-0.0034215132277803403,-0.010169720230946224,0.003326693775385544,0.28564453125,-0.32214865203512194,12
missing_data_bias,surface_shift,success_rate,structural_causal,workflow,0.7054166666666667,0.6369166666666667,0.06849999999999998,0.04120194869329337,0.09579805130670659,0.001953125,1.5943564283390528,12
missing_data_bias,surface_shift,near_optimal_rate,structural_causal,workflow,0.9960833333333333,0.9796666666666664,0.01641666666666668,0.012648423957154199,0.02018490937617916,0.00048828125,2.7680415437782755,12
missing_data_bias,surface_shift,avg_cost,structural_causal,workflow,0.28575,0.45685,-0.17109999999999995,-0.2264930444338963,-0.11570695556610358,0.00146484375,-1.9625524217499013,12
missing_data_bias,surface_shift,fairness_gap_ses,structural_causal,workflow,0.01276457815968487,0.025198109637362357,-0.01243353147767748,-0.021217935416175553,-0.003649127539179408,0.005859375,-0.8993084861153496,12
missing_data_bias,adversarial,success_rate,structural_causal,workflow,0.7053333333333334,0.6097499999999999,0.09558333333333335,0.06879012319698563,0.12237654346968108,0.00048828125,2.266647120846228,12
missing_data_bias,adversarial,near_optimal_rate,structural_causal,workflow,0.9944166666666666,0.9625833333333332,0.03183333333333336,0.027325640258308078,0.03634102640835864,0.00048828125,4.486981413768673,12
missing_data_bias,adversarial,avg_cost,structural_causal,workflow,0.2806541666666667,0.48976250000000005,-0.20910833333333334,-0.2665831286712892,-0.15163353799537746,0.00048828125,-2.311641052159889,12
missing_data_bias,adversarial,fairness_gap_ses,structural_causal,workflow,0.016398867694755917,0.022021686639026383,-0.005622818944270469,-0.012364563059840239,0.0011189251712993018,0.09423828125,-0.5299175781936197,12
missing_data_bias,degradation,success_rate_drop,structural_causal,workflow,0.0008333333333333156,0.0369166666666667,-0.036083333333333384,-0.045095156860640064,-0.027071509806026704,0.00048828125,-2.5440196590943027,12
missing_data_bias,degradation,fairness_gap_increase,structural_causal,workflow,-0.0022017907819086306,-4.850654185009224e-07,-0.002201305716490129,-0.013080417255296132,0.008677805822315872,0.66650390625,-0.12856223780875622,12
missing_data_bias,degradation,near_optimal_rate_drop,structural_causal,workflow,0.0013333333333333346,0.02175000000000002,-0.020416666666666684,-0.027431721065799445,-0.013401612267533922,0.00048828125,-1.8491846788652662,12
historical_bias_feedback,overall,success_rate,baseline,causal_light,0.6095277777777778,0.6852777777777778,-0.07575,-0.0791423967221751,-0.0723576032778249,0.00048828125,-14.18738955278994,12
historical_bias_feedback,overall,near_optimal_rate,baseline,causal_light,0.9127222222222223,0.993111111111111,-0.08038888888888888,-0.08339469598973018,-0.07738308178804759,0.00048828125,-16.992661699313086,12
historical_bias_feedback,overall,avg_cost,baseline,causal_light,0.4921513888888889,0.3883152777777778,0.10383611111111109,0.10021355306538685,0.10745866915683533,0.00048828125,18.212080142623577,12
historical_bias_feedback,overall,fairness_gap_ses,baseline,causal_light,0.07418252884064078,0.0336026864707902,0.04057984236985058,0.03710202955882908,0.044057655180872075,0.00048828125,7.413625505273759,12
historical_bias_feedback,normal,success_rate,baseline,causal_light,0.6305,0.6909166666666667,-0.060416666666666646,-0.06751493213287947,-0.05331840120045382,0.00048828125,-5.4079294148868575,12
historical_bias_feedback,normal,near_optimal_rate,baseline,causal_light,0.9423333333333334,0.9950000000000001,-0.05266666666666669,-0.057752030299153635,-0.04758130303417974,0.00048828125,-6.580218436857436,12
historical_bias_feedback,normal,avg_cost,baseline,causal_light,0.45678749999999996,0.37842916666666665,0.07835833333333332,0.07157702739022354,0.08513963927644311,0.00048828125,7.341728889276777,12
historical_bias_feedback,normal,fairness_gap_ses,baseline,causal_light,0.06606549909574014,0.03270715854427401,0.03335834055146613,0.028123334670222367,0.038593346432709896,0.00048828125,4.048682826108831,12
historical_bias_feedback,surface_shift,success_rate,baseline,causal_light,0.6310833333333333,0.6869166666666667,-0.05583333333333334,-0.06825693656257725,-0.04340973010408943,0.00048828125,-2.8554362923457832,12
historical_bias_feedback,surface_shift,near_optimal_rate,baseline,causal_light,0.9439166666666666,0.9954166666666665,-0.05150000000000001,-0.057993669230819334,-0.04500633076918069,0.00048828125,-5.0389907053011695,12
historical_bias_feedback,surface_shift,avg_cost,baseline,causal_light,0.46291666666666664,0.3822583333333332,0.08065833333333335,0.07058519744714224,0.09073146921952445,0.00048828125,5.08757755374491,12
historical_bias_feedback,surface_shift,fairness_gap_ses,baseline,causal_light,0.06509517581195191,0.03756169097629759,0.02753348483565432,0.020221570495599583,0.03484539917570906,0.00048828125,2.392525518967248,12
historical_bias_feedback,adversarial,success_rate,baseline,causal_light,0.5669999999999998,0.678,-0.11100000000000003,-0.11621129920361718,-0.10578870079638288,0.00048828125,-13.533292282368006,12
historical_bias_feedback,adversarial,near_optimal_rate,baseline,causal_light,0.8519166666666668,0.9889166666666666,-0.137,-0.1441576895513422,-0.12984231044865782,0.00048828125,-12.161137548586664,12
historical_bias_feedback,adversarial,avg_cost,baseline,causal_light,0.55675,0.4042583333333332,0.15249166666666666,0.14657999901995994,0.1584033343133734,0.00048828125,16.38938254996801,12
historical_bias_feedback,adversarial,fairness_gap_ses,baseline,causal_light,0.09460834893826041,0.042049804005836494,0.05255854493242392,0.047945099237680776,0.05717199062716707,0.00048828125,7.238430550550773,12
historical_bias_feedback,degradation,success_rate_drop,baseline,causal_light,0.06350000000000001,0.012916666666666623,0.05058333333333339,0.041033713930517475,0.060132952736149305,0.00048828125,3.3654866574617355,12
historical_bias_feedback,degradation,fairness_gap_increase,baseline,causal_light,0.028542849842520274,0.009342645461562481,0.019200204380957795,0.013858797198201569,0.02454161156371402,0.00048828125,2.283897751429321,12
historical_bias_feedback,degradation,near_optimal_rate_drop,baseline,causal_light,0.09041666666666666,0.006083333333333339,0.08433333333333333,0.07437408890282568,0.09429257776384098,0.00048828125,5.380211722407523,12
historical_bias_feedback,overall,success_rate,baseline,stability_filtered,0.6095277777777778,0.6856111111111112,-0.07608333333333332,-0.10591450760712301,-0.04625215905954363,0.00048828125,-1.620487456082325,12
historical_bias_feedback,overall,near_optimal_rate,baseline,stability_filtered,0.9127222222222223,0.9932499999999999,-0.08052777777777778,-0.08408141961091661,-0.07697413594463895,0.00048828125,-14.39788008762362,12
historical_bias_feedback,overall,avg_cost,baseline,stability_filtered,0.4921513888888889,0.34483749999999996,0.14731388888888886,0.08951699801099738,0.20511077976678033,0.00048828125,1.619443158632394,12
historical_bias_feedback,overall,fairness_gap_ses,baseline,stability_filtered,0.07418252884064078,0.010845977270243482,0.06333655157039729,0.05854986666850691,0.06812323647228767,0.00048828125,8.407097143961321,12
historical_bias_feedback,normal,success_rate,baseline,stability_filtered,0.6305,0.6830833333333333,-0.052583333333333336,-0.08593263128302984,-0.019234035383636827,0.001953125,-1.0018158735774807,12
historical_bias_feedback,normal,near_optimal_rate,baseline,stability_filtered,0.9423333333333334,0.9935833333333334,-0.05125000000000002,-0.05608219049170981,-0.04641780950829023,0.00048828125,-6.738702981894441,12
historical_bias_feedback,normal,avg_cost,baseline,stability_filtered,0.45678749999999996,0.34775833333333334,0.10902916666666662,0.04588658662149245,0.1721717467118408,0.00048828125,1.0971016307076147,12
historical_bias_feedback,normal,fairness_gap_ses,baseline,stability_filtered,0.06606549909574014,0.02059881626618025,0.04546668282955988,0.037858778176854575,0.053074587482265186,0.00048828125,3.7971233042454586,12
historical_bias_feedback,surface_shift,success_rate,baseline,stability_filtered,0.6310833333333333,0.6880000000000001,-0.05691666666666667,-0.09026596461636319,-0.023567368716970155,0.00244140625,-1.084374392477685,12
historical_bias_feedback,surface_shift,near_optimal_rate,baseline,stability_filtered,0.9439166666666666,0.9943333333333334,-0.05041666666666667,-0.05593217550322826,-0.044901157830105086,0.00048828125,-5.807845238825943,12
historical_bias_feedback,surface_shift,avg_cost,baseline,stability_filtered,0.46291666666666664,0.3411958333333333,0.12172083333333328,0.06145724716481466,0.1819844195018519,0.00048828125,1.2833243544460742,12
historical_bias_feedback,surface_shift,fairness_gap_ses,baseline,stability_filtered,0.06509517581195191,0.020844818798343472,0.04425035701360844,0.034045729241178824,0.05445498478603805,0.00048828125,2.7551554183931386,12
historical_bias_feedback,adversarial,success_rate,baseline,stability_filtered,0.5669999999999998,0.6857500000000001,-0.11875000000000001,-0.1442960351034799,-0.09320396489652012,0.00048828125,-2.9534974826656257,12
historical_bias_feedback,adversarial,near_optimal_rate,baseline,stability_filtered,0.8519166666666668,0.9918333333333332,-0.1399166666666667,-0.14817628746882985,-0.13165704586450352,0.00048828125,-10.763061753235933,12
historical_bias_feedback,adversarial,avg_cost,baseline,stability_filtered,0.55675,0.34555833333333336,0.21119166666666664,0.15979765839667098,0.2625856749366623,0.00048828125,2.610903249876412,12
historical_bias_feedback,adversarial,fairness_gap_ses,baseline,stability_filtered,0.09460834893826041,0.016790830723477954,0.07781751821478246,0.07245509554781783,0.08317994088174709,0.00048828125,9.220252726696085,12
historical_bias_feedback,degradation,success_rate_drop,baseline,stability_filtered,0.06350000000000001,-0.002666666666666669,0.06616666666666668,0.052784537211686515,0.07954879612164684,0.00048828125,3.141525005640965,12
historical_bias_feedback,degradation,fairness_gap_increase,baseline,stability_filtered,0.028542849842520274,-0.0038079855427022944,0.03235083538522257,0.022852662202582787,0.041849008567862354,0.00048828125,2.164073003120376,12
historical_bias_feedback,degradation,near_optimal_rate_drop,baseline,stability_filtered,0.09041666666666666,0.0017500000000000016,0.08866666666666667,0.07915217957423391,0.09818115375909943,0.00048828125,5.921087677047131,12
historical_bias_feedback,overall,success_rate,baseline,structural_causal,0.6095277777777778,0.6943888888888888,-0.0848611111111111,-0.10002725159259696,-0.06969497062962524,0.00048828125,-3.555168020420575,12
historical_bias_feedback,overall,near_optimal_rate,baseline,structural_causal,0.9127222222222223,0.9889722222222223,-0.07625,-0.08017409274426893,-0.07232590725573107,0.00048828125,-12.346022842993685,12
historical_bias_feedback,overall,avg_cost,baseline,structural_causal,0.4921513888888889,0.2734972222222222,0.21865416666666668,0.18118782281347162,0.25612051051986173,0.00048828125,3.7080273979321223,12
historical_bias_feedback,overall,fairness_gap_ses,baseline,structural_causal,0.07418252884064078,0.007555989681360478,0.06662653915928031,0.06171753425662424,0.07153554406193638,0.00048828125,8.62343472716496,12
historical_bias_feedback,normal,success_rate,baseline,structural_causal,0.6305,0.6928333333333333,-0.0623333333333333,-0.08307852439365424,-0.04158814227301238,0.0009765625,-1.9091031938419503,12
historical_bias_feedback,normal,near_optimal_rate,baseline,structural_causal,0.9423333333333334,0.9902500000000001,-0.047916666666666684,-0.0531732506108123,-0.042660082722521066,0.00048828125,-5.791745711911135,12
historical_bias_feedback,normal,avg_cost,baseline,structural_causal,0.45678749999999996,0.26971666666666666,0.1870708333333333,0.14946272081738704,0.22467894584927955,0.00048828125,3.1604653605738733,12
historical_bias_feedback,normal,fairness_gap_ses,baseline,structural_causal,0.06606549909574014,0.011931254991790574,0.05413424410394955,0.04730608568195083,0.06096240252594827,0.00048828125,5.037267096682715,12
historical_bias_feedback,surface_shift,success_rate,baseline,structural_causal,0.6310833333333333,0.6942499999999999,-0.06316666666666663,-0.07690869923557855,-0.04942463409775472,0.00048828125,-2.920542143114573,12
historical_bias_feedback,surface_shift,near_optimal_rate,baseline,structural_causal,0.9439166666666666,0.9903333333333332,-0.04641666666666667,-0.05341600886052028,-0.039417324472813056,0.00048828125,-4.213502093484142,12
historical_bias_feedback,surface_shift,avg_cost,baseline,structural_causal,0.46291666666666664,0.2687375,0.19417916666666665,0.1600525938786146,0.22830573945471871,0.00048828125,3.615234297826462,12
historical_bias_feedback,surface_shift,fairness_gap_ses,baseline,structural_causal,0.06509517581195191,0.01680726542638459,0.04828791038556732,0.04103569040542228,0.055540130365712356,0.00048828125,4.230521772285392,12
historical_bias_feedback,adversarial,success_rate,baseline,structural_causal,0.5669999999999998,0.6960833333333333,-0.12908333333333333,-0.1475904534126622,-0.11057621325400445,0.00048828125,-4.431572107800742,12
historical_bias_feedback,adversarial,near_optimal_rate,baseline,structural_causal,0.8519166666666668,0.9863333333333334,-0.13441666666666666,-0.14240065033695984,-0.12643268299637347,0.00048828125,-10.696950169056842,12
historical_bias_feedback,adversarial,avg_cost,baseline,structural_causal,0.55675,0.2820375,0.27471249999999997,0.2315866383365764,0.31783836166342355,0.00048828125,4.047316123034487,12
historical_bias_feedback,adversarial,fairness_gap_ses,baseline,structural_causal,0.09460834893826041,0.014371109741380996,0.0802372391968794,0.0743074214009732,0.08616705699278561,0.00048828125,8.597280951159956,12
historical_bias_feedback,degradation,success_rate_drop,baseline,structural_causal,0.06350000000000001,-0.003250000000000012,0.06675000000000002,0.05218019710944998,0.08131980289055005,0.00048828125,2.910878544325432,12
historical_bias_feedback,degradation,fairness_gap_increase,baseline,structural_causal,0.028542849842520274,0.0024398547495904205,0.02610299509292985,0.01591001337381506,0.03629597681204465,0.00048828125,1.6271050304564763,12
historical_bias_feedback,degradation,near_optimal_rate_drop,baseline,structural_causal,0.09041666666666666,0.00391666666666667,0.08649999999999998,0.07742712796515333,0.09557287203484663,0.00048828125,6.057561237808451,12
historical_bias_feedback,overall,success_rate,baseline,workflow,0.6095277777777778,0.5637500000000001,0.04577777777777777,0.042417739460138285,0.04913781609541726,0.00048828125,8.656393053778292,12
historical_bias_feedback,overall,near_optimal_rate,baseline,workflow,0.9127222222222223,0.8694722222222224,0.04324999999999999,0.0384960791129985,0.04800392088700148,0.00048828125,5.780436744767618,12
historical_bias_feedback,overall,avg_cost,baseline,workflow,0.4921513888888889,0.5579722222222222,-0.06582083333333331,-0.07150749533847427,-0.06013417132819236,0.00048828125,-7.354149456547565,12
historical_bias_feedback,overall,fairness_gap_ses,baseline,workflow,0.07418252884064078,0.04034438040356171,0.033838148437079066,0.030521481504468748,0.037154815369689384,0.00048828125,6.482331276872851,12
historical_bias_feedback,normal,success_rate,baseline,workflow,0.6305,0.5744999999999999,0.05600000000000002,0.04896122580773374,0.0630387741922663,0.00048828125,5.0549572295512695,12
historical_bias_feedback,normal,near_optimal_rate,baseline,workflow,0.9423333333333334,0.8848333333333334,0.05749999999999997,0.050600777728090324,0.06439922227190961,0.00048828125,5.2953442549772065,12
historical_bias_feedback,normal,avg_cost,baseline,workflow,0.45678749999999996,0.53745,-0.08066250000000001,-0.09035888870928899,-0.07096611129071104,0.00048828125,-5.2855252548825975,12
historical_bias_feedback,normal,fairness_gap_ses,baseline,workflow,0.06606549909574014,0.037787850820070905,0.02827764827566923,0.02199860921218261,0.03455668733915585,0.00048828125,2.8613869672774825,12
historical_bias_feedback,surface_shift,success_rate,baseline,workflow,0.6310833333333333,0.5709166666666667,0.06016666666666668,0.04839218044573434,0.07194115288759903,0.00048828125,3.246687411261743,12
historical_bias_feedback,surface_shift,near_optimal_rate,baseline,workflow,0.9439166666666666,0.8843333333333333,0.059583333333333315,0.05043810883500794,0.0687285578316587,0.00048828125,4.13958606231045,12
historical_bias_feedback,surface_shift,avg_cost,baseline,workflow,0.46291666666666664,0.5423125,-0.07939583333333333,-0.09214166266860789,-0.06665000399805877,0.00048828125,-3.9578205915990115,12
historical_bias_feedback,surface_shift,fairness_gap_ses,baseline,workflow,0.06509517581195191,0.0343045401063028,0.030790635705649095,0.023726851056608145,0.03785442035469005,0.00048828125,2.7695403459940953,12
historical_bias_feedback,adversarial,success_rate,baseline,workflow,0.5669999999999998,0.5458333333333333,0.021166666666666622,0.016121150971017115,0.02621218236231613,0.00048828125,2.665467554362153,12
historical_bias_feedback,adversarial,near_optimal_rate,baseline,workflow,0.8519166666666668,0.8392499999999999,0.012666666666666668,0.0049259902718214905,0.020407343061511846,0.0078125,1.0397044946678242,12
historical_bias_feedback,adversarial,avg_cost,baseline,workflow,0.55675,0.5941541666666668,-0.03740416666666669,-0.0445404235906775,-0.030267909742655877,0.00048828125,-3.330243562252847,12
historical_bias_feedback,adversarial,fairness_gap_ses,baseline,workflow,0.09460834893826041,0.05634465559830646,0.038263693339953955,0.03144885937287408,0.04507852730703383,0.00048828125,3.56745167833391,12
historical_bias_feedback,degradation,success_rate_drop,baseline,workflow,0.06350000000000001,0.028666666666666608,0.034833333333333404,0.024660802054877057,0.04500586461178975,0.0009765625,2.1756673440236485,12
historical_bias_feedback,degradation,fairness_gap_increase,baseline,workflow,0.028542849842520274,0.018556804778235552,0.009986045064284722,-0.0005755498190395513,0.020547639947608998,0.06103515625,0.6007454745454286,12
historical_bias_feedback,degradation,near_optimal_rate_drop,baseline,workflow,0.09041666666666666,0.045583333333333365,0.0448333333333333,0.03360774232875717,0.05605892433790943,0.00048828125,2.5375716049396053,12
historical_bias_feedback,overall,success_rate,causal_light,stability_filtered,0.6852777777777778,0.6856111111111112,-0.0003333333333333244,-0.02920533934626234,0.02853867267959569,0.98193359375,-0.007335475605027151,12
historical_bias_feedback,overall,near_optimal_rate,causal_light,stability_filtered,0.993111111111111,0.9932499999999999,-0.0001388888888888921,-0.0025118609758703696,0.0022340831980925857,0.89404296875,-0.03718787523495033,12
historical_bias_feedback,overall,avg_cost,causal_light,stability_filtered,0.3883152777777778,0.34483749999999996,0.04347777777777776,-0.014051019619693662,0.10100657517524919,0.11865234375,0.48018493905806564,12
historical_bias_feedback,overall,fairness_gap_ses,causal_light,stability_filtered,0.0336026864707902,0.010845977270243482,0.022756709200546718,0.019239463632434697,0.02627395476865874,0.00048828125,4.110865428463614,12
historical_bias_feedback,normal,success_rate,causal_light,stability_filtered,0.6909166666666667,0.6830833333333333,0.007833333333333312,-0.023236455024363348,0.03890312169102997,0.5791015625,0.1601897796482443,12
historical_bias_feedback,normal,near_optimal_rate,causal_light,stability_filtered,0.9950000000000001,0.9935833333333334,0.0014166666666666679,-0.0017481253756774704,0.004581458709010806,0.40625,0.28441270232134547,12
historical_bias_feedback,normal,avg_cost,causal_light,stability_filtered,0.37842916666666665,0.34775833333333334,0.030670833333333314,-0.02925260291854858,0.09059426958521521,0.28125,0.32520360987277674,12
historical_bias_feedback,normal,fairness_gap_ses,causal_light,stability_filtered,0.03270715854427401,0.02059881626618025,0.012108342278093757,0.005976958672215754,0.018239725883971762,0.001953125,1.2547369634349859,12
historical_bias_feedback,surface_shift,success_rate,causal_light,stability_filtered,0.6869166666666667,0.6880000000000001,-0.0010833333333333344,-0.029280707042731568,0.027114040376064897,0.935546875,-0.024410683362426955,12
historical_bias_feedback,surface_shift,near_optimal_rate,causal_light,stability_filtered,0.9954166666666665,0.9943333333333334,0.0010833333333333344,-0.0017768997055729243,0.003943566372239593,0.484375,0.2406507273740717,12
historical_bias_feedback,surface_shift,avg_cost,causal_light,stability_filtered,0.3822583333333332,0.3411958333333333,0.04106249999999994,-0.017836365231902948,0.09996136523190283,0.14794921875,0.44296044895241254,12
historical_bias_feedback,surface_shift,fairness_gap_ses,causal_light,stability_filtered,0.03756169097629759,0.020844818798343472,0.016716872177954117,0.008372609971543162,0.025061134384365073,0.00244140625,1.2728979011050912,12
historical_bias_feedback,adversarial,success_rate,causal_light,stability_filtered,0.678,0.6857500000000001,-0.007749999999999979,-0.03651774558438384,0.021017745584383882,0.56689453125,-0.17116791659427022,12
historical_bias_feedback,adversarial,near_optimal_rate,causal_light,stability_filtered,0.9889166666666666,0.9918333333333332,-0.0029166666666666694,-0.00568562673485282,-0.00014770659848051867,0.05224609375,-0.669262662662494,12
historical_bias_feedback,adversarial,avg_cost,causal_light,stability_filtered,0.4042583333333332,0.34555833333333336,0.058699999999999954,0.004333111481214298,0.1130668885187856,0.060546875,0.6860094749265286,12
historical_bias_feedback,adversarial,fairness_gap_ses,causal_light,stability_filtered,0.042049804005836494,0.016790830723477954,0.025258973282358533,0.020653645824505754,0.029864300740211312,0.00048828125,3.484830580130877,12
historical_bias_feedback,degradation,success_rate_drop,causal_light,stability_filtered,0.012916666666666623,-0.002666666666666669,0.015583333333333291,0.004748266060890833,0.02641840060577575,0.01318359375,0.9138085974521205,12
historical_bias_feedback,degradation,fairness_gap_increase,causal_light,stability_filtered,0.009342645461562481,-0.0038079855427022944,0.013150631004264779,0.005550098230636932,0.020751163777892625,0.005859375,1.0993324492118635,12
historical_bias_feedback,degradation,near_optimal_rate_drop,causal_light,stability_filtered,0.006083333333333339,0.0017500000000000016,0.0043333333333333375,0.0019508574581461996,0.006715809208520475,0.00537109375,1.1556333786054844,12
historical_bias_feedback,overall,success_rate,causal_light,structural_causal,0.6852777777777778,0.6943888888888888,-0.009111111111111098,-0.02651993916659823,0.008297716944376036,0.2724609375,-0.3325280598686764,12
historical_bias_feedback,overall,near_optimal_rate,causal_light,structural_causal,0.993111111111111,0.9889722222222223,0.004138888888888896,0.0013068326440397017,0.00697094513373809,0.0126953125,0.9285566075892837,12
historical_bias_feedback,overall,avg_cost,causal_light,structural_causal,0.3883152777777778,0.2734972222222222,0.11481805555555553,0.07503585021895554,0.15460026089215553,0.0009765625,1.8337825025210674,12
historical_bias_feedback,overall,fairness_gap_ses,causal_light,structural_causal,0.0336026864707902,0.007555989681360478,0.02604669678942972,0.021971427008127598,0.030121966570731844,0.00048828125,4.060904549426616,12
historical_bias_feedback,normal,success_rate,causal_light,structural_causal,0.6909166666666667,0.6928333333333333,-0.0019166666666666592,-0.019498388342429878,0.015665055009096557,0.837890625,-0.06926465582668158,12
historical_bias_feedback,normal,near_optimal_rate,causal_light,structural_causal,0.9950000000000001,0.9902500000000001,0.004750000000000004,0.001073779719929,0.008426220280071008,0.0185546875,0.8209535296808531,12
historical_bias_feedback,normal,avg_cost,causal_light,structural_causal,0.37842916666666665,0.26971666666666666,0.10871249999999998,0.07037553559423135,0.1470494644057686,0.0009765625,1.8017239550470499,12
historical_bias_feedback,normal,fairness_gap_ses,causal_light,structural_causal,0.03270715854427401,0.011931254991790574,0.020775903552483436,0.014383907184458235,0.027167899920508637,0.00048828125,2.065141871815401,12
historical_bias_feedback,surface_shift,success_rate,causal_light,structural_causal,0.6869166666666667,0.6942499999999999,-0.007333333333333293,-0.026219050969959003,0.011552384303292418,0.42041015625,-0.2467143582638791,12
historical_bias_feedback,surface_shift,near_optimal_rate,causal_light,structural_causal,0.9954166666666665,0.9903333333333332,0.005083333333333338,0.0019418192683433254,0.00822484739832335,0.0078125,1.0281016872018804,12
historical_bias_feedback,surface_shift,avg_cost,causal_light,structural_causal,0.3822583333333332,0.2687375,0.1135208333333333,0.07150507779561793,0.15553658887104865,0.00146484375,1.7166821221501911,12
historical_bias_feedback,surface_shift,fairness_gap_ses,causal_light,structural_causal,0.03756169097629759,0.01680726542638459,0.020754425549913,0.012807689848057946,0.028701161251768054,0.00048828125,1.6593898887621163,12
historical_bias_feedback,adversarial,success_rate,causal_light,structural_causal,0.678,0.6960833333333333,-0.018083333333333295,-0.036899208030379486,0.0007325413637128964,0.0703125,-0.6106334162426178,12
historical_bias_feedback,adversarial,near_optimal_rate,causal_light,structural_causal,0.9889166666666666,0.9863333333333334,0.0025833333333333355,-0.0004992168274334445,0.005665883494100115,0.10546875,0.5324720139691258,12
historical_bias_feedback,adversarial,avg_cost,causal_light,structural_causal,0.4042583333333332,0.2820375,0.12222083333333332,0.08130633865120501,0.16313532801546163,0.0009765625,1.8979927104880983,12
historical_bias_feedback,adversarial,fairness_gap_ses,causal_light,structural_causal,0.042049804005836494,0.014371109741380996,0.027678694264455492,0.02207985533736364,0.033277533191547345,0.00048828125,3.141044696849788,12
historical_bias_feedback,degradation,success_rate_drop,causal_light,structural_causal,0.012916666666666623,-0.003250000000000012,0.016166666666666635,0.005269539068548743,0.027063794264784526,0.0087890625,0.9426162860488304,12
historical_bias_feedback,degradation,fairness_gap_increase,causal_light,structural_causal,0.009342645461562481,0.0024398547495904205,0.006902790711972061,-0.002472973304592595,0.016278554728536718,0.130859375,0.46778310211397695,12
historical_bias_feedback,degradation,near_optimal_rate_drop,causal_light,structural_causal,0.006083333333333339,0.00391666666666667,0.0021666666666666687,-0.0008114281773172537,0.005144761510650591,0.154296875,0.46225335144219376,12
historical_bias_feedback,overall,success_rate,causal_light,workflow,0.6852777777777778,0.5637500000000001,0.12152777777777779,0.11945766963398231,0.12359788592157327,0.00048828125,37.30001565366433,12
historical_bias_feedback,overall,near_optimal_rate,causal_light,workflow,0.993111111111111,0.8694722222222224,0.1236388888888889,0.12010134821540736,0.12717642956237044,0.00048828125,22.20650147256631,12
historical_bias_feedback,overall,avg_cost,causal_light,workflow,0.3883152777777778,0.5579722222222222,-0.16965694444444443,-0.17276545995896306,-0.1665484289299258,0.00048828125,-34.67728542490647,12
historical_bias_feedback,overall,fairness_gap_ses,causal_light,workflow,0.0336026864707902,0.04034438040356171,-0.006741693932771517,-0.010295649733573976,-0.0031877381319690584,0.00244140625,-1.2052676527828003,12
historical_bias_feedback,normal,success_rate,causal_light,workflow,0.6909166666666667,0.5744999999999999,0.11641666666666667,0.11303872496298756,0.11979460837034578,0.00048828125,21.897246189660674,12
historical_bias_feedback,normal,near_optimal_rate,causal_light,workflow,0.9950000000000001,0.8848333333333334,0.11016666666666665,0.10352583982952554,0.11680749350380776,0.00048828125,10.54033816429342,12
historical_bias_feedback,normal,avg_cost,causal_light,workflow,0.37842916666666665,0.53745,-0.1590208333333333,-0.1632534607347934,-0.1547882059318732,0.00048828125,-23.870992546805496,12
historical_bias_feedback,normal,fairness_gap_ses,causal_light,workflow,0.03270715854427401,0.037787850820070905,-0.005080692275796894,-0.009190398934217112,-0.0009709856173766756,0.02490234375,-0.7854861991352978,12
historical_bias_feedback,surface_shift,success_rate,causal_light,workflow,0.6869166666666667,0.5709166666666667,0.11600000000000003,0.110375501805704,0.12162449819429606,0.00048828125,13.103903883337987,12
historical_bias_feedback,surface_shift,near_optimal_rate,causal_light,workflow,0.9954166666666665,0.8843333333333333,0.11108333333333331,0.10559450453069429,0.11657216213597234,0.00048828125,12.858659889962707,12
historical_bias_feedback,surface_shift,avg_cost,causal_light,workflow,0.3822583333333332,0.5423125,-0.1600541666666667,-0.16485795378586374,-0.15525037954746965,0.00048828125,-21.169457202666983,12
historical_bias_feedback,surface_shift,fairness_gap_ses,causal_light,workflow,0.03756169097629759,0.0343045401063028,0.003257150869994785,-0.003045006373162973,0.009559308113152542,0.28173828125,0.32837881538039754,12
historical_bias_feedback,adversarial,success_rate,causal_light,workflow,0.678,0.5458333333333333,0.13216666666666663,0.12829869975805896,0.1360346335752743,0.00048828125,21.71029268330251,12
historical_bias_feedback,adversarial,near_optimal_rate,causal_light,workflow,0.9889166666666666,0.8392499999999999,0.14966666666666667,0.14117103789136515,0.1581622954419682,0.00048828125,11.193246046708126,12
historical_bias_feedback,adversarial,avg_cost,causal_light,workflow,0.4042583333333332,0.5941541666666668,-0.18989583333333335,-0.1950100203956584,-0.1847816462710083,0.00048828125,-23.59203032261835,12
historical_bias_feedback,adversarial,fairness_gap_ses,causal_light,workflow,0.042049804005836494,0.05634465559830646,-0.014294851592469968,-0.021137437038317122,-0.007452266146622814,0.00244140625,-1.327351402271778,12
historical_bias_feedback,degradation,success_rate_drop,causal_light,workflow,0.012916666666666623,0.028666666666666608,-0.015749999999999986,-0.021427265804842194,-0.010072734195157779,0.0009765625,-1.7626570464400144,12
historical_bias_feedback,degradation,fairness_gap_increase,causal_light,workflow,0.009342645461562481,0.018556804778235552,-0.009214159316673071,-0.01793036088746647,-0.0004979577458796708,0.04443359375,-0.6716684414049472,12
historical_bias_feedback,degradation,near_optimal_rate_drop,causal_light,workflow,0.006083333333333339,0.045583333333333365,-0.03950000000000003,-0.05196685350184832,-0.027033146498151733,0.00048828125,-2.0131064061786224,12
historical_bias_feedback,overall,success_rate,stability_filtered,structural_causal,0.6856111111111112,0.6943888888888888,-0.008777777777777773,-0.04149731751854201,0.02394176196298646,0.5634765625,-0.1704527009331402,12
historical_bias_feedback,overall,near_optimal_rate,stability_filtered,structural_causal,0.9932499999999999,0.9889722222222223,0.0042777777777777875,0.002593516394644625,0.00596203916091095,0.00048828125,1.6137461538599018,12
historical_bias_feedback,overall,avg_cost,stability_filtered,structural_causal,0.34483749999999996,0.2734972222222222,0.07134027777777778,0.005509777645875569,0.13717077790968,0.0361328125,0.6885478599546974,12
historical_bias_feedback,overall,fairness_gap_ses,stability_filtered,structural_causal,0.010845977270243482,0.007555989681360478,0.003289987588883004,-0.0003155596418027433,0.0068955348195687514,0.072265625,0.5797617537420127,12
historical_bias_feedback,normal,success_rate,stability_filtered,structural_causal,0.6830833333333333,0.6928333333333333,-0.009749999999999972,-0.042586578044484166,0.02308657804448422,0.525390625,-0.1886571263015592,12
historical_bias_feedback,normal,near_optimal_rate,stability_filtered,structural_causal,0.9935833333333334,0.9902500000000001,0.003333333333333336,0.0012115871445041787,0.005455079522162494,0.0078125,0.998186761880863,12
historical_bias_feedback,normal,avg_cost,stability_filtered,structural_causal,0.34775833333333334,0.26971666666666666,0.07804166666666666,0.012523267119737752,0.14356006621359557,0.029296875,0.7568150274038628,12
historical_bias_feedback,normal,fairness_gap_ses,stability_filtered,structural_causal,0.02059881626618025,0.011931254991790574,0.008667561274389673,0.0032936315866967892,0.014041490962082556,0.00732421875,1.0247818666884483,12
historical_bias_feedback,surface_shift,success_rate,stability_filtered,structural_causal,0.6880000000000001,0.6942499999999999,-0.00624999999999996,-0.03930824048133222,0.0268082404813323,0.6787109375,-0.12012316711299931,12
historical_bias_feedback,surface_shift,near_optimal_rate,stability_filtered,structural_causal,0.9943333333333334,0.9903333333333332,0.0040000000000000036,0.0011585403765830256,0.0068414596234169815,0.01318359375,0.8944271909999159,12
historical_bias_feedback,surface_shift,avg_cost,stability_filtered,structural_causal,0.3411958333333333,0.2687375,0.07245833333333335,0.003978351413877437,0.14093831525278927,0.0390625,0.6722815530013693,12
historical_bias_feedback,surface_shift,fairness_gap_ses,stability_filtered,structural_causal,0.020844818798343472,0.01680726542638459,0.00403755337195888,-0.0019612050309335037,0.010036311774851262,0.1572265625,0.4276449977174012,12
historical_bias_feedback,adversarial,success_rate,stability_filtered,structural_causal,0.6857500000000001,0.6960833333333333,-0.010333333333333314,-0.04474725116907817,0.024080584502411545,0.51416015625,-0.19077998617867153,12
historical_bias_feedback,adversarial,near_optimal_rate,stability_filtered,structural_causal,0.9918333333333332,0.9863333333333334,0.005500000000000005,0.0027975561014062273,0.008202443898593783,0.0029296875,1.2931011378712105,12
historical_bias_feedback,adversarial,avg_cost,stability_filtered,structural_causal,0.34555833333333336,0.2820375,0.06352083333333332,-0.0011152356433753452,0.12815690231004198,0.0595703125,0.6244069704852502,12
historical_bias_feedback,adversarial,fairness_gap_ses,stability_filtered,structural_causal,0.016790830723477954,0.014371109741380996,0.0024197209820969578,-0.0032552043544195903,0.008094646318613506,0.361328125,0.2709141129881329,12
historical_bias_feedback,degradation,success_rate_drop,stability_filtered,structural_causal,-0.002666666666666669,-0.003250000000000012,0.0005833333333333431,-0.011177508687155648,0.012344175353822335,0.92724609375,0.03151409711671925,12
historical_bias_feedback,degradation,fairness_gap_increase,stability_filtered,structural_causal,-0.0038079855427022944,0.0024398547495904205,-0.006247840292292715,-0.013285487785942688,0.0007898072013572581,0.07568359375,-0.5640646731129894,12
historical_bias_feedback,degradation,near_optimal_rate_drop,stability_filtered,structural_causal,0.0017500000000000016,0.00391666666666667,-0.0021666666666666687,-0.005526907243949241,0.0011935739106159037,0.19580078125,-0.4096832625173433,12
historical_bias_feedback,overall,success_rate,stability_filtered,workflow,0.6856111111111112,0.5637500000000001,0.12186111111111113,0.09295502296493335,0.1507671992572889,0.00048828125,2.678565694277917,12
historical_bias_feedback,overall,near_optimal_rate,stability_filtered,workflow,0.9932499999999999,0.8694722222222224,0.1237777777777778,0.11962428654194986,0.12793126901360577,0.00048828125,18.934588638697484,12
historical_bias_feedback,overall,avg_cost,stability_filtered,workflow,0.34483749999999996,0.5579722222222222,-0.21313472222222218,-0.27101009930243525,-0.15525934514200912,0.00048828125,-2.339843792800094,12
historical_bias_feedback,overall,fairness_gap_ses,stability_filtered,workflow,0.010845977270243482,0.04034438040356171,-0.029498403133318227,-0.034026446248611425,-0.024970360018025033,0.00048828125,-4.13918125297753,12
historical_bias_feedback,normal,success_rate,stability_filtered,workflow,0.6830833333333333,0.5744999999999999,0.10858333333333337,0.07878128896912996,0.13838537769753678,0.00048828125,2.3149606015590654,12
historical_bias_feedback,normal,near_optimal_rate,stability_filtered,workflow,0.9935833333333334,0.8848333333333334,0.10874999999999997,0.10253573719362781,0.11496426280637213,0.00048828125,11.119010516594514,12
historical_bias_feedback,normal,avg_cost,stability_filtered,workflow,0.34775833333333334,0.53745,-0.18969166666666662,-0.2485260667176925,-0.13085726661564073,0.00048828125,-2.0485351228910935,12
historical_bias_feedback,normal,fairness_gap_ses,stability_filtered,workflow,0.02059881626618025,0.037787850820070905,-0.017189034553890654,-0.025406213705742132,-0.008971855402039177,0.00146484375,-1.3290925399280313,12
historical_bias_feedback,surface_shift,success_rate,stability_filtered,workflow,0.6880000000000001,0.5709166666666667,0.11708333333333333,0.08611810913384886,0.1480485575328178,0.00048828125,2.402411182689705,12
historical_bias_feedback,surface_shift,near_optimal_rate,stability_filtered,workflow,0.9943333333333334,0.8843333333333333,0.10999999999999999,0.10372768961209174,0.11627231038790824,0.00048828125,11.142730713841818,12
historical_bias_feedback,surface_shift,avg_cost,stability_filtered,workflow,0.3411958333333333,0.5423125,-0.20111666666666664,-0.2600236272118495,-0.14220970612148376,0.00048828125,-2.1692416725263457,12
historical_bias_feedback,surface_shift,fairness_gap_ses,stability_filtered,workflow,0.020844818798343472,0.0343045401063028,-0.013459721307959338,-0.022927570152570846,-0.003991872463347831,0.0146484375,-0.9032568072555468,12
historical_bias_feedback,adversarial,success_rate,stability_filtered,workflow,0.6857500000000001,0.5458333333333333,0.13991666666666666,0.11264961018329862,0.16718372315003469,0.00048828125,3.260300898493372,12
historical_bias_feedback,adversarial,near_optimal_rate,stability_filtered,workflow,0.9918333333333332,0.8392499999999999,0.15258333333333332,0.14426173960672004,0.1609049270599466,0.00048828125,11.650030988828318,12
historical_bias_feedback,adversarial,avg_cost,stability_filtered,workflow,0.34555833333333336,0.5941541666666668,-0.24859583333333332,-0.30487372960878045,-0.1923179370578862,0.00048828125,-2.806612672993368,12
historical_bias_feedback,adversarial,fairness_gap_ses,stability_filtered,workflow,0.016790830723477954,0.05634465559830646,-0.0395538248748285,-0.04722261698272097,-0.031885032766936036,0.00048828125,-3.277087315678715,12
historical_bias_feedback,degradation,success_rate_drop,stability_filtered,workflow,-0.002666666666666669,0.028666666666666608,-0.031333333333333276,-0.04201102750168363,-0.02065563916498292,0.00048828125,-1.8644709137631896,12
historical_bias_feedback,degradation,fairness_gap_increase,stability_filtered,workflow,-0.0038079855427022944,0.018556804778235552,-0.02236479032093785,-0.03380457467434265,-0.010925005967533055,0.00244140625,-1.2421484002138758,12
historical_bias_feedback,degradation,near_optimal_rate_drop,stability_filtered,workflow,0.0017500000000000016,0.045583333333333365,-0.04383333333333336,-0.05566999275542001,-0.03199667391124671,0.00048828125,-2.352891158005466,12
historical_bias_feedback,overall,success_rate,structural_causal,workflow,0.6943888888888888,0.5637500000000001,0.13063888888888886,0.11286815545225878,0.14840962232551894,0.00048828125,4.670825224080795,12
historical_bias_feedback,overall,near_optimal_rate,structural_causal,workflow,0.9889722222222223,0.8694722222222224,0.1195,0.11483406317320415,0.12416593682679584,0.00048828125,16.27254728346833,12
historical_bias_feedback,overall,avg_cost,structural_causal,workflow,0.2734972222222222,0.5579722222222222,-0.284475,-0.32602802605869763,-0.24292197394130235,0.00048828125,-4.349786500442781,12
historical_bias_feedback,overall,fairness_gap_ses,structural_causal,workflow,0.007555989681360478,0.04034438040356171,-0.03278839072220124,-0.037628018673574994,-0.02794876277082748,0.00048828125,-4.30461799346458,12
historical_bias_feedback,normal,success_rate,structural_causal,workflow,0.6928333333333333,0.5744999999999999,0.11833333333333333,0.10007803159507166,0.13658863507159502,0.00048828125,4.118552192589225,12
historical_bias_feedback,normal,near_optimal_rate,structural_causal,workflow,0.9902500000000001,0.8848333333333334,0.10541666666666664,0.09856035443183725,0.11227297890149604,0.00048828125,9.768889199492593,12
historical_bias_feedback,normal,avg_cost,structural_causal,workflow,0.26971666666666666,0.53745,-0.2677333333333333,-0.30729360609840883,-0.2281730605682578,0.00048828125,-4.300011915931329,12
historical_bias_feedback,normal,fairness_gap_ses,structural_causal,workflow,0.011931254991790574,0.037787850820070905,-0.02585659582828033,-0.032834875922435995,-0.01887831573412466,0.00048828125,-2.354232989378464,12
historical_bias_feedback,surface_shift,success_rate,structural_causal,workflow,0.6942499999999999,0.5709166666666667,0.1233333333333333,0.10228955072555651,0.14437711594111008,0.00048828125,3.7237726171993986,12
historical_bias_feedback,surface_shift,near_optimal_rate,structural_causal,workflow,0.9903333333333332,0.8843333333333333,0.10599999999999998,0.09944165959475038,0.11255834040524959,0.00048828125,10.269242322779165,12
historical_bias_feedback,surface_shift,avg_cost,structural_causal,workflow,0.2687375,0.5423125,-0.273575,-0.31800758279441516,-0.22914241720558487,0.00048828125,-3.9120224681748983,12
historical_bias_feedback,surface_shift,fairness_gap_ses,structural_causal,workflow,0.01680726542638459,0.0343045401063028,-0.017497274679918216,-0.024811192505598788,-0.010183356854237643,0.00146484375,-1.520011327368117,12
historical_bias_feedback,adversarial,success_rate,structural_causal,workflow,0.6960833333333333,0.5458333333333333,0.15024999999999997,0.13243465378922287,0.16806534621077707,0.00048828125,5.358542819858424,12
historical_bias_feedback,adversarial,near_optimal_rate,structural_causal,workflow,0.9863333333333334,0.8392499999999999,0.14708333333333334,0.13794613830017266,0.15622052836649403,0.00048828125,10.227678316159674,12
historical_bias_feedback,adversarial,avg_cost,structural_causal,workflow,0.2820375,0.5941541666666668,-0.31211666666666665,-0.35468764336271585,-0.26954568997061745,0.00048828125,-4.6583255612338945,12
historical_bias_feedback,adversarial,fairness_gap_ses,structural_causal,workflow,0.014371109741380996,0.05634465559830646,-0.041973545856925455,-0.04924279326957369,-0.03470429844427722,0.00048828125,-3.6687042266253145,12
historical_bias_feedback,degradation,success_rate_drop,structural_causal,workflow,-0.003250000000000012,0.028666666666666608,-0.03191666666666662,-0.042113070991441987,-0.021720262341891255,0.00048828125,-1.9888268329338648,12
historical_bias_feedback,degradation,fairness_gap_increase,structural_causal,workflow,0.0024398547495904205,0.018556804778235552,-0.016116950028645136,-0.02762050086718301,-0.004613399190107264,0.013671875,-0.8901791841591868,12
historical_bias_feedback,degradation,near_optimal_rate_drop,structural_causal,workflow,0.00391666666666667,0.045583333333333365,-0.04166666666666669,-0.05469444518083537,-0.028638888152498015,0.00048828125,-2.032099098339239,12
